school_id,school_name,degree_type,campus_name,state_abbrev,school_website,aacom_profile_url,aacom_profile_title,aacom_city,aacom_state_abbrev,aacom_slug,match_status,match_score,match_reason,discovery_method,source_last_checked,fetch_status,review_status,notes
do_atsu_kcom_a_t_still_university_kirksville_college_of_osteopathic_medicine_kirksv,A.T. Still University – Kirksville College of Osteopathic Medicine,DO,ATSU-KCOM,MO,https://www.atsu.edu/kcom/,https://www.aacom.org/detail-pages/com/a-t-still-university-of-health-sciences---kirksville-college-of-osteopathic-medicine,A.T. Still University of Health Sciences - Kirksville College of Osteopathic Medicine,Kirksville,MO,a-t-still-university-of-health-sciences---kirksville-college-of-osteopathic-medicine,safe_match,1.42,High-confidence AACOM profile match. Location matched.,aacom_seed_fetch,2026-06-08,fetched,accepted_for_fetch,second_match_score=0.30; discovery_notes=https://www.aacom.org/sitemap.xml:fetched | https://www.aacom.org/sitemap_index.xml:fetch_failed_http_404 | https://www.aacom.org/wp-sitemap.xml:fetch_failed_http_404 | https://www.aacom.org/explore-med-schools/choose-do-explorer:fetched | https://www.aacom.org/explore-med-schools/choose-do-explorer?startRow=0&rowsPerPage=12:fetched | https://www.aacom.org/explore-med-schools/choose-do-explorer?startRow=12&rowsPerPage=12:fetched | https://www.aacom.org/explore-med-schools/choose-do-explorer?startRow=24&rowsPerPage=12:fetched | https://www.aacom.org/explore-med-schools/choose-do-explorer?startRow=36&rowsPerPage=12:fetched | https://www.aacom.org/explore-med-schools/choose-do-explorer?startRow=48&rowsPerPage=12:fetched | https://www.aacom.org/explore-med-schools/choose-do-explorer?startRow=60&rowsPerPage=12:fetched | https://www.aacom.org/explore-med-schools/choose-do-explorer?startRow=72&rowsPerPage=12:fetched | https://www.aacom.org/searches/reports/report/US-osteopathic-medical-schools-dashboard:fetched
do_atsu_soma_a_t_still_university_school_of_osteopathic_medicine_in_arizona_mesa_ar,"A.T. Still University, School of Osteopathic Medicine in Arizona",DO,ATSU-SOMA,AZ,https://www.atsu.edu/school-of-osteopathic-medicine-arizona/,https://www.aacom.org/detail-pages/com/a.t.-still-university-school-of-osteopathic-medicine-in-arizona,A.T. Still University-School of Osteopathic Medicine in Arizona,Mesa,AZ,a.t.-still-university-school-of-osteopathic-medicine-in-arizona,safe_match,1.42,High-confidence AACOM profile match. Location matched.,aacom_seed_fetch,2026-06-08,fetched,accepted_for_fetch,second_match_score=0.62
do_acom_alabama_college_of_osteopathic_medicine_dothan_alabama,Alabama College of Osteopathic Medicine,DO,ACOM,AL,https://www.acom.edu/,https://www.aacom.org/detail-pages/com/alabama-college-of-osteopathic-medicine,Alabama College of Osteopathic Medicine,Dothan,AL,alabama-college-of-osteopathic-medicine,safe_match,1.42,High-confidence AACOM profile match. Location matched.,aacom_seed_fetch,2026-06-08,fetched,accepted_for_fetch,second_match_score=0.37
do_arcom_arkansas_college_of_osteopathic_medicine_fort_smith_arkansas,Arkansas College of Osteopathic Medicine,DO,ARCOM,AR,http://arcomedu.org/,https://www.aacom.org/detail-pages/com/arkansas-college-of-osteopathic-medicine,Arkansas College of Osteopathic Medicine,Fort Smith,AR,arkansas-college-of-osteopathic-medicine,safe_match,1.42,High-confidence AACOM profile match. Location matched.,aacom_seed_fetch,2026-06-08,fetched,accepted_for_fetch,second_match_score=1.04
do_bucom_baptist_health_sciences_university_college_of_osteopathic_medicine_memphis,Baptist Health Sciences University College of Osteopathic Medicine,DO,BUCOM,TN,https://www.baptistu.edu/,https://www.aacom.org/detail-pages/com/baptist-health-sciences-university-college-of-osteopathic-medicine,Baptist Health Sciences University College of Osteopathic Medicine,Memphis,TN,baptist-health-sciences-university-college-of-osteopathic-medicine,safe_match,1.42,High-confidence AACOM profile match. Location matched.,aacom_seed_fetch,2026-06-08,fetched,accepted_for_fetch,second_match_score=0.17
do_bcsom_burrell_college_school_of_osteopathic_medicine_las_cruces_new_mexico,Burrell College School of Osteopathic Medicine,DO,BCSOM,NM,https://www.burrel.edu/,https://www.aacom.org/detail-pages/com/burrell-college-of-osteopathic-medicine,Burrell College of Health Sciences School of Osteopathic Medicine,Las Cruces,NM,burrell-college-of-osteopathic-medicine,safe_match,1.42,High-confidence AACOM profile match. Location matched.,aacom_seed_fetch,2026-06-08,fetched,accepted_for_fetch,second_match_score=0.00
do_bcsom_fl_burrell_college_school_of_osteopathic_medicine_florida_melbourne_florid,"Burrell College School of Osteopathic Medicine, Florida",DO,BCSOM-FL,FL,https://www.burrel.edu/,https://www.aacom.org/detail-pages/com/burrell-college---florida-campus,Burrell College of Osteopathic Medicine - Florida Campus,Melbourne,FL,burrell-college---florida-campus,safe_match,1.42,High-confidence AACOM profile match. Location matched.,aacom_seed_fetch,2026-06-08,fetched,accepted_for_fetch,second_match_score=0.45
do_chsu_com_california_health_sciences_university_college_of_osteopathic_medicine_c,California Health Sciences University College of Osteopathic Medicine,DO,CHSU-COM,CA,https://osteopathic.chsu.edu/,https://www.aacom.org/detail-pages/com/california-health-sciences-university-college-of-osteopathic-medicine,California Health Sciences University College of Osteopathic Medicine,Clovis,CA,california-health-sciences-university-college-of-osteopathic-medicine,safe_match,1.42,High-confidence AACOM profile match. Location matched.,aacom_seed_fetch,2026-06-08,fetched,accepted_for_fetch,second_match_score=1.04
do_cusom_campbell_university_jerry_m_wallace_school_of_osteopathic_medicine_buies_c,Campbell University Jerry M. Wallace School of Osteopathic Medicine,DO,CUSOM,NC,http://www.campbell.edu/cusom/,https://www.aacom.org/detail-pages/com/campbell-university-jerry-m.-wallace-school-of-osteopathic-medicine,Campbell University Jerry M. Wallace School of Osteopathic Medicine,Lillington,NC,campbell-university-jerry-m.-wallace-school-of-osteopathic-medicine,safe_match,1.04,High-confidence AACOM profile match.,aacom_seed_fetch,2026-06-08,fetched,accepted_for_fetch,second_match_score=0.00
do_dmu_com_des_moines_university_college_of_osteopathic_medicine_west_des_moines_io,Des Moines University College of Osteopathic Medicine,DO,DMU-COM,IA,https://www.dmu.edu/com/,https://www.aacom.org/detail-pages/com/des-moines-university-college-of-osteopathic-medicine,Des Moines University College of Osteopathic Medicine,West Des Moines,IA,des-moines-university-college-of-osteopathic-medicine,safe_match,1.42,High-confidence AACOM profile match. Location matched.,aacom_seed_fetch,2026-06-08,fetched,accepted_for_fetch,second_match_score=0.00
do_duqcom_duquesne_university_nasuti_college_of_osteopathic_medicine_pittsburgh_pen,Duquesne University Nasuti College of Osteopathic Medicine,DO,DUQCOM,PA,https://www.dmu.edu/com/,https://www.aacom.org/detail-pages/com/duquesne-university-college-of-osteopathic-medicine,Duquesne University Nasuti College of Osteopathic Medicine,Pittsburgh,PA,duquesne-university-college-of-osteopathic-medicine,safe_match,1.42,High-confidence AACOM profile match. Location matched.,aacom_seed_fetch,2026-06-08,fetched,accepted_for_fetch,second_match_score=0.37
do_dyu_com_d_youville_university_college_of_osteopathic_medicine_buffalo_new_york,D’Youville University College of Osteopathic Medicine,DO,DYU-COM,NY,https://www.dyu.edu/medicine,https://www.aacom.org/detail-pages/com/d'youville-university-college-of-osteopathic-medicine,D'Youville University College of Osteopathic Medicine,Buffalo,NY,d'youville-university-college-of-osteopathic-medicine,safe_match,1.37,High-confidence AACOM profile match. Location matched.,aacom_seed_fetch,2026-06-08,fetched,accepted_for_fetch,second_match_score=0.36
do_vcom_auburn_campus_edward_via_college_of_osteopathic_medicine_auburn_alabama,Edward Via College of Osteopathic Medicine,DO,VCOM-Auburn Campus,AL,http://www.vcom.edu/auburn,https://www.aacom.org/detail-pages/com/edward-via-college-of-osteopathic-medicine-auburn,Edward Via College of Osteopathic Medicine Auburn Campus,Auburn,AL,edward-via-college-of-osteopathic-medicine-auburn,safe_match,1.42,High-confidence AACOM profile match. Location matched.,aacom_seed_fetch,2026-06-08,fetched,accepted_for_fetch,second_match_score=0.37
do_vcom_carolinas_edward_via_college_of_osteopathic_medicine_spartanburg_south_caro,Edward Via College of Osteopathic Medicine,DO,VCOM-Carolinas,SC,http://www.vcom.edu/,https://www.aacom.org/detail-pages/com/edward-via-college-of-osteopathic-medicine-carolinas,Edward Via College of Osteopathic Medicine Carolinas Campus,Spartanburg,SC,edward-via-college-of-osteopathic-medicine-carolinas,safe_match,1.42,High-confidence AACOM profile match. Location matched.,aacom_seed_fetch,2026-06-08,fetched,accepted_for_fetch,second_match_score=0.00
do_vcom_virginia_edward_via_college_of_osteopathic_medicine_blacksburg_virginia,Edward Via College of Osteopathic Medicine,DO,VCOM-Virginia,VA,http://www.vcom.edu/,https://www.aacom.org/detail-pages/com/edward-via-college-of-osteopathic-medicine-virginia-campus,Edward Via College of Osteopathic Medicine Virginia Campus,Blacksburg,VA,edward-via-college-of-osteopathic-medicine-virginia-campus,safe_match,1.42,High-confidence AACOM profile match. Location matched.,aacom_seed_fetch,2026-06-08,fetched,accepted_for_fetch,second_match_score=0.19
do_vcom_louisiana_edward_via_college_of_osteopathic_medicine_louisiana_campus_monro,Edward Via College of Osteopathic Medicine-Louisiana Campus,DO,VCOM-Louisiana,LA,http://www.vcom.edu/,https://www.aacom.org/detail-pages/com/edward-via-college-of-osteopathic-medicine-louisiana,Edward Via College of Osteopathic Medicine Louisiana Campus,Monroe,LA,edward-via-college-of-osteopathic-medicine-louisiana,safe_match,1.42,High-confidence AACOM profile match. Location matched.,aacom_seed_fetch,2026-06-08,fetched,accepted_for_fetch,second_match_score=0.00
do_icom_idaho_college_of_osteopathic_medicine_meridian_idaho,Idaho College of Osteopathic Medicine,DO,ICOM,ID,http://www.idahocom.org/,https://www.aacom.org/detail-pages/com/idaho-college-of-osteopathic-medicine,Idaho College of Osteopathic Medicine,Meridian,ID,idaho-college-of-osteopathic-medicine,safe_match,1.42,High-confidence AACOM profile match. Location matched.,aacom_seed_fetch,2026-06-08,fetched,accepted_for_fetch,second_match_score=0.00
do_illinoiscom_illinois_college_of_osteopathic_medicine_chicago_illinois,Illinois College of Osteopathic Medicine,DO,IllinoisCOM,IL,https://www.thechicagoschool.edu/academics/colleges/illinoiscom/,https://www.aacom.org/detail-pages/com/illinois-college-of-osteopathic-medicine-at-the-chicago-school,Illinois College of Osteopathic Medicine at The Chicago School,Chicago,IL,illinois-college-of-osteopathic-medicine-at-the-chicago-school,safe_match,1.42,High-confidence AACOM profile match. Location matched.,aacom_seed_fetch,2026-06-08,fetched,accepted_for_fetch,second_match_score=0.63
do_iupcom_indiana_university_of_pennsylvania_college_of_osteopathic_medicine_indian,Indiana University of Pennsylvania College of Osteopathic Medicine,DO,IUPCOM,PA,https://www.iup.edu/academics/find-your-degree/programs/com/doctor-of-osteopathic-medicine.html,https://www.aacom.org/detail-pages/com/indiana-university-of-pennsylvania-college-of-osteopathic-medicine,Indiana University of Pennsylvania College of Osteopathic Medicine,Indiana,PA,indiana-university-of-pennsylvania-college-of-osteopathic-medicine,safe_match,1.42,High-confidence AACOM profile match. Location matched.,aacom_seed_fetch,2026-06-08,fetched,accepted_for_fetch,second_match_score=0.33
do_kcu_com_kansas_city_university_of_medicine_and_biosciences_college_of_osteopathi,Kansas City University of Medicine and Biosciences College of Osteopathic Medicine,DO,KCU-COM,MO,https://www.kcumb.edu/,https://www.aacom.org/detail-pages/com/kansas-city-university-college-of-osteopathic-medicine,Kansas City University College of Osteopathic Medicine,Kansas City,MO,kansas-city-university-college-of-osteopathic-medicine,safe_match,1.42,High-confidence AACOM profile match. Location matched.,aacom_seed_fetch,2026-06-08,fetched,accepted_for_fetch,second_match_score=1.04
do_kcu_com_joplin_kansas_city_university_of_medicine_and_biosciences_college_of_ost,Kansas City University of Medicine and Biosciences College of Osteopathic Medicine,DO,KCU-COM-Joplin,MO,http://www.kcumb.edu/about-kcu/joplin,https://www.aacom.org/detail-pages/com/kansas-city-university-college-of-osteopathic-medicine---joplin-campus,Kansas City University College of Osteopathic Medicine - Joplin Campus,Joplin,MO,kansas-city-university-college-of-osteopathic-medicine---joplin-campus,safe_match,1.42,High-confidence AACOM profile match. Location matched.,aacom_seed_fetch,2026-06-08,fetched,accepted_for_fetch,second_match_score=0.71
do_kansascom_kansas_health_sciences_center_kansas_college_of_osteopathic_medicine_w,Kansas Health Sciences Center Kansas College of Osteopathic Medicine,DO,KansasCOM,KS,https://kansascom.kansashsc.org/,https://www.aacom.org/detail-pages/com/kansas-health-science-center-kansas-college-of-osteopathic-medicine,Kansas Health Science University-Kansas College of Osteopathic Medicine,Wichita,KS,kansas-health-science-center-kansas-college-of-osteopathic-medicine,safe_match,1.42,High-confidence AACOM profile match. Location matched.,aacom_seed_fetch,2026-06-08,fetched,accepted_for_fetch,second_match_score=0.00
do_lecom_bradenton_lake_erie_college_of_osteopathic_medicine_bradenton_bradenton_fl,Lake Erie College of Osteopathic Medicine – Bradenton,DO,LECOM-Bradenton,FL,https://lecom.edu/academics/the-college-of-medicine/,https://www.aacom.org/detail-pages/com/lake-erie-college-of-osteopathic-medicine-bradenton,Lake Erie College of Osteopathic Medicine - Bradenton Campus,Bradenton,FL,lake-erie-college-of-osteopathic-medicine-bradenton,safe_match,1.42,High-confidence AACOM profile match. Location matched.,aacom_seed_fetch,2026-06-08,fetched,accepted_for_fetch,second_match_score=1.04
do_lecom_elmira_lake_erie_college_of_osteopathic_medicine_elmira_elmira_new_york,Lake Erie College of Osteopathic Medicine – Elmira,DO,LECOM-Elmira,NY,https://lecom.edu/academics/the-college-of-medicine/,https://www.aacom.org/detail-pages/com/lecom-at-elmira,Lake Erie College of Osteopathic Medicine at Elmira,Elmira,NY,lecom-at-elmira,safe_match,1.54,High-confidence AACOM profile match. Location matched.,aacom_seed_fetch,2026-06-08,fetched,accepted_for_fetch,second_match_score=0.39
do_lecom_lake_erie_college_of_osteopathic_medicine_erie_erie_pennsylvania,Lake Erie College of Osteopathic Medicine – Erie,DO,LECOM,PA,https://lecom.edu/academics/the-college-of-medicine/,https://www.aacom.org/detail-pages/com/lake-erie-college-of-osteopathic-medicine,Lake Erie College of Osteopathic Medicine,Erie,PA,lake-erie-college-of-osteopathic-medicine,safe_match,1.42,High-confidence AACOM profile match. Location matched.,aacom_seed_fetch,2026-06-08,fetched,accepted_for_fetch,second_match_score=1.04
do_lecom_jacksonville_lake_erie_college_of_osteopathic_medicine_jacksonville_jackso,Lake Erie College of Osteopathic Medicine – Jacksonville,DO,LECOM-Jacksonville,FL,https://lecom.edu/college-of-osteopathic-medicine/jacksonville-fl/,https://www.aacom.org/detail-pages/com/lake-erie-college-of-osteopathic-medicine-at-jacksonville-university,Lake Erie College of Osteopathic Medicine at Jacksonville University,Jacksonville,FL,lake-erie-college-of-osteopathic-medicine-at-jacksonville-university,safe_match,1.42,High-confidence AACOM profile match. Location matched.,aacom_seed_fetch,2026-06-08,fetched,accepted_for_fetch,second_match_score=1.04
do_lecom_seton_hill_lake_erie_college_of_osteopathic_medicine_seton_hill_greensburg,Lake Erie College of Osteopathic Medicine – Seton Hill,DO,LECOM-Seton Hill,PA,https://lecom.edu/academics/the-college-of-medicine/,https://www.aacom.org/detail-pages/com/lecom-at-seton-hill,Lake Erie College of Osteopathic Medicine at Seton Hill,,,lecom-at-seton-hill,safe_match,1.16,High-confidence AACOM profile match.,aacom_seed_fetch,2026-06-08,fetched,accepted_for_fetch,second_match_score=1.08
do_lucom_liberty_university_college_of_osteopathic_medicine_lynchburg_virginia,Liberty University College of Osteopathic Medicine,DO,LUCOM,VA,http://www.liberty.edu/lucom/,https://www.aacom.org/detail-pages/com/liberty-university-college-of-osteopathic-medicine,Liberty University College of Osteopathic Medicine,Lynchburg,VA,liberty-university-college-of-osteopathic-medicine,safe_match,1.42,High-confidence AACOM profile match. Location matched.,aacom_seed_fetch,2026-06-08,fetched,accepted_for_fetch,second_match_score=0.24
do_lmu_dcom_lincoln_memorial_university_debusk_college_of_osteopathic_medicine_harr,Lincoln Memorial University-DeBusk College of Osteopathic Medicine,DO,LMU-DCOM,TN,https://www.lmunet.edu/academics/schools/debusk-college-of-osteopathic-medicine,https://www.aacom.org/detail-pages/com/lincoln-memorial-university-debusk-college-of-osteopathic-medicine,Lincoln Memorial University-DeBusk College of Osteopathic Medicine,Harrogate,TN,lincoln-memorial-university-debusk-college-of-osteopathic-medicine,safe_match,1.42,High-confidence AACOM profile match. Location matched.,aacom_seed_fetch,2026-06-08,fetched,accepted_for_fetch,second_match_score=1.04
do_lmu_dcom_knoxville_lincoln_memorial_university_debusk_college_of_osteopathic_med,Lincoln Memorial University-DeBusk College of Osteopathic Medicine – Knoxville,DO,LMU-DCOM Knoxville,TN,https://www.lmunet.edu/academics/schools/debusk-college-of-osteopathic-medicine,https://www.aacom.org/detail-pages/com/dcom-at-lmu-knoxville,Lincoln Memorial University-DeBusk College of Osteopathic Medicine at Knoxville,Knoxville,TN,dcom-at-lmu-knoxville,safe_match,1.58,High-confidence AACOM profile match. Location matched.,aacom_seed_fetch,2026-06-08,fetched,accepted_for_fetch,second_match_score=1.16
do_lmu_dcom_orange_park_lincoln_memorial_university_debusk_college_of_osteopathic_m,Lincoln Memorial University-DeBusk College of Osteopathic Medicine – Orange Park,DO,LMU-DCOM – Orange Park,FL,https://www.lmunet.edu/debusk-college-of-osteopathic-medicine/do/dcom-in-orange-park/,https://www.aacom.org/detail-pages/com/lmu-dcom-at-orange-park,Lincoln Memorial University-DeBusk College of Osteopathic Medicine at Orange Park,Orange Park,FL,lmu-dcom-at-orange-park,safe_match,1.62,High-confidence AACOM profile match. Location matched.,aacom_seed_fetch,2026-06-08,fetched,accepted_for_fetch,second_match_score=0.35
do_mu_wcom_marian_university_tom_and_julie_wood_college_of_osteopathic_medicine_ind,Marian University Tom and Julie Wood College of Osteopathic Medicine,DO,MU-WCOM,IN,http://www.marian.edu/osteopathic-medical-school,https://www.aacom.org/detail-pages/com/marian-university-college-of-osteopathic-medicine,Marian University Tom and Julie Wood College of Osteopathic Medicine,Indianapolis,IN,marian-university-college-of-osteopathic-medicine,safe_match,1.42,High-confidence AACOM profile match. Location matched.,aacom_seed_fetch,2026-06-08,fetched,accepted_for_fetch,second_match_score=0.00
do_msom_meritus_school_of_osteopathic_medicine_hagerstown_maryland,Meritus School of Osteopathic Medicine,DO,MSOM,MD,https://msom.org/,https://www.aacom.org/detail-pages/com/meritus-school-of-osteopathic-medicine,Meritus School of Osteopathic Medicine,Hagerstown,MD,meritus-school-of-osteopathic-medicine,safe_match,1.42,High-confidence AACOM profile match. Location matched.,aacom_seed_fetch,2026-06-08,fetched,accepted_for_fetch,second_match_score=0.00
do_msucom_michigan_state_university_college_of_osteopathic_medicine_east_lansing_mi,Michigan State University College of Osteopathic Medicine,DO,MSUCOM,MI,http://www.com.msu.edu/,https://www.aacom.org/detail-pages/com/michigan-state-university-college-of-osteopathic-medicine,Michigan State University College of Osteopathic Medicine,East Lansing,MI,michigan-state-university-college-of-osteopathic-medicine,safe_match,1.42,High-confidence AACOM profile match. Location matched.,aacom_seed_fetch,2026-06-08,fetched,accepted_for_fetch,second_match_score=1.04
do_msucom_michigan_state_university_college_of_osteopathic_medicine_east_lansing_mi,Michigan State University College of Osteopathic Medicine,DO,MSUCOM,MI,http://www.com.msu.edu/,https://www.aacom.org/detail-pages/com/msucom-in-clinton-township,Michigan State University College of Osteopathic Medicine in Clinton Township,Clinton Township,MI,msucom-in-clinton-township,safe_match,1.12,High-confidence AACOM profile match.,aacom_seed_fetch,2026-06-08,fetched,accepted_for_fetch,second_match_score=1.04
do_msucom_dmc_michigan_state_university_college_of_osteopathic_medicine_detroit_mic,Michigan State University College of Osteopathic Medicine,DO,MSUCOM-DMC,MI,http://www.com.msu.edu/Students/Resources/DMC.htm,https://www.aacom.org/detail-pages/com/msucom-in-detroit,Michigan State University College of Osteopathic Medicine in Detroit,Detroit,MI,msucom-in-detroit,safe_match,1.42,High-confidence AACOM profile match. Location matched.,aacom_seed_fetch,2026-06-08,fetched,accepted_for_fetch,second_match_score=1.12
do_mwu_azcom_midwestern_university_arizona_college_of_osteopathic_medicine_glendale,Midwestern University Arizona College of Osteopathic Medicine,DO,MWU/AZCOM,AZ,https://www.midwestern.edu/#,https://www.aacom.org/detail-pages/com/arizona-college-of-osteopathic-medicine,Arizona College of Osteopathic Medicine,Glendale,AZ,arizona-college-of-osteopathic-medicine,safe_match,1.42,High-confidence AACOM profile match. Location matched.,aacom_seed_fetch,2026-06-08,fetched,accepted_for_fetch,second_match_score=1.04
do_mwu_ccom_midwestern_university_chicago_college_of_osteopathic_medicine_downers_g,Midwestern University Chicago College of Osteopathic Medicine,DO,MWU/CCOM,IL,https://www.midwestern.edu/programs_and_admission/il_osteopathic_medicine.html,https://www.aacom.org/detail-pages/com/chicago-college-of-osteopathic-medicine-at-midwestern-university,Chicago College of Osteopathic Medicine at Midwestern University,Downers Grove,IL,chicago-college-of-osteopathic-medicine-at-midwestern-university,safe_match,1.42,High-confidence AACOM profile match. Location matched.,aacom_seed_fetch,2026-06-08,fetched,accepted_for_fetch,second_match_score=0.35
do_nyitcom_new_york_institute_of_technology_college_of_osteopathic_medicine_old_wes,New York Institute of Technology College of Osteopathic Medicine,DO,NYITCOM,NY,https://www.nyit.edu/medicine,https://www.aacom.org/detail-pages/com/new-york-institute-of-technology-college-of-osteopathic-medicine,New York Institute of Technology College of Osteopathic Medicine,Old Westbury,NY,new-york-institute-of-technology-college-of-osteopathic-medicine,safe_match,1.42,High-confidence AACOM profile match. Location matched.,aacom_seed_fetch,2026-06-08,fetched,accepted_for_fetch,second_match_score=0.29
do_nyitcom_jonesboro_new_york_institute_of_technology_college_of_osteopathic_medici,New York Institute of Technology College of Osteopathic Medicine at Arkansas State,DO,NYITCOM-Jonesboro,AR,https://www.nyit.edu/arkansas,https://www.aacom.org/detail-pages/com/nyitcom-at-arkansas-state,New York Institute of Technology College of Osteopathic Medicine at Arkansas State,Jonesboro,AR,nyitcom-at-arkansas-state,safe_match,1.42,High-confidence AACOM profile match. Location matched.,aacom_seed_fetch,2026-06-08,fetched,accepted_for_fetch,second_match_score=1.04
do_noordacom_noorda_college_of_osteopathic_medicine_provo_utah,Noorda College of Osteopathic Medicine,DO,NoordaCOM,UT,https://noordacom.org/,https://www.aacom.org/detail-pages/com/noorda-college-of-osteopathic-medicine,Noorda College of Osteopathic Medicine,Provo,UT,noorda-college-of-osteopathic-medicine,safe_match,1.42,High-confidence AACOM profile match. Location matched.,aacom_seed_fetch,2026-06-08,fetched,accepted_for_fetch,second_match_score=0.28
do_nsu_kpcom_nova_southeastern_university_dr_kiran_c_patel_college_of_osteopathic_m,Nova Southeastern University – Dr. Kiran C. Patel College of Osteopathic Medicine,DO,NSU-KPCOM,FL,https://osteopathic.nova.edu/,https://www.aacom.org/detail-pages/com/nova-southeastern-university-dr.-kiran-c.-patel-college-of-osteopathic-medicine,Nova Southeastern University Dr. Kiran C. Patel College of Osteopathic Medicine,Fort Lauderdale,FL,nova-southeastern-university-dr.-kiran-c.-patel-college-of-osteopathic-medicine,safe_match,1.42,High-confidence AACOM profile match. Location matched.,aacom_seed_fetch,2026-06-08,fetched,accepted_for_fetch,second_match_score=1.04
do_nsu_kpcom_clearwater_nova_southeastern_university_dr_kiran_c_patel_college_of_os,Nova Southeastern University – Dr. Kiran C. Patel College of Osteopathic Medicine,DO,NSU-KPCOM-Clearwater,FL,https://osteopathic.nova.edu/,https://www.aacom.org/detail-pages/com/nsu-kpcom-in-clearwater,Nova Southeastern University Dr. Kiran C. Patel College of Osteopathic Medicine in Clearwater,Clearwater,FL,nsu-kpcom-in-clearwater,safe_match,1.58,High-confidence AACOM profile match. Location matched.,aacom_seed_fetch,2026-06-08,fetched,accepted_for_fetch,second_match_score=1.16
do_ou_hcom_ohio_university_heritage_college_of_osteopathic_medicine_athens_ohio,Ohio University Heritage College of Osteopathic Medicine,DO,OU-HCOM,OH,https://www.ohio.edu/medicine/,https://www.aacom.org/detail-pages/com/ohio-university-heritage-college-of-osteopathic-medicine,Ohio University Heritage College of Osteopathic Medicine,Athens,OH,ohio-university-heritage-college-of-osteopathic-medicine,safe_match,1.42,High-confidence AACOM profile match. Location matched.,aacom_seed_fetch,2026-06-08,fetched,accepted_for_fetch,second_match_score=1.04
do_ou_hcom_cleveland_ohio_university_heritage_college_of_osteopathic_medicine_cleve,Ohio University Heritage College of Osteopathic Medicine,DO,OU-HCOM-Cleveland,OH,https://www.ohio.edu/medicine/about/campuses/cleveland/index.cfm,https://www.aacom.org/detail-pages/com/ou-hcom-cleveland,Ohio University Heritage College of Osteopathic Medicine Cleveland,Warrensville Heights,OH,ou-hcom-cleveland,safe_match,1.20,High-confidence AACOM profile match.,aacom_seed_fetch,2026-06-08,fetched,accepted_for_fetch,second_match_score=1.16
do_ou_hcom_dublin_ohio_university_heritage_college_of_osteopathic_medicine_dublin_d,Ohio University Heritage College of Osteopathic Medicine – Dublin,DO,OU-HCOM-Dublin,OH,https://www.ohio.edu/medicine/about/campuses/dublin/index.cfm,https://www.aacom.org/detail-pages/com/ou-hcom-dublin,Ohio University Heritage College of Osteopathic Medicine Dublin,Dublin,OH,ou-hcom-dublin,safe_match,1.58,High-confidence AACOM profile match. Location matched.,aacom_seed_fetch,2026-06-08,fetched,accepted_for_fetch,second_match_score=1.16
do_osu_com_oklahoma_state_university_center_for_health_sciences_college_of_osteopat,Oklahoma State University Center for Health Sciences College of Osteopathic Medicine,DO,OSU-COM,OK,https://health.okstate.edu/,https://www.aacom.org/detail-pages/com/oklahoma-state-university-college-of-osteopathic-medicine,Oklahoma State University College of Osteopathic Medicine,Tulsa,OK,oklahoma-state-university-college-of-osteopathic-medicine,safe_match,1.42,High-confidence AACOM profile match. Location matched.,aacom_seed_fetch,2026-06-08,fetched,accepted_for_fetch,second_match_score=1.04
do_osu_com_oklahoma_state_university_center_for_health_sciences_college_of_osteopat,Oklahoma State University Center for Health Sciences College of Osteopathic Medicine,DO,OSU-COM,OK,https://health.okstate.edu/,https://www.aacom.org/detail-pages/com/osu-com-at-cherokee-nation,Oklahoma State University College of Osteopathic Medicine at Cherokee Nation,Tahlequah,OK,osu-com-at-cherokee-nation,safe_match,1.16,High-confidence AACOM profile match.,aacom_seed_fetch,2026-06-08,fetched,accepted_for_fetch,second_match_score=1.09
do_ocom_orlando_college_of_osteopathic_medicine_celebration_florida,Orlando College of Osteopathic Medicine,DO,OCOM,FL,https://ocom.org/,https://www.aacom.org/detail-pages/com/orlando-college-of-osteopathic-medicine,Orlando College of Osteopathic Medicine,Winter Garden,FL,orlando-college-of-osteopathic-medicine,safe_match,1.04,High-confidence AACOM profile match.,aacom_seed_fetch,2026-06-08,fetched,accepted_for_fetch,second_match_score=0.42
do_pnwu_com_pacific_northwest_university_of_health_sciences_college_of_osteopathic_,Pacific Northwest University of Health Sciences College of Osteopathic Medicine,DO,PNWU-COM,WA,http://www.pnwu.edu/,https://www.aacom.org/detail-pages/com/pacific-northwest-university-of-health-sciences-college-of-osteopathic-medicine,Pacific Northwest University of Health Sciences College of Osteopathic Medicine,Yakima,WA,pacific-northwest-university-of-health-sciences-college-of-osteopathic-medicine,safe_match,1.42,High-confidence AACOM profile match. Location matched.,aacom_seed_fetch,2026-06-08,fetched,accepted_for_fetch,second_match_score=0.00
do_pcom_philadelphia_college_of_osteopathic_medicine_philadelphia_pennsylvania,Philadelphia College of Osteopathic Medicine,DO,PCOM,PA,https://www.pcom.edu/,https://www.aacom.org/detail-pages/com/philadelphia-college-of-osteopathic-medicine,Philadelphia College of Osteopathic Medicine,Philadelphia,PA,philadelphia-college-of-osteopathic-medicine,safe_match,1.42,High-confidence AACOM profile match. Location matched.,aacom_seed_fetch,2026-06-08,fetched,accepted_for_fetch,second_match_score=0.42
do_pcom_georgia_philadelphia_college_of_osteopathic_medicine_georgia_suwanee_georgi,Philadelphia College of Osteopathic Medicine Georgia,DO,PCOM Georgia,GA,https://www.pcom.edu/campuses/georgia-campus/,https://www.aacom.org/detail-pages/com/pcom-georgia,PCOM Georgia,Suwanee,GA,pcom-georgia,safe_match,1.54,High-confidence AACOM profile match. Location matched.,aacom_seed_fetch,2026-06-08,fetched,accepted_for_fetch,second_match_score=1.04
do_pcom_south_georgia_philadelphia_college_of_osteopathic_medicine_south_georgia_mo,Philadelphia College of Osteopathic Medicine South Georgia,DO,PCOM South Georgia,GA,https://www.pcom.edu/south-georgia/,https://www.aacom.org/detail-pages/com/pcom-south-georgia,PCOM South Georgia,Moultrie,GA,pcom-south-georgia,safe_match,1.58,High-confidence AACOM profile match. Location matched.,aacom_seed_fetch,2026-06-08,fetched,accepted_for_fetch,second_match_score=1.16
do_rvucom_rocky_vista_university_college_of_osteopathic_medicine_parker_colorado,Rocky Vista University College of Osteopathic Medicine,DO,RVUCOM,CO,http://www.rvu.edu/,https://www.aacom.org/detail-pages/com/rocky-vista-university-college-of-osteopathic-medicine,Rocky Vista University College of Osteopathic Medicine,Englewood,CO,rocky-vista-university-college-of-osteopathic-medicine,safe_match,1.04,High-confidence AACOM profile match.,aacom_seed_fetch,2026-06-08,fetched,accepted_for_fetch,second_match_score=0.33
do_rvucom_su_campus_rocky_vista_university_college_of_osteopathic_medicine_ivins_ut,Rocky Vista University College of Osteopathic Medicine,DO,RVUCOM-SU Campus,UT,http://www.rvu.edu/,https://www.aacom.org/detail-pages/com/rocky-vista-university-college-of-osteopathic-medicine-utah-campus,Rocky Vista University College of Osteopathic Medicine-Utah Campus,Ivins,UT,rocky-vista-university-college-of-osteopathic-medicine-utah-campus,safe_match,1.42,High-confidence AACOM profile match. Location matched.,aacom_seed_fetch,2026-06-08,fetched,accepted_for_fetch,second_match_score=0.22
do_rvu_mcom_rocky_vista_university_montana_college_of_osteopathic_medicine_billings,Rocky Vista University – Montana College of Osteopathic Medicine,DO,RVU-MCOM,MT,https://www.rvu.edu/mcom/,https://www.aacom.org/detail-pages/com/montana-college-of-osteopathic-medicine,Rocky Vista University - Montana College of Osteopathic Medicine,Billings,MT,montana-college-of-osteopathic-medicine,safe_match,1.42,High-confidence AACOM profile match. Location matched.,aacom_seed_fetch,2026-06-08,fetched,accepted_for_fetch,second_match_score=0.29
do_rowan_virtuasom_rowan_virtua_school_of_osteopathic_medicine_stratford_new_jersey,Rowan-Virtua School of Osteopathic Medicine,DO,Rowan-VirtuaSOM,NJ,https://www.rowan.edu/som/,https://www.aacom.org/detail-pages/com/rowan-virtua-school-of-osteopathic-medicine,Rowan-Virtua School of Osteopathic Medicine,Stratford,NJ,rowan-virtua-school-of-osteopathic-medicine,safe_match,1.42,High-confidence AACOM profile match. Location matched.,aacom_seed_fetch,2026-06-08,fetched,accepted_for_fetch,second_match_score=1.04
do_rowan_virtuasom_sewell_rowan_virtua_school_of_osteopathic_medicine_sewell_new_je,Rowan-Virtua School of Osteopathic Medicine,DO,Rowan-VirtuaSOM-Sewell,NJ,https://som.rowan.edu/oursom/campus/sewell/,https://www.aacom.org/detail-pages/com/rowan-virtua-som-sewell-campus,Rowan-Virtua School of Osteopathic Medicine Sewell Campus,Sewell,NJ,rowan-virtua-som-sewell-campus,safe_match,1.42,High-confidence AACOM profile match. Location matched.,aacom_seed_fetch,2026-06-08,fetched,accepted_for_fetch,second_match_score=1.04
do_shsu_com_sam_houston_state_university_college_of_osteopathic_medicine_huntsville,Sam Houston State University College of Osteopathic Medicine,DO,SHSU-COM,TX,,https://www.aacom.org/detail-pages/com/sam-houston-state-university-college-of-osteopathic-medicine,Sam Houston State University College of Osteopathic Medicine,Conroe,TX,sam-houston-state-university-college-of-osteopathic-medicine,safe_match,1.04,High-confidence AACOM profile match.,aacom_seed_fetch,2026-06-08,fetched,accepted_for_fetch,second_match_score=0.36
do_tvcom_the_valley_college_of_osteopathic_medicine_phoenix_arizona,The Valley College of Osteopathic Medicine,DO,TVCOM,AZ,https://thevalleycom.org/,https://www.aacom.org/detail-pages/com/the-valley-college-of-osteopathic-medicine,The Valley College of Osteopathic Medicine,Phoenix,AZ,the-valley-college-of-osteopathic-medicine,safe_match,1.42,High-confidence AACOM profile match. Location matched.,aacom_seed_fetch,2026-06-08,fetched,accepted_for_fetch,second_match_score=0.27
do_tourocom_harlem_touro_college_of_osteopathic_medicine_new_york_new_york,Touro College of Osteopathic Medicine,DO,TouroCOM-Harlem,NY,http://tourocom.touro.edu/,https://www.aacom.org/detail-pages/com/touro-college-of-osteopathic-medicine,Touro College of Osteopathic Medicine,New York,NY,touro-college-of-osteopathic-medicine,safe_match,1.42,High-confidence AACOM profile match. Location matched.,aacom_seed_fetch,2026-06-08,fetched,accepted_for_fetch,second_match_score=1.04
do_tourocom_middletown_touro_college_of_osteopathic_medicine_middletown_new_york,Touro College of Osteopathic Medicine,DO,TouroCOM-Middletown,NY,http://tourocom.touro.edu/about-us/our-facilities/middletown-campus/,https://www.aacom.org/detail-pages/com/tourocom-middletown,Touro College of Osteopathic Medicine Middletown,Middletown,NY,tourocom-middletown,safe_match,1.54,High-confidence AACOM profile match. Location matched.,aacom_seed_fetch,2026-06-08,fetched,accepted_for_fetch,second_match_score=1.04
do_tourocom_great_falls_touro_college_of_osteopathic_medicine_great_falls_great_fal,Touro College of Osteopathic Medicine – Great Falls,DO,TouroCOM-Great Falls,MT,https://tourocom.touro.edu/,https://www.aacom.org/detail-pages/com/tourocom-montana,Touro College of Osteopathic Medicine Montana,Great Falls,MT,tourocom-montana,safe_match,1.42,High-confidence AACOM profile match. Location matched.,aacom_seed_fetch,2026-06-08,fetched,accepted_for_fetch,second_match_score=0.58
do_tucom_touro_university_college_of_osteopathic_medicine_california_vallejo_califo,Touro University College of Osteopathic Medicine-California,DO,TUCOM,CA,http://www.tu.edu/,https://www.aacom.org/detail-pages/com/touro-university-california-college-of-osteopathic-medicine,Touro University California College of Osteopathic Medicine,Vallejo,CA,touro-university-california-college-of-osteopathic-medicine,safe_match,1.42,High-confidence AACOM profile match. Location matched.,aacom_seed_fetch,2026-06-08,fetched,accepted_for_fetch,second_match_score=1.04
do_tuncom_touro_university_nevada_college_of_osteopathic_medicine_henderson_nevada,Touro University Nevada College of Osteopathic Medicine,DO,TUNCOM,NV,https://tun.touro.edu/,https://www.aacom.org/detail-pages/com/touro-university-nevada-college-of-osteopathic-medicine,Touro University Nevada-College of Osteopathic Medicine,Henderson,NV,touro-university-nevada-college-of-osteopathic-medicine,safe_match,1.42,High-confidence AACOM profile match. Location matched.,aacom_seed_fetch,2026-06-08,fetched,accepted_for_fetch,second_match_score=0.00
do_unecom_university_of_new_england_college_of_osteopathic_medicine_biddeford_maine,University of New England College of Osteopathic Medicine,DO,UNECOM,ME,http://www.une.edu/com,https://www.aacom.org/detail-pages/com/university-of-new-england-college-of-osteopathic-medicine,University of New England College of Osteopathic Medicine,Portland,ME,university-of-new-england-college-of-osteopathic-medicine,safe_match,1.04,High-confidence AACOM profile match.,aacom_seed_fetch,2026-06-08,fetched,accepted_for_fetch,second_match_score=0.00
do_unthsc_tcom_university_of_north_texas_health_science_center_texas_college_of_ost,University of North Texas Health Science Center Texas College of Osteopathic Medicine,DO,UNTHSC/TCOM,TX,https://www.unthsc.edu/texas-college-of-osteopathic-medicine/,https://www.aacom.org/detail-pages/com/university-of-north-texas-health-science-center-texas-college-of-osteopathic-medicine,UNT Health-Texas College of Osteopathic Medicine,Fort Worth,TX,university-of-north-texas-health-science-center-texas-college-of-osteopathic-medicine,safe_match,1.42,High-confidence AACOM profile match. Location matched.,aacom_seed_fetch,2026-06-08,fetched,accepted_for_fetch,second_match_score=0.36
do_unc_com_university_of_northern_colorado_college_of_osteopathic_medicine_greely_c,University of Northern Colorado College of Osteopathic Medicine,DO,UNC-COM,CO,https://www.unco.edu/osteopathic-medicine/,https://www.aacom.org/detail-pages/com/university-of-northern-colorado-college-of-osteopathic-medicine,University of Northern Colorado College of Osteopathic Medicine,Greeley,CO,university-of-northern-colorado-college-of-osteopathic-medicine,safe_match,1.04,High-confidence AACOM profile match.,aacom_seed_fetch,2026-06-08,fetched,accepted_for_fetch,second_match_score=0.21
do_up_kycom_university_of_pikeville_kentucky_college_of_osteopathic_medicine_pikevi,University of Pikeville Kentucky College of Osteopathic Medicine,DO,UP-KYCOM,KY,http://www.upike.edu/KYCOM,https://www.aacom.org/detail-pages/com/kentucky-college-of-osteopathic-medicine,Kentucky College of Osteopathic Medicine,Pikeville,KY,kentucky-college-of-osteopathic-medicine,safe_match,1.42,High-confidence AACOM profile match. Location matched.,aacom_seed_fetch,2026-06-08,fetched,accepted_for_fetch,second_match_score=0.00
do_uiwsom_university_of_the_incarnate_word_school_of_osteopathic_medicine_san_anton,University of the Incarnate Word School of Osteopathic Medicine,DO,UIWSOM,TX,http://www.uiw.edu/som/,https://www.aacom.org/detail-pages/com/university-of-the-incarnate-word-school-of-osteopathic-medicine,University of the Incarnate Word School of Osteopathic Medicine,San Antonio,TX,university-of-the-incarnate-word-school-of-osteopathic-medicine,safe_match,1.42,High-confidence AACOM profile match. Location matched.,aacom_seed_fetch,2026-06-08,fetched,accepted_for_fetch,second_match_score=0.36
do_wvsom_west_virginia_school_of_osteopathic_medicine_lewisburg_west_virginia,West Virginia School of Osteopathic Medicine,DO,WVSOM,WV,https://www.wvsom.edu/home,https://www.aacom.org/detail-pages/com/west-virginia-school-of-osteopathic-medicine,West Virginia School of Osteopathic Medicine,Lewisburg,WV,west-virginia-school-of-osteopathic-medicine,safe_match,1.42,High-confidence AACOM profile match. Location matched.,aacom_seed_fetch,2026-06-08,fetched,accepted_for_fetch,second_match_score=0.00
do_westernu_comp_western_university_of_health_sciences_college_of_osteopathic_medic,Western University of Health Sciences College of Osteopathic Medicine of the Pacific,DO,WesternU/COMP,CA,http://www.westernu.edu/osteopathic/,https://www.aacom.org/detail-pages/com/western-university-of-health-sciences-college-of-osteopathic-medicine-of-the-pacific,"Western University of Health Sciences, College of Osteopathic Medicine of the Pacific",Pomona,CA,western-university-of-health-sciences-college-of-osteopathic-medicine-of-the-pacific,safe_match,1.42,High-confidence AACOM profile match. Location matched.,aacom_seed_fetch,2026-06-08,fetched,accepted_for_fetch,second_match_score=0.44
do_westernu_comp_northwest_western_university_of_health_sciences_college_of_osteopa,Western University of Health Sciences College of Osteopathic Medicine of the Pacific-Northwest,DO,WesternU/COMP-Northwest,OR,http://www.westernu.edu/northwest/,https://www.aacom.org/detail-pages/com/western-u-comp-northwest,"Western University of Health Sciences, College of Osteopathic Medicine of the Pacific-Northwest",Lebanon,OR,western-u-comp-northwest,safe_match,1.42,High-confidence AACOM profile match. Location matched.,aacom_seed_fetch,2026-06-08,fetched,accepted_for_fetch,second_match_score=0.00
do_wcucom_william_carey_university_college_of_osteopathic_medicine_hattiesburg_miss,William Carey University College of Osteopathic Medicine,DO,WCUCOM,MS,https://www.wmcarey.edu/College/Osteopathic-Medicine,https://www.aacom.org/detail-pages/com/william-carey-university-college-of-osteopathic-medicine,William Carey University College of Osteopathic Medicine,Hattiesburg,MS,william-carey-university-college-of-osteopathic-medicine,safe_match,1.42,High-confidence AACOM profile match. Location matched.,aacom_seed_fetch,2026-06-08,fetched,accepted_for_fetch,second_match_score=0.00
