school_id,school_name,degree_type,aacom_profile_url,aacom_profile_title,match_status,match_score,fetch_status,extraction_status,stats_academic_year,metric_population,metric_type,mcat_mean,overall_gpa_mean,oldest_mcat_considered,latest_mcat_accepted,evidence_text,source_last_checked,data_confidence,review_status,notes
do_atsu_kcom_a_t_still_university_kirksville_college_of_osteopathic_medicine_kirksv,A.T. Still University – Kirksville College of Osteopathic Medicine,DO,https://www.aacom.org/detail-pages/com/a-t-still-university-of-health-sciences---kirksville-college-of-osteopathic-medicine,A.T. Still University of Health Sciences - Kirksville College of Osteopathic Medicine | AACOM,safe_match,1.42,fetched,accepted,2026-27,AACOM COM-submitted profile,aacom_reported_mean,502.9,3.62,,,"MCAT/GPA Information Mean MCAT Score 502.9 Avg. Cum. Undergrad GPA Score 3.62 Oldest MCAT Considered: January 1, 2023 Latest MCAT Score Accepted: January 31, 2027 Accepted Sources for Letters of Recommendation AACOMAS Interfolio Paper Email Main Admissions Contact (660) 627-2237 Phone admissions@atsu.edu Email https://www.atsu.edu/department-of-student-affairs/admissions Website Tuition, Fees & Financial Aid 2026-2027 Academic Year Tuition In-State Tuition $68,960 Out-of-State Tuition $68,960 Fees Annual Fees In-State Resident Fees $2,684 Out-of-State Resident Fees $2,684 Health Insurance Fee $4,376 (subject to change) Tuition Fees Include Lab Technology (not computer) Other Medical Equipmen",2026-06-08,aacom_com_submitted_profile,approved_aacom_extraction,AACOM COM-submitted profile mean MCAT and cumulative undergraduate GPA were extracted.
do_atsu_soma_a_t_still_university_school_of_osteopathic_medicine_in_arizona_mesa_ar,"A.T. Still University, School of Osteopathic Medicine in Arizona",DO,https://www.aacom.org/detail-pages/com/a.t.-still-university-school-of-osteopathic-medicine-in-arizona,A.T. Still University-School of Osteopathic Medicine in Arizona | AACOM,safe_match,1.42,fetched,accepted,2026-27,AACOM COM-submitted profile,aacom_reported_mean,502.6,3.56,,,"MCAT/GPA Information Mean MCAT Score 502.6 Avg. Cum. Undergrad GPA Score 3.56 Oldest MCAT Considered: January 15, 2023 Latest MCAT Score Accepted: January 15, 2027 Accepted Sources for Letters of Recommendation AACOMAS Interfolio Paper Email Main Admissions Contact (480) 245-6279 Phone admissions@atsu.edu Email https://www.atsu.edu/student-affairs/admissions Website Tuition, Fees & Financial Aid 2026-2027 Academic Year Tuition In-State Tuition $71,750 Out-of-State Tuition $71,750 Fees Annual Fees In-State Resident Fees $2,484 Out-of-State Resident Fees $2,484 Health Insurance Fee $4,376 (2025 rate. 2026 rate TBA) Tuition Fees Include Lab Technology (not computer) Other Medical Equipment Esti",2026-06-08,aacom_com_submitted_profile,approved_aacom_extraction,AACOM COM-submitted profile mean MCAT and cumulative undergraduate GPA were extracted.
do_acom_alabama_college_of_osteopathic_medicine_dothan_alabama,Alabama College of Osteopathic Medicine,DO,https://www.aacom.org/detail-pages/com/alabama-college-of-osteopathic-medicine,Alabama College of Osteopathic Medicine | AACOM,safe_match,1.42,fetched,accepted,2026-27,AACOM COM-submitted profile,aacom_reported_mean,503.6,3.58,,,"MCAT/GPA Information Mean MCAT Score 503.6 Avg. Cum. Undergrad GPA Score 3.58 Oldest MCAT Considered: March 31, 2022 Latest MCAT Score Accepted: January 31, 2027 Accepted Sources for Letters of Recommendation AACOMAS Interfolio Paper Email Main Admissions Contact (334) 699-2266 Phone admissions@acom.edu Email https://www.acom.edu/admissions/ Website Tuition, Fees & Financial Aid 2026-2027 Academic Year Tuition In-State Tuition $61,788 Out-of-State Tuition $61,788 Fees Annual Fees In-State Resident Fees $250 Out-of-State Resident Fees $250 Health Insurance Fee $3,934 Tuition Fees Include Computer Estimates, Deposits, and More Estimated Annual Room Board, Books, and Living Costs $37,817 Averag",2026-06-08,aacom_com_submitted_profile,approved_aacom_extraction,AACOM COM-submitted profile mean MCAT and cumulative undergraduate GPA were extracted.
do_arcom_arkansas_college_of_osteopathic_medicine_fort_smith_arkansas,Arkansas College of Osteopathic Medicine,DO,https://www.aacom.org/detail-pages/com/arkansas-college-of-osteopathic-medicine,Arkansas College of Osteopathic Medicine | AACOM,safe_match,1.42,fetched,accepted,2026-27,AACOM COM-submitted profile,aacom_reported_mean,498.7,3.56,,,"MCAT/GPA Information Mean MCAT Score 498.7 Avg. Cum. Undergrad GPA Score 3.56 Oldest MCAT Considered: May 1, 2023 Latest MCAT Score Accepted: March 16, 2027 Accepted Sources for Letters of Recommendation AACOMAS Interfolio Paper Email Main Admissions Contact (479) 308-2220 Phone admissions.arcom@achehealth.edu Email http://arcom.achehealth.edu Website Tuition, Fees & Financial Aid 2026-2027 Academic Year Tuition In-State Tuition $60,500 Out-of-State Tuition $60,500 Fees Annual Fees In-State Resident Fees $665 Out-of-State Resident Fees $665 Health Insurance Fee $4470 Tuition Fees Include Other Diagnostic Kit Estimates, Deposits, and More Estimated Annual Room Board, Books, and Living Costs $",2026-06-08,aacom_com_submitted_profile,approved_aacom_extraction,AACOM COM-submitted profile mean MCAT and cumulative undergraduate GPA were extracted.
do_bucom_baptist_health_sciences_university_college_of_osteopathic_medicine_memphis,Baptist Health Sciences University College of Osteopathic Medicine,DO,https://www.aacom.org/detail-pages/com/baptist-health-sciences-university-college-of-osteopathic-medicine,Baptist Health Sciences University College of Osteopathic Medicine | AACOM,safe_match,1.42,fetched,accepted,2026-27,AACOM COM-submitted profile,aacom_reported_mean,498.4,3.5,,,"MCAT/GPA Information Mean MCAT Score 498.4 Avg. Cum. Undergrad GPA Score 3.50 Oldest MCAT Considered: January 25, 2023 Latest MCAT Score Accepted: January 31, 2027 Accepted Sources for Letters of Recommendation AACOMAS Paper Email Main Admissions Contact (901) 572-2699 Phone BUCOMAdmissions@baptistu.edu Email https://www.baptistu.edu/BUCOMadmissions Website Tuition, Fees & Financial Aid 2026-2027 Academic Year Tuition In-State Tuition $55,166 Out-of-State Tuition $55,166 Fees Annual Fees In-State Resident Fees $1,205 Out-of-State Resident Fees $1,205 Health Insurance Fee $4,158 Tuition Fees Include Health Service Student Activities Technology (not computer) Other Parking, technology, student",2026-06-08,aacom_com_submitted_profile,approved_aacom_extraction,AACOM COM-submitted profile mean MCAT and cumulative undergraduate GPA were extracted.
do_bcsom_burrell_college_school_of_osteopathic_medicine_las_cruces_new_mexico,Burrell College School of Osteopathic Medicine,DO,https://www.aacom.org/detail-pages/com/burrell-college-of-osteopathic-medicine,Burrell College of Health Sciences School of Osteopathic Medicine | AACOM,safe_match,1.42,fetched,accepted,2026-27,AACOM COM-submitted profile,aacom_reported_mean,500,3.46,,,"MCAT/GPA Information Mean MCAT Score 500.0 Avg. Cum. Undergrad GPA Score 3.46 Oldest MCAT Considered: July 1, 2022 Latest MCAT Score Accepted: March 1, 2027 Accepted Sources for Letters of Recommendation AACOMAS Main Admissions Contact (575) 674-2210 Phone admissions@burrell.edu Email https://burrell.edu/admissions Website Tuition, Fees & Financial Aid 2026-2027 Academic Year Tuition In-State Tuition $70,622 Out-of-State Tuition $70,622 Fees Annual Fees In-State Resident Fees $1,975 (NM); $3,657 (FL) Out-of-State Resident Fees $1,975 (NM); $3,657 (FL) Health Insurance Fee N/A Tuition Fees Include Health Service Lab Student Activities Student Services Technology (not computer) Other Estimates",2026-06-08,aacom_com_submitted_profile,approved_aacom_extraction,AACOM COM-submitted profile mean MCAT and cumulative undergraduate GPA were extracted.
do_bcsom_fl_burrell_college_school_of_osteopathic_medicine_florida_melbourne_florid,"Burrell College School of Osteopathic Medicine, Florida",DO,https://www.aacom.org/detail-pages/com/burrell-college---florida-campus,Burrell College of Health Sciences School of Osteopathic Medicine | AACOM,safe_match,1.42,fetched,accepted,2026-27,AACOM COM-submitted profile,aacom_reported_mean,500,3.46,,,"MCAT/GPA Information Mean MCAT Score 500.0 Avg. Cum. Undergrad GPA Score 3.46 Oldest MCAT Considered: July 1, 2022 Latest MCAT Score Accepted: March 1, 2027 Accepted Sources for Letters of Recommendation AACOMAS Main Admissions Contact (575) 674-2210 Phone admissions@burrell.edu Email https://burrell.edu/admissions Website Tuition, Fees & Financial Aid 2026-2027 Academic Year Tuition In-State Tuition $70,622 Out-of-State Tuition $70,622 Fees Annual Fees In-State Resident Fees $1,975 (NM); $3,657 (FL) Out-of-State Resident Fees $1,975 (NM); $3,657 (FL) Health Insurance Fee N/A Tuition Fees Include Health Service Lab Student Activities Student Services Technology (not computer) Other Estimates",2026-06-08,aacom_com_submitted_profile,approved_aacom_extraction,AACOM COM-submitted profile mean MCAT and cumulative undergraduate GPA were extracted.
do_chsu_com_california_health_sciences_university_college_of_osteopathic_medicine_c,California Health Sciences University College of Osteopathic Medicine,DO,https://www.aacom.org/detail-pages/com/california-health-sciences-university-college-of-osteopathic-medicine,California Health Sciences University College of Osteopathic Medicine | AACOM,safe_match,1.42,fetched,accepted,2026-27,AACOM COM-submitted profile,aacom_reported_mean,504.9,3.58,,,"MCAT/GPA Information Mean MCAT Score 504.9 Avg. Cum. Undergrad GPA Score 3.58 Oldest MCAT Considered: January 31, 2023 Latest MCAT Score Accepted: January 31, 2027 Accepted Sources for Letters of Recommendation AACOMAS Interfolio Main Admissions Contact (559) 712-4222 Phone COMAdmissions@chsu.edu Email https://osteopathic.chsu.edu/admissions/ Website Tuition, Fees & Financial Aid 2026-2027 Academic Year Tuition In-State Tuition $70,700 Out-of-State Tuition $70,700 Fees Annual Fees In-State Resident Fees $3,350 Out-of-State Resident Fees $3,350 Health Insurance Fee $5,479 Tuition Fees Include Technology (not computer) Other STRF Fee Estimates, Deposits, and More Estimated Annual Room Board, B",2026-06-08,aacom_com_submitted_profile,approved_aacom_extraction,AACOM COM-submitted profile mean MCAT and cumulative undergraduate GPA were extracted.
do_cusom_campbell_university_jerry_m_wallace_school_of_osteopathic_medicine_buies_c,Campbell University Jerry M. Wallace School of Osteopathic Medicine,DO,https://www.aacom.org/detail-pages/com/campbell-university-jerry-m.-wallace-school-of-osteopathic-medicine,Campbell University Jerry M. Wallace School of Osteopathic Medicine | AACOM,safe_match,1.04,fetched,accepted,2026-27,AACOM COM-submitted profile,aacom_reported_mean,504.6,3.61,,,"MCAT/GPA Information Mean MCAT Score 504.6 Avg. Cum. Undergrad GPA Score 3.61 Oldest MCAT Considered: January 1, 2024 Latest MCAT Score Accepted: January 31, 2027 Accepted Sources for Letters of Recommendation AACOMAS Interfolio Paper Email Main Admissions Contact (855) 287-6613 Phone cusomadmissions@campbell.edu Email https://medicine.campbell.edu/admissions/ Website Tuition, Fees & Financial Aid 2026-2027 Academic Year Tuition In-State Tuition $61,180 Out-of-State Tuition $61,180 Fees Annual Fees In-State Resident Fees $2,210 Out-of-State Resident Fees $2,210 Health Insurance Fee $4,390 Tuition Fees Include Computer Health Service Lab Student Activities Student Services Technology (not com",2026-06-08,aacom_com_submitted_profile,approved_aacom_extraction,AACOM COM-submitted profile mean MCAT and cumulative undergraduate GPA were extracted.
do_dmu_com_des_moines_university_college_of_osteopathic_medicine_west_des_moines_io,Des Moines University College of Osteopathic Medicine,DO,https://www.aacom.org/detail-pages/com/des-moines-university-college-of-osteopathic-medicine,Des Moines University College of Osteopathic Medicine | AACOM,safe_match,1.42,fetched,accepted,2026-27,AACOM COM-submitted profile,aacom_reported_mean,507.1,3.71,,,"MCAT/GPA Information Mean MCAT Score 507.1 Avg. Cum. Undergrad GPA Score 3.71 Oldest MCAT Considered: January 1, 2024 Latest MCAT Score Accepted: January 1, 2027 Accepted Sources for Letters of Recommendation AACOMAS Main Admissions Contact (515) 271-1499 Phone dmuadmit@dmu.edu Email https://www.dmu.edu/admission Website Tuition, Fees & Financial Aid 2026-2027 Academic Year Tuition In-State Tuition $68,620 Out-of-State Tuition $68,620 Fees Annual Fees In-State Resident Fees $89 Out-of-State Resident Fees $89 Health Insurance Fee $4,104 Tuition Fees Include Computer Health Service Lab Microscope Rental Student Activities Student Services Technology (not computer) Estimates, Deposits, and More",2026-06-08,aacom_com_submitted_profile,approved_aacom_extraction,AACOM COM-submitted profile mean MCAT and cumulative undergraduate GPA were extracted.
do_duqcom_duquesne_university_nasuti_college_of_osteopathic_medicine_pittsburgh_pen,Duquesne University Nasuti College of Osteopathic Medicine,DO,https://www.aacom.org/detail-pages/com/duquesne-university-college-of-osteopathic-medicine,Duquesne University Nasuti College of Osteopathic Medicine | AACOM,safe_match,1.42,fetched,accepted,2025-26,AACOM COM-submitted profile,aacom_reported_mean,505.7,3.63,,,"MCAT/GPA Information Mean MCAT Score 505.7 Avg. Cum. Undergrad GPA Score 3.63 Oldest MCAT Considered: July 30, 2024 Latest MCAT Score Accepted: March 30, 2027 Accepted Sources for Letters of Recommendation AACOMAS Interfolio Paper Email Main Admissions Contact (412) 396-5559 Phone DUQ-NCOMadmissions@duq.edu Email https://www.duq.edu/academics/colleges-and-schools/college-of-osteopathic-medicine/index.php Website Tuition, Fees & Financial Aid 2025-2026 Academic Year (2026/2027 TBA) Tuition In-State Tuition $66,698 2026-2027 TBA Out-of-State Tuition $66,698 2026-2027 TBA Fees Annual Fees In-State Resident Fees $1,500 2026-2027 TBA Out-of-State Resident Fees $1,500 2026-2027 TBA Health Insuranc",2026-06-08,aacom_com_submitted_profile,approved_aacom_extraction,AACOM COM-submitted profile mean MCAT and cumulative undergraduate GPA were extracted.
do_dyu_com_d_youville_university_college_of_osteopathic_medicine_buffalo_new_york,D’Youville University College of Osteopathic Medicine,DO,https://www.aacom.org/detail-pages/com/d'youville-university-college-of-osteopathic-medicine,D'Youville University College of Osteopathic Medicine | AACOM,safe_match,1.37,fetched,no_relevant_aacom_stats_found,2025-26,AACOM COM-submitted profile,aacom_reported_mean,,,,,"MCAT/GPA Information Oldest MCAT Considered: March 31, 2024 Latest MCAT Score Accepted: March 31, 2027 Accepted Sources for Letters of Recommendation AACOMAS Main Admissions Contact (716) 829-7600 Phone doadmissions@dyu.edu Email https://www.dyu.edu/medicine Website Tuition, Fees & Financial Aid 2025-2026 Academic Year Tuition In-State Tuition $55,000 (2026-27 TBA) Out-of-State Tuition $55,000 (2026-27 TBA) Fees Annual Fees In-State Resident Fees $5,600 (2026-27 TBA) Out-of-State Resident Fees $5,600 (2026-27 TBA) Health Insurance Fee $4,405 (2026-27 TBA) Tuition Fees Include Lab Other Comprehensive Education Fee is required - includes, but is not limited to, Labs, Student Activities, Studen",2026-06-08,aacom_com_submitted_profile,needs_review,No AACOM MCAT/GPA Information values were found in the fetched profile text.
do_vcom_auburn_campus_edward_via_college_of_osteopathic_medicine_auburn_alabama,Edward Via College of Osteopathic Medicine,DO,https://www.aacom.org/detail-pages/com/edward-via-college-of-osteopathic-medicine-auburn,Edward Via College of Osteopathic Medicine Auburn Campus | AACOM,safe_match,1.42,fetched,accepted,2026-27,AACOM COM-submitted profile,aacom_reported_mean,502.2,3.73,,,"MCAT/GPA Information Mean MCAT Score 502.2 Avg. Cum. Undergrad GPA Score 3.73 Oldest MCAT Considered: April 1, 2023 Latest MCAT Score Accepted: January 31, 2027 Accepted Sources for Letters of Recommendation AACOMAS Interfolio Paper Main Admissions Contact (334) 442-4025 Phone admissions-auburn@auburn.vcom.edu Email https://www.vcom.edu/admissions/applying/requirements Website Tuition, Fees & Financial Aid 2026-2027 Academic Year Tuition In-State Tuition $52,500 Out-of-State Tuition $52,500 Fees Annual Fees In-State Resident Fees $0 Out-of-State Resident Fees $0 Health Insurance Fee $0 Estimates, Deposits, and More Estimated Annual Room Board, Books, and Living Costs $41,907 Average Graduate",2026-06-08,aacom_com_submitted_profile,approved_aacom_extraction,AACOM COM-submitted profile mean MCAT and cumulative undergraduate GPA were extracted.
do_vcom_carolinas_edward_via_college_of_osteopathic_medicine_spartanburg_south_caro,Edward Via College of Osteopathic Medicine,DO,https://www.aacom.org/detail-pages/com/edward-via-college-of-osteopathic-medicine-carolinas,Edward Via College of Osteopathic Medicine Carolinas Campus | AACOM,safe_match,1.42,fetched,accepted,2026-27,AACOM COM-submitted profile,aacom_reported_mean,501.7,3.72,,,"MCAT/GPA Information Mean MCAT Score 501.7 Avg. Cum. Undergrad GPA Score 3.72 Oldest MCAT Considered: April 10, 2023 Latest MCAT Score Accepted: January 31, 2027 Accepted Sources for Letters of Recommendation AACOMAS Interfolio Paper Main Admissions Contact (864) 327-9906 Phone admissions-carolinas@vcom.edu Email https://www.vcom.edu/admissions/applying/requirements Website Tuition, Fees & Financial Aid 2026-2027 Academic Year Tuition In-State Tuition $52,500 Out-of-State Tuition $52,500 Fees Annual Fees In-State Resident Fees $0 Out-of-State Resident Fees $0 Health Insurance Fee $0 Estimates, Deposits, and More Estimated Annual Room Board, Books, and Living Costs $41,907 Average Graduate In",2026-06-08,aacom_com_submitted_profile,approved_aacom_extraction,AACOM COM-submitted profile mean MCAT and cumulative undergraduate GPA were extracted.
do_vcom_virginia_edward_via_college_of_osteopathic_medicine_blacksburg_virginia,Edward Via College of Osteopathic Medicine,DO,https://www.aacom.org/detail-pages/com/edward-via-college-of-osteopathic-medicine-virginia-campus,Edward Via College of Osteopathic Medicine Virginia Campus | AACOM,safe_match,1.42,fetched,accepted,2026-27,AACOM COM-submitted profile,aacom_reported_mean,503.2,3.68,,,"MCAT/GPA Information Mean MCAT Score 503.2 Avg. Cum. Undergrad GPA Score 3.68 Oldest MCAT Considered: April 1, 2023 Latest MCAT Score Accepted: January 31, 2027 Accepted Sources for Letters of Recommendation AACOMAS Interfolio Paper Main Admissions Contact (540) 231-6138 Phone admissions-virginia@vcom.edu Email https://www.vcom.edu/admissions Website Tuition, Fees & Financial Aid 2026-2027 Academic Year Tuition In-State Tuition $52,500 Out-of-State Tuition $52,500 Fees Annual Fees In-State Resident Fees $0 Out-of-State Resident Fees $0 Health Insurance Fee $0 Estimates, Deposits, and More Estimated Annual Room Board, Books, and Living Costs $TBA Average Graduate Indebtedness $TBA Acceptance ",2026-06-08,aacom_com_submitted_profile,approved_aacom_extraction,AACOM COM-submitted profile mean MCAT and cumulative undergraduate GPA were extracted.
do_vcom_louisiana_edward_via_college_of_osteopathic_medicine_louisiana_campus_monro,Edward Via College of Osteopathic Medicine-Louisiana Campus,DO,https://www.aacom.org/detail-pages/com/edward-via-college-of-osteopathic-medicine-louisiana,Edward Via College of Osteopathic Medicine Louisiana Campus | AACOM,safe_match,1.42,fetched,accepted,2026-27,AACOM COM-submitted profile,aacom_reported_mean,498.7,3.69,,,"MCAT/GPA Information Mean MCAT Score 498.7 Avg. Cum. Undergrad GPA Score 3.69 Oldest MCAT Considered: April 1, 2023 Latest MCAT Score Accepted: January 31, 2027 Accepted Sources for Letters of Recommendation AACOMAS Interfolio Paper Main Admissions Contact (318) 342-7105 Phone admissions-louisiana@vcom.edu Email https://www.vcom.edu/admissions/applying/requirements Website Tuition, Fees & Financial Aid 2026-2027 Academic Year Tuition In-State Tuition $51,800 Out-of-State Tuition $52,500 Fees Annual Fees In-State Resident Fees $0 Out-of-State Resident Fees $0 Health Insurance Fee $0 Estimates, Deposits, and More Estimated Annual Room Board, Books, and Living Costs $41,907 Average Graduate Ind",2026-06-08,aacom_com_submitted_profile,approved_aacom_extraction,AACOM COM-submitted profile mean MCAT and cumulative undergraduate GPA were extracted.
do_icom_idaho_college_of_osteopathic_medicine_meridian_idaho,Idaho College of Osteopathic Medicine,DO,https://www.aacom.org/detail-pages/com/idaho-college-of-osteopathic-medicine,Idaho College of Osteopathic Medicine | AACOM,safe_match,1.42,fetched,accepted,2026-27,AACOM COM-submitted profile,aacom_reported_mean,503.2,3.56,,,"MCAT/GPA Information Mean MCAT Score 503.2 Avg. Cum. Undergrad GPA Score 3.56 Oldest MCAT Considered: January 1, 2024 Latest MCAT Score Accepted: January 31, 2027 Accepted Sources for Letters of Recommendation AACOMAS Interfolio Email Main Admissions Contact (208) 795-ICOM (4266) Phone admissions@icom.edu Email https://www.icom.edu/admission-aid/admissions Website Tuition, Fees & Financial Aid 2026-2027 Academic Year Tuition In-State Tuition $62,792 (2026 TBA) Out-of-State Tuition $62,792 (2026 TBA) Fees Annual Fees In-State Resident Fees $2,500 (2026 TBA) Out-of-State Resident Fees $2,500 (2026 TBA) Health Insurance Fee ~$4,900 (2026 TBA) Tuition Fees Include Computer Lab Student Activities",2026-06-08,aacom_com_submitted_profile,approved_aacom_extraction,AACOM COM-submitted profile mean MCAT and cumulative undergraduate GPA were extracted.
do_illinoiscom_illinois_college_of_osteopathic_medicine_chicago_illinois,Illinois College of Osteopathic Medicine,DO,https://www.aacom.org/detail-pages/com/illinois-college-of-osteopathic-medicine-at-the-chicago-school,Illinois College of Osteopathic Medicine at The Chicago School | AACOM,safe_match,1.42,fetched,no_relevant_aacom_stats_found,2025-26,AACOM COM-submitted profile,aacom_reported_mean,,,,,"MCAT/GPA Information Oldest MCAT Considered: January 1, 2024 Latest MCAT Score Accepted: March 19, 2027 Accepted Sources for Letters of Recommendation AACOMAS Main Admissions Contact 312-410-8998 Phone COMAdmissions@thechicagoschool.edu Email https://www.thechicagoschool.edu/programs/medicine/do/apply/ Website 2025-2026 Academic Year Tuition In-State Tuition $64,668 Out-of-State Tuition $64,668 Fees Annual Fees In-State Resident Fees $2,558 Out-of-State Resident Fees $2,558 Health Insurance Fee TBA Tuition Fees Include Other Estimates, Deposits, and More Acceptance Deposit $2,000 Additional Deposit $0 Deposit Applied to Tuition? Yes Deposit Refundable? No Financial Aid Financial Aid Website ",2026-06-08,aacom_com_submitted_profile,needs_review,No AACOM MCAT/GPA Information values were found in the fetched profile text.
do_iupcom_indiana_university_of_pennsylvania_college_of_osteopathic_medicine_indian,Indiana University of Pennsylvania College of Osteopathic Medicine,DO,https://www.aacom.org/detail-pages/com/indiana-university-of-pennsylvania-college-of-osteopathic-medicine,Indiana University of Pennsylvania College of Osteopathic Medicine | AACOM,safe_match,1.42,fetched,no_relevant_aacom_stats_found,2026-27,AACOM COM-submitted profile,aacom_reported_mean,,,,,"MCAT/GPA Information Oldest MCAT Considered: July 1, 2024 Latest MCAT Score Accepted: January 31, 2027 Accepted Sources for Letters of Recommendation AACOMAS Interfolio Email Main Admissions Contact (724) 357-6219 Phone com-admissions@iup.edu Email https://www.iup.edu/academics/find-your-degree/programs/com/doctor-of-osteopathic-medicine.html Website Tuition, Fees & Financial Aid 2026-2027 Academic Year Tuition In-State Tuition $43,200 Out-of-State Tuition $65,000 Fees Annual Fees In-State Resident Fees $1,570 Out-of-State Resident Fees $1,720 Health Insurance Fee TBD Tuition Fees Include Student Activities Student Services Technology (not computer) Other Graduate Estimates, Deposits, and Mo",2026-06-08,aacom_com_submitted_profile,needs_review,No AACOM MCAT/GPA Information values were found in the fetched profile text.
do_kcu_com_kansas_city_university_of_medicine_and_biosciences_college_of_osteopathi,Kansas City University of Medicine and Biosciences College of Osteopathic Medicine,DO,https://www.aacom.org/detail-pages/com/kansas-city-university-college-of-osteopathic-medicine,Kansas City University College of Osteopathic Medicine | AACOM,safe_match,1.42,fetched,accepted,2026-27,AACOM COM-submitted profile,aacom_reported_mean,504.5,3.68,,,"MCAT/GPA Information Mean MCAT Score 504.5 Avg. Cum. Undergrad GPA Score 3.68 Oldest MCAT Considered: May 1, 2024 Latest MCAT Score Accepted: February 1, 2027 Accepted Sources for Letters of Recommendation AACOMAS Interfolio Paper Email Main Admissions Contact (816) 654-7160 Phone admissions@kansascity.edu Email https://osteopathic-medicine-program.kansascity.edu/ Website Tuition, Fees* & Financial Aid 2026-2027 Academic Year Tuition In-State Tuition $59,030 Out-of-State Tuition $59,030 Fees Annual Fees In-State Resident Fees $4,230 Out-of-State Resident Fees $4,230 Health Insurance Fee $3,500 (need to update for 2026-2027 cycle) Tuition Fees Include Lab Student Activities Student Services T",2026-06-08,aacom_com_submitted_profile,approved_aacom_extraction,AACOM COM-submitted profile mean MCAT and cumulative undergraduate GPA were extracted.
do_kcu_com_joplin_kansas_city_university_of_medicine_and_biosciences_college_of_ost,Kansas City University of Medicine and Biosciences College of Osteopathic Medicine,DO,https://www.aacom.org/detail-pages/com/kansas-city-university-college-of-osteopathic-medicine---joplin-campus,Kansas City University College of Osteopathic Medicine | AACOM,safe_match,1.42,fetched,accepted,2026-27,AACOM COM-submitted profile,aacom_reported_mean,504.5,3.68,,,"MCAT/GPA Information Mean MCAT Score 504.5 Avg. Cum. Undergrad GPA Score 3.68 Oldest MCAT Considered: May 1, 2024 Latest MCAT Score Accepted: February 1, 2027 Accepted Sources for Letters of Recommendation AACOMAS Interfolio Paper Email Main Admissions Contact (816) 654-7160 Phone admissions@kansascity.edu Email https://osteopathic-medicine-program.kansascity.edu/ Website Tuition, Fees* & Financial Aid 2026-2027 Academic Year Tuition In-State Tuition $59,030 Out-of-State Tuition $59,030 Fees Annual Fees In-State Resident Fees $4,230 Out-of-State Resident Fees $4,230 Health Insurance Fee $3,500 (need to update for 2026-2027 cycle) Tuition Fees Include Lab Student Activities Student Services T",2026-06-08,aacom_com_submitted_profile,approved_aacom_extraction,AACOM COM-submitted profile mean MCAT and cumulative undergraduate GPA were extracted.
do_kansascom_kansas_health_sciences_center_kansas_college_of_osteopathic_medicine_w,Kansas Health Sciences Center Kansas College of Osteopathic Medicine,DO,https://www.aacom.org/detail-pages/com/kansas-health-science-center-kansas-college-of-osteopathic-medicine,Kansas Health Science University-Kansas College of Osteopathic Medicine | AACOM,safe_match,1.42,fetched,accepted,2025-26,AACOM COM-submitted profile,aacom_reported_mean,496.9,3.53,,,"MCAT/GPA Information Mean MCAT Score 496.9 Avg. Cum. Undergrad GPA Score 3.53 Oldest MCAT Considered: January 1, 2024 Latest MCAT Score Accepted: March 31, 2027 Accepted Sources for Letters of Recommendation AACOMAS Interfolio Main Admissions Contact (316) 315-5660 Phone khscadmissions@kansashsc.org Email https://kansascom.kansashsc.org/admissions/application-process/ Website Tuition, Fees & Financial Aid 2025-2026 Academic Year (2026-2027 TBA) Tuition In-State Tuition $59,955 (2026 TBA) Out-of-State Tuition $59,955 (2026 TBA) Fees Annual Fees In-State Resident Fees $3,000 (2026 TBA) Out-of-State Resident Fees $3,000 (2026 TBA) Health Insurance Fee $3,891 (2026 TBA) Tuition Fees Include Lab ",2026-06-08,aacom_com_submitted_profile,approved_aacom_extraction,AACOM COM-submitted profile mean MCAT and cumulative undergraduate GPA were extracted.
do_lecom_bradenton_lake_erie_college_of_osteopathic_medicine_bradenton_bradenton_fl,Lake Erie College of Osteopathic Medicine – Bradenton,DO,https://www.aacom.org/detail-pages/com/lake-erie-college-of-osteopathic-medicine-bradenton,Lake Erie College of Osteopathic Medicine - Bradenton Campus | AACOM,safe_match,1.42,fetched,accepted,2026-27,AACOM COM-submitted profile,aacom_reported_mean,505.2,3.71,,,"MCAT/GPA Information Mean MCAT Score 505.2 Avg. Cum. Undergrad GPA Score 3.71 Oldest MCAT Considered: July 1, 2022 Latest MCAT Score Accepted: January 31, 2027 Accepted Sources for Letters of Recommendation AACOMAS Interfolio Paper Email Main Admissions Contact (941) 756-0690 Phone Medicinefla@lecom.edu Email https://lecom.edu/college-of-osteopathic-medicine/com-entrance-requirements/ Website Tuition, Fees & Financial Aid 2026-2027 academic year Tuition In-State Tuition $42,395 Out-of-State Tuition $42,750 Fees Annual Fees In-State Resident Fees $3,387 Out-of-State Resident Fees $3,387 Health Insurance Fee $4,524 Tuition Fees Include Student Services Technology (not computer) Other Board Pre",2026-06-08,aacom_com_submitted_profile,approved_aacom_extraction,AACOM COM-submitted profile mean MCAT and cumulative undergraduate GPA were extracted.
do_lecom_elmira_lake_erie_college_of_osteopathic_medicine_elmira_elmira_new_york,Lake Erie College of Osteopathic Medicine – Elmira,DO,https://www.aacom.org/detail-pages/com/lecom-at-elmira,Lake Erie College of Osteopathic Medicine | AACOM,safe_match,1.54,fetched,accepted,2026-27,AACOM COM-submitted profile,aacom_reported_mean,502.3,3.64,,,"MCAT/GPA Information Mean MCAT Score 502.3 Avg. Cum. Undergrad GPA Score 3.64 Oldest MCAT Considered: July 1, 2022 Latest MCAT Score Accepted: January 31, 2027 Accepted Sources for Letters of Recommendation AACOMAS Interfolio Paper Email Main Admissions Contact (814) 866-6641 Phone admissions1@lecom.edu Email https://lecom.edu/admissions/ Website Tuition, Fees & Financial Aid 2026-2027 Academic Year Tuition In-State Tuition $41,825 Erie and Seton Hill; $44,875 Elmira; $44,000 Jacksonville Out-of-State Tuition $41,825 Erie and Seton Hill; $44,875 Elmira; $44,000 Jacksonville Fees Annual Fees In-State Resident Fees $3,565 Erie, $3,227.89 Seton Hill, $3,269.89 Elmira & Jacksonville Out-of-State",2026-06-08,aacom_com_submitted_profile,approved_aacom_extraction,AACOM COM-submitted profile mean MCAT and cumulative undergraduate GPA were extracted.
do_lecom_lake_erie_college_of_osteopathic_medicine_erie_erie_pennsylvania,Lake Erie College of Osteopathic Medicine – Erie,DO,https://www.aacom.org/detail-pages/com/lake-erie-college-of-osteopathic-medicine,Lake Erie College of Osteopathic Medicine | AACOM,safe_match,1.42,fetched,accepted,2026-27,AACOM COM-submitted profile,aacom_reported_mean,502.3,3.64,,,"MCAT/GPA Information Mean MCAT Score 502.3 Avg. Cum. Undergrad GPA Score 3.64 Oldest MCAT Considered: July 1, 2022 Latest MCAT Score Accepted: January 31, 2027 Accepted Sources for Letters of Recommendation AACOMAS Interfolio Paper Email Main Admissions Contact (814) 866-6641 Phone admissions1@lecom.edu Email https://lecom.edu/admissions/ Website Tuition, Fees & Financial Aid 2026-2027 Academic Year Tuition In-State Tuition $41,825 Erie and Seton Hill; $44,875 Elmira; $44,000 Jacksonville Out-of-State Tuition $41,825 Erie and Seton Hill; $44,875 Elmira; $44,000 Jacksonville Fees Annual Fees In-State Resident Fees $3,565 Erie, $3,227.89 Seton Hill, $3,269.89 Elmira & Jacksonville Out-of-State",2026-06-08,aacom_com_submitted_profile,approved_aacom_extraction,AACOM COM-submitted profile mean MCAT and cumulative undergraduate GPA were extracted.
do_lecom_jacksonville_lake_erie_college_of_osteopathic_medicine_jacksonville_jackso,Lake Erie College of Osteopathic Medicine – Jacksonville,DO,https://www.aacom.org/detail-pages/com/lake-erie-college-of-osteopathic-medicine-at-jacksonville-university,Lake Erie College of Osteopathic Medicine | AACOM,safe_match,1.42,fetched,accepted,2026-27,AACOM COM-submitted profile,aacom_reported_mean,502.3,3.64,,,"MCAT/GPA Information Mean MCAT Score 502.3 Avg. Cum. Undergrad GPA Score 3.64 Oldest MCAT Considered: July 1, 2022 Latest MCAT Score Accepted: January 31, 2027 Accepted Sources for Letters of Recommendation AACOMAS Interfolio Paper Email Main Admissions Contact (814) 866-6641 Phone admissions1@lecom.edu Email https://lecom.edu/admissions/ Website Tuition, Fees & Financial Aid 2026-2027 Academic Year Tuition In-State Tuition $41,825 Erie and Seton Hill; $44,875 Elmira; $44,000 Jacksonville Out-of-State Tuition $41,825 Erie and Seton Hill; $44,875 Elmira; $44,000 Jacksonville Fees Annual Fees In-State Resident Fees $3,565 Erie, $3,227.89 Seton Hill, $3,269.89 Elmira & Jacksonville Out-of-State",2026-06-08,aacom_com_submitted_profile,approved_aacom_extraction,AACOM COM-submitted profile mean MCAT and cumulative undergraduate GPA were extracted.
do_lecom_seton_hill_lake_erie_college_of_osteopathic_medicine_seton_hill_greensburg,Lake Erie College of Osteopathic Medicine – Seton Hill,DO,https://www.aacom.org/detail-pages/com/lecom-at-seton-hill,Lake Erie College of Osteopathic Medicine | AACOM,safe_match,1.16,fetched,accepted,2026-27,AACOM COM-submitted profile,aacom_reported_mean,502.3,3.64,,,"MCAT/GPA Information Mean MCAT Score 502.3 Avg. Cum. Undergrad GPA Score 3.64 Oldest MCAT Considered: July 1, 2022 Latest MCAT Score Accepted: January 31, 2027 Accepted Sources for Letters of Recommendation AACOMAS Interfolio Paper Email Main Admissions Contact (814) 866-6641 Phone admissions1@lecom.edu Email https://lecom.edu/admissions/ Website Tuition, Fees & Financial Aid 2026-2027 Academic Year Tuition In-State Tuition $41,825 Erie and Seton Hill; $44,875 Elmira; $44,000 Jacksonville Out-of-State Tuition $41,825 Erie and Seton Hill; $44,875 Elmira; $44,000 Jacksonville Fees Annual Fees In-State Resident Fees $3,565 Erie, $3,227.89 Seton Hill, $3,269.89 Elmira & Jacksonville Out-of-State",2026-06-08,aacom_com_submitted_profile,approved_aacom_extraction,AACOM COM-submitted profile mean MCAT and cumulative undergraduate GPA were extracted.
do_lucom_liberty_university_college_of_osteopathic_medicine_lynchburg_virginia,Liberty University College of Osteopathic Medicine,DO,https://www.aacom.org/detail-pages/com/liberty-university-college-of-osteopathic-medicine,Liberty University College of Osteopathic Medicine | AACOM,safe_match,1.42,fetched,accepted,2025-26,AACOM COM-submitted profile,aacom_reported_mean,503.3,3.63,,,"MCAT/GPA Information Mean MCAT Score 503.3 Avg. Cum. Undergrad GPA Score 3.63 Oldest MCAT Considered: May 5, 2023 Latest MCAT Score Accepted: January 15, 2027 Accepted Sources for Letters of Recommendation AACOMAS Main Admissions Contact (434) 592-7444 Phone lucomadmissions@liberty.edu Email https://www.liberty.edu/lucom/admissions/ Website Tuition, Fees & Financial Aid 2025-26 Academic Year (update to 2026/2027 rates) Tuition In-State Tuition $51,170 Out-of-State Tuition $51,170 Fees Annual Fees In-State Resident Fees $4,775 Out-of-State Resident Fees $4,775 Health Insurance Fee $0 Tuition Fees Include Computer Health Service Lab Student Activities Student Services Other Anatomy, Clinical M",2026-06-08,aacom_com_submitted_profile,approved_aacom_extraction,AACOM COM-submitted profile mean MCAT and cumulative undergraduate GPA were extracted.
do_lmu_dcom_lincoln_memorial_university_debusk_college_of_osteopathic_medicine_harr,Lincoln Memorial University-DeBusk College of Osteopathic Medicine,DO,https://www.aacom.org/detail-pages/com/lincoln-memorial-university-debusk-college-of-osteopathic-medicine,Lincoln Memorial University-DeBusk College of Osteopathic Medicine | AACOM,safe_match,1.42,fetched,accepted,2026-27,AACOM COM-submitted profile,aacom_reported_mean,497,3.6,,,"MCAT/GPA Information Mean MCAT Score 497.0 Avg. Cum. Undergrad GPA Score 3.60 Oldest MCAT Considered: May 1, 2023 Latest MCAT Score Accepted: February 28, 2027 Accepted Sources for Letters of Recommendation AACOMAS Interfolio Paper Email Main Admissions Contact (423) 869-7090 Phone dcomadmissions@lmunet.edu Email https://www.lmunet.edu/debusk-college-of-osteopathic-medicine/do/admissions/ Website Tuition, Fees & Financial Aid 2026-2027 Academic Year Tuition In-State Tuition $59,550 - all campuses Out-of-State Tuition $59,550 - all campuses Fees Annual Fees In-State Resident Fees $656 - all campuses Out-of-State Resident Fees $656 - all campuses Health Insurance Fee $4,392 - all campuses Tuit",2026-06-08,aacom_com_submitted_profile,approved_aacom_extraction,AACOM COM-submitted profile mean MCAT and cumulative undergraduate GPA were extracted.
do_lmu_dcom_knoxville_lincoln_memorial_university_debusk_college_of_osteopathic_med,Lincoln Memorial University-DeBusk College of Osteopathic Medicine – Knoxville,DO,https://www.aacom.org/detail-pages/com/dcom-at-lmu-knoxville,Lincoln Memorial University-DeBusk College of Osteopathic Medicine | AACOM,safe_match,1.58,fetched,accepted,2026-27,AACOM COM-submitted profile,aacom_reported_mean,497,3.6,,,"MCAT/GPA Information Mean MCAT Score 497.0 Avg. Cum. Undergrad GPA Score 3.60 Oldest MCAT Considered: May 1, 2023 Latest MCAT Score Accepted: February 28, 2027 Accepted Sources for Letters of Recommendation AACOMAS Interfolio Paper Email Main Admissions Contact (423) 869-7090 Phone dcomadmissions@lmunet.edu Email https://www.lmunet.edu/debusk-college-of-osteopathic-medicine/do/admissions/ Website Tuition, Fees & Financial Aid 2026-2027 Academic Year Tuition In-State Tuition $59,550 - all campuses Out-of-State Tuition $59,550 - all campuses Fees Annual Fees In-State Resident Fees $656 - all campuses Out-of-State Resident Fees $656 - all campuses Health Insurance Fee $4,392 - all campuses Tuit",2026-06-08,aacom_com_submitted_profile,approved_aacom_extraction,AACOM COM-submitted profile mean MCAT and cumulative undergraduate GPA were extracted.
do_lmu_dcom_orange_park_lincoln_memorial_university_debusk_college_of_osteopathic_m,Lincoln Memorial University-DeBusk College of Osteopathic Medicine – Orange Park,DO,https://www.aacom.org/detail-pages/com/lmu-dcom-at-orange-park,Lincoln Memorial University-DeBusk College of Osteopathic Medicine | AACOM,safe_match,1.62,fetched,accepted,2026-27,AACOM COM-submitted profile,aacom_reported_mean,497,3.6,,,"MCAT/GPA Information Mean MCAT Score 497.0 Avg. Cum. Undergrad GPA Score 3.60 Oldest MCAT Considered: May 1, 2023 Latest MCAT Score Accepted: February 28, 2027 Accepted Sources for Letters of Recommendation AACOMAS Interfolio Paper Email Main Admissions Contact (423) 869-7090 Phone dcomadmissions@lmunet.edu Email https://www.lmunet.edu/debusk-college-of-osteopathic-medicine/do/admissions/ Website Tuition, Fees & Financial Aid 2026-2027 Academic Year Tuition In-State Tuition $59,550 - all campuses Out-of-State Tuition $59,550 - all campuses Fees Annual Fees In-State Resident Fees $656 - all campuses Out-of-State Resident Fees $656 - all campuses Health Insurance Fee $4,392 - all campuses Tuit",2026-06-08,aacom_com_submitted_profile,approved_aacom_extraction,AACOM COM-submitted profile mean MCAT and cumulative undergraduate GPA were extracted.
do_mu_wcom_marian_university_tom_and_julie_wood_college_of_osteopathic_medicine_ind,Marian University Tom and Julie Wood College of Osteopathic Medicine,DO,https://www.aacom.org/detail-pages/com/marian-university-college-of-osteopathic-medicine,Marian University Tom and Julie Wood College of Osteopathic Medicine | AACOM,safe_match,1.42,fetched,accepted,2026-27,AACOM COM-submitted profile,aacom_reported_mean,500.8,3.77,,,"MCAT/GPA Information Mean MCAT Score 500.8 Avg. Cum. Undergrad GPA Score 3.77 Oldest MCAT Considered: January 1, 2024 Latest MCAT Score Accepted: December 31, 2026 Accepted Sources for Letters of Recommendation AACOMAS Interfolio Paper Email Main Admissions Contact (317) 955-6400 Phone COMadmissions@marian.edu Email https://www.marian.edu/osteopathic-medical-school/admissions/index.php Website Tuition, Fees & Financial Aid 2026-2027 Academic Year Tuition In-State Tuition $63,600 Out-of-State Tuition $63,600 Fees Annual Fees In-State Resident Fees $1,500 Out-of-State Resident Fees $1,500 Health Insurance Fee $4,974 Tuition Fees Include Health Service Lab Student Activities Student Services Te",2026-06-08,aacom_com_submitted_profile,approved_aacom_extraction,AACOM COM-submitted profile mean MCAT and cumulative undergraduate GPA were extracted.
do_msom_meritus_school_of_osteopathic_medicine_hagerstown_maryland,Meritus School of Osteopathic Medicine,DO,https://www.aacom.org/detail-pages/com/meritus-school-of-osteopathic-medicine,Meritus School of Osteopathic Medicine | AACOM,safe_match,1.42,fetched,accepted,2026-27,AACOM COM-submitted profile,aacom_reported_mean,500.5,3.55,,,"MCAT/GPA Information Mean MCAT Score 500.5 Avg. Cum. Undergrad GPA Score 3.55 Oldest MCAT Considered: January 1, 2023 Latest MCAT Score Accepted: January 1, 2026 Accepted Sources for Letters of Recommendation AACOMAS Main Admissions Contact (301) 790-8400 Phone admissions@msom.org Email https://msom.org/admissions/admissions-requirements Website Tuition, Fees & Financial Aid 2026-2027 Academic Year Tuition In-State Tuition $59,500 Out-of-State Tuition $59,500 Fees Annual Fees In-State Resident Fees $4,500 Out-of-State Resident Fees $4,500 Health Insurance Fee $5,100 Tuition Fees Include Computer Student Services Technology (not computer) Other Curriculum supports Estimates, Deposits, and Mor",2026-06-08,aacom_com_submitted_profile,approved_aacom_extraction,AACOM COM-submitted profile mean MCAT and cumulative undergraduate GPA were extracted.
do_msucom_michigan_state_university_college_of_osteopathic_medicine_east_lansing_mi,Michigan State University College of Osteopathic Medicine,DO,https://www.aacom.org/detail-pages/com/michigan-state-university-college-of-osteopathic-medicine,Michigan State University College of Osteopathic Medicine | AACOM,safe_match,1.42,fetched,accepted,2025-26,AACOM COM-submitted profile,aacom_reported_mean,506.7,3.75,,,"MCAT/GPA Information Mean MCAT Score 506.7 Avg. Cum. Undergrad GPA Score 3.75 Oldest MCAT Considered: December 31, 2023 Latest MCAT Score Accepted: December 31, 2026 Accepted Sources for Letters of Recommendation AACOMAS Main Admissions Contact (517) 353-7740 Phone com.admissions@msu.edu Email https://osteopathicmedicine.msu.edu/future-students/why-msu-college-osteopathic-medicine Website Tuition, Fees & Financial Aid 2025-2026 Academic Year (waiting on 2026/2027 figures) Tuition In-State Tuition $43,776 Out-of-State Tuition $61,838 Fees Annual Fees In-State Resident Fees $82 Out-of-State Resident Fees $82 Health Insurance Fee $2,759 Tuition Fees Include Lab Student Activities Student Servic",2026-06-08,aacom_com_submitted_profile,approved_aacom_extraction,AACOM COM-submitted profile mean MCAT and cumulative undergraduate GPA were extracted.
do_msucom_michigan_state_university_college_of_osteopathic_medicine_east_lansing_mi,Michigan State University College of Osteopathic Medicine,DO,https://www.aacom.org/detail-pages/com/msucom-in-clinton-township,Michigan State University College of Osteopathic Medicine | AACOM,safe_match,1.12,fetched,accepted,2025-26,AACOM COM-submitted profile,aacom_reported_mean,506.7,3.75,,,"MCAT/GPA Information Mean MCAT Score 506.7 Avg. Cum. Undergrad GPA Score 3.75 Oldest MCAT Considered: December 31, 2023 Latest MCAT Score Accepted: December 31, 2026 Accepted Sources for Letters of Recommendation AACOMAS Main Admissions Contact (517) 353-7740 Phone com.admissions@msu.edu Email https://osteopathicmedicine.msu.edu/future-students/why-msu-college-osteopathic-medicine Website Tuition, Fees & Financial Aid 2025-2026 Academic Year (waiting on 2026/2027 figures) Tuition In-State Tuition $43,776 Out-of-State Tuition $61,838 Fees Annual Fees In-State Resident Fees $82 Out-of-State Resident Fees $82 Health Insurance Fee $2,759 Tuition Fees Include Lab Student Activities Student Servic",2026-06-08,aacom_com_submitted_profile,approved_aacom_extraction,AACOM COM-submitted profile mean MCAT and cumulative undergraduate GPA were extracted.
do_msucom_dmc_michigan_state_university_college_of_osteopathic_medicine_detroit_mic,Michigan State University College of Osteopathic Medicine,DO,https://www.aacom.org/detail-pages/com/msucom-in-detroit,Michigan State University College of Osteopathic Medicine | AACOM,safe_match,1.42,fetched,accepted,2025-26,AACOM COM-submitted profile,aacom_reported_mean,506.7,3.75,,,"MCAT/GPA Information Mean MCAT Score 506.7 Avg. Cum. Undergrad GPA Score 3.75 Oldest MCAT Considered: December 31, 2023 Latest MCAT Score Accepted: December 31, 2026 Accepted Sources for Letters of Recommendation AACOMAS Main Admissions Contact (517) 353-7740 Phone com.admissions@msu.edu Email https://osteopathicmedicine.msu.edu/future-students/why-msu-college-osteopathic-medicine Website Tuition, Fees & Financial Aid 2025-2026 Academic Year (waiting on 2026/2027 figures) Tuition In-State Tuition $43,776 Out-of-State Tuition $61,838 Fees Annual Fees In-State Resident Fees $82 Out-of-State Resident Fees $82 Health Insurance Fee $2,759 Tuition Fees Include Lab Student Activities Student Servic",2026-06-08,aacom_com_submitted_profile,approved_aacom_extraction,AACOM COM-submitted profile mean MCAT and cumulative undergraduate GPA were extracted.
do_mwu_azcom_midwestern_university_arizona_college_of_osteopathic_medicine_glendale,Midwestern University Arizona College of Osteopathic Medicine,DO,https://www.aacom.org/detail-pages/com/arizona-college-of-osteopathic-medicine,Arizona College of Osteopathic Medicine | AACOM,safe_match,1.42,fetched,accepted,2026-27,AACOM COM-submitted profile,aacom_reported_mean,504.1,3.62,,,"MCAT/GPA Information Mean MCAT Score 504.1 Avg. Cum. Undergrad GPA Score 3.62 Oldest MCAT Considered: August 1, 2024 Latest MCAT Score Accepted: June 1, 2027 Accepted Sources for Letters of Recommendation AACOMAS Interfolio Paper Email Main Admissions Contact 623-572-3275 Phone admissaz@midwestern.edu Email https://www.midwestern.edu Website Tuition, Fees & Financial Aid 2026-2027 Academic Year Tuition In-State Tuition $80,656 (2026 TBA) Out-of-State Tuition $80,656 (2026 TBA) Fees Annual Fees In-State Resident Fees $750 (2026 TBA) Out-of-State Resident Fees $750 (2026 TBA) Health Insurance Fee $3,738 (2026 TBA) Tuition Fees Include Student Services Estimates, Deposits, and More Estimated An",2026-06-08,aacom_com_submitted_profile,approved_aacom_extraction,AACOM COM-submitted profile mean MCAT and cumulative undergraduate GPA were extracted.
do_mwu_ccom_midwestern_university_chicago_college_of_osteopathic_medicine_downers_g,Midwestern University Chicago College of Osteopathic Medicine,DO,https://www.aacom.org/detail-pages/com/chicago-college-of-osteopathic-medicine-at-midwestern-university,Chicago College of Osteopathic Medicine at Midwestern University | AACOM,safe_match,1.42,fetched,accepted,2026-27,AACOM COM-submitted profile,aacom_reported_mean,508.8,3.66,,,"MCAT/GPA Information Mean MCAT Score 508.8 Avg. Cum. Undergrad GPA Score 3.66 Oldest MCAT Considered: January 1, 2024 Latest MCAT Score Accepted: April 1, 2027 Accepted Sources for Letters of Recommendation AACOMAS Interfolio Paper Email Main Admissions Contact (630) 515-7200 Phone admissIL@midwestern.edu Email https://www.midwestern.edu/admissions Website Tuition, Fees & Financial Aid 2026-2027 Academic Year (Fields marked 'TBA' will be posted when available.) Tuition In-State Tuition $85,232 Out-of-State Tuition $85,232 Fees Annual Fees In-State Resident Fees $TBA Out-of-State Resident Fees $TBA Health Insurance Fee $TBA Tuition Fees Include Lab Student Services Other Estimates, Deposits, ",2026-06-08,aacom_com_submitted_profile,approved_aacom_extraction,AACOM COM-submitted profile mean MCAT and cumulative undergraduate GPA were extracted.
do_nyitcom_new_york_institute_of_technology_college_of_osteopathic_medicine_old_wes,New York Institute of Technology College of Osteopathic Medicine,DO,https://www.aacom.org/detail-pages/com/new-york-institute-of-technology-college-of-osteopathic-medicine,New York Institute of Technology College of Osteopathic Medicine | AACOM,safe_match,1.42,fetched,accepted,2026-27,AACOM COM-submitted profile,aacom_reported_mean,504.6,3.69,,,"MCAT/GPA Information Mean MCAT Score 504.6 Avg. Cum. Undergrad GPA Score 3.69 Oldest MCAT Considered: January 15, 2024 Latest MCAT Score Accepted: January 15, 2027 Accepted Sources for Letters of Recommendation AACOMAS Interfolio Main Admissions Contact (516) 686-3997 Phone comadm@nyit.edu Email https://www.nyit.edu/medicine/admissions Website Tuition, Fees & Financial Aid 2026-2027 Academic Year Tuition In-State Tuition $70,720 Out-of-State Tuition $70,720 Fees Annual Fees In-State Resident Fees $1,729 Out-of-State Resident Fees $1,729 Health Insurance Fee $5,738 Tuition Fees Include Health Service Lab Student Activities Technology (not computer) Estimates, Deposits, and More Estimated Annu",2026-06-08,aacom_com_submitted_profile,approved_aacom_extraction,AACOM COM-submitted profile mean MCAT and cumulative undergraduate GPA were extracted.
do_nyitcom_jonesboro_new_york_institute_of_technology_college_of_osteopathic_medici,New York Institute of Technology College of Osteopathic Medicine at Arkansas State,DO,https://www.aacom.org/detail-pages/com/nyitcom-at-arkansas-state,New York Institute of Technology College of Osteopathic Medicine | AACOM,safe_match,1.42,fetched,accepted,2026-27,AACOM COM-submitted profile,aacom_reported_mean,504.6,3.69,,,"MCAT/GPA Information Mean MCAT Score 504.6 Avg. Cum. Undergrad GPA Score 3.69 Oldest MCAT Considered: January 15, 2024 Latest MCAT Score Accepted: January 15, 2027 Accepted Sources for Letters of Recommendation AACOMAS Interfolio Main Admissions Contact (516) 686-3997 Phone comadm@nyit.edu Email https://www.nyit.edu/medicine/admissions Website Tuition, Fees & Financial Aid 2026-2027 Academic Year Tuition In-State Tuition $70,720 Out-of-State Tuition $70,720 Fees Annual Fees In-State Resident Fees $1,729 Out-of-State Resident Fees $1,729 Health Insurance Fee $5,738 Tuition Fees Include Health Service Lab Student Activities Technology (not computer) Estimates, Deposits, and More Estimated Annu",2026-06-08,aacom_com_submitted_profile,approved_aacom_extraction,AACOM COM-submitted profile mean MCAT and cumulative undergraduate GPA were extracted.
do_noordacom_noorda_college_of_osteopathic_medicine_provo_utah,Noorda College of Osteopathic Medicine,DO,https://www.aacom.org/detail-pages/com/noorda-college-of-osteopathic-medicine,Noorda College of Osteopathic Medicine | AACOM,safe_match,1.42,fetched,accepted,2025-26,AACOM COM-submitted profile,aacom_reported_mean,501.8,3.47,,,"MCAT/GPA Information Mean MCAT Score 501.8 Avg. Cum. Undergrad GPA Score 3.47 Oldest MCAT Considered: May 4, 2023 Latest MCAT Score Accepted: March 20, 2027 Accepted Sources for Letters of Recommendation AACOMAS Interfolio Email Main Admissions Contact (385) 378-5204 Phone admissions@noorda.edu Email https://www.noorda.edu/admissions/ Website Tuition, Fees & Financial Aid 2025-26 Academic Year Tuition In-State Tuition $71,210 Out-of-State Tuition $71,210 Fees Annual Fees In-State Resident Fees $2,635 Out-of-State Resident Fees $2,635 Health Insurance Fee $6,086 Tuition Fees Include Computer Student Activities Student Services Technology (not computer) Estimates, Deposits, and More Estimated ",2026-06-08,aacom_com_submitted_profile,approved_aacom_extraction,AACOM COM-submitted profile mean MCAT and cumulative undergraduate GPA were extracted.
do_nsu_kpcom_nova_southeastern_university_dr_kiran_c_patel_college_of_osteopathic_m,Nova Southeastern University – Dr. Kiran C. Patel College of Osteopathic Medicine,DO,https://www.aacom.org/detail-pages/com/nova-southeastern-university-dr.-kiran-c.-patel-college-of-osteopathic-medicine,Nova Southeastern University Dr. Kiran C. Patel College of Osteopathic Medicine | AACOM,safe_match,1.42,fetched,accepted,2026-27,AACOM COM-submitted profile,aacom_reported_mean,504.5,3.71,,,"MCAT/GPA Information Mean MCAT Score 504.5 Avg. Cum. Undergrad GPA Score 3.71 Oldest MCAT Considered: July 19, 2024 Latest MCAT Score Accepted: January 15, 2027 Accepted Sources for Letters of Recommendation AACOMAS Paper Email Main Admissions Contact (866) 817-4068 Phone hpdadmissionsinfo@nova.edu Email https://osteopathic.nova.edu/degrees/doctoral/osteopathic-medicine-do/index.html#admission Website Tuition, Fees & Financial Aid 2026-2027 Tuition In-State Tuition $73,407 Out-of-State Tuition $73,407 Fees Annual Fees In-State Resident Fees TBA (see Other Fees below) Out-of-State Resident Fees TBA (see Other Fees below) Health Insurance Fee $2,673 Tuition Fees Include Health Service Lab Micr",2026-06-08,aacom_com_submitted_profile,approved_aacom_extraction,AACOM COM-submitted profile mean MCAT and cumulative undergraduate GPA were extracted.
do_nsu_kpcom_clearwater_nova_southeastern_university_dr_kiran_c_patel_college_of_os,Nova Southeastern University – Dr. Kiran C. Patel College of Osteopathic Medicine,DO,https://www.aacom.org/detail-pages/com/nsu-kpcom-in-clearwater,Nova Southeastern University Dr. Kiran C. Patel College of Osteopathic Medicine | AACOM,safe_match,1.58,fetched,accepted,2026-27,AACOM COM-submitted profile,aacom_reported_mean,504.5,3.71,,,"MCAT/GPA Information Mean MCAT Score 504.5 Avg. Cum. Undergrad GPA Score 3.71 Oldest MCAT Considered: July 19, 2024 Latest MCAT Score Accepted: January 15, 2027 Accepted Sources for Letters of Recommendation AACOMAS Paper Email Main Admissions Contact (866) 817-4068 Phone hpdadmissionsinfo@nova.edu Email https://osteopathic.nova.edu/degrees/doctoral/osteopathic-medicine-do/index.html#admission Website Tuition, Fees & Financial Aid 2026-2027 Tuition In-State Tuition $73,407 Out-of-State Tuition $73,407 Fees Annual Fees In-State Resident Fees TBA (see Other Fees below) Out-of-State Resident Fees TBA (see Other Fees below) Health Insurance Fee $2,673 Tuition Fees Include Health Service Lab Micr",2026-06-08,aacom_com_submitted_profile,approved_aacom_extraction,AACOM COM-submitted profile mean MCAT and cumulative undergraduate GPA were extracted.
do_ou_hcom_ohio_university_heritage_college_of_osteopathic_medicine_athens_ohio,Ohio University Heritage College of Osteopathic Medicine,DO,https://www.aacom.org/detail-pages/com/ohio-university-heritage-college-of-osteopathic-medicine,Ohio University Heritage College of Osteopathic Medicine | AACOM,safe_match,1.42,fetched,accepted,2026-27,AACOM COM-submitted profile,aacom_reported_mean,503.5,3.68,,,"MCAT/GPA Information Mean MCAT Score 503.5 Avg. Cum. Undergrad GPA Score 3.68 Oldest MCAT Considered: January 1, 2024 Latest MCAT Score Accepted: January 31, 2027 Accepted Sources for Letters of Recommendation AACOMAS Interfolio Paper Email Main Admissions Contact (740) 593-4313 Phone ou-hcom@ohio.edu Email http://www.ohio.edu/medicine/med-admissions/ Website Tuition, Fees & Financial Aid 2026-2027 Academic Year Tuition In-State Tuition $38,564 (2026/27 TBA) Out-of-State Tuition $56,284 (2026/27 TBA) Fees Annual Fees In-State Resident Fees $2,578 (2026/27 TBA) Out-of-State Resident Fees $2,578 (2026/27 TBA) Health Insurance Fee $3,098 (2026/27 TBA) Tuition Fees Include Health Service Lab Stu",2026-06-08,aacom_com_submitted_profile,approved_aacom_extraction,AACOM COM-submitted profile mean MCAT and cumulative undergraduate GPA were extracted.
do_ou_hcom_cleveland_ohio_university_heritage_college_of_osteopathic_medicine_cleve,Ohio University Heritage College of Osteopathic Medicine,DO,https://www.aacom.org/detail-pages/com/ou-hcom-cleveland,Ohio University Heritage College of Osteopathic Medicine | AACOM,safe_match,1.20,fetched,accepted,2026-27,AACOM COM-submitted profile,aacom_reported_mean,503.5,3.68,,,"MCAT/GPA Information Mean MCAT Score 503.5 Avg. Cum. Undergrad GPA Score 3.68 Oldest MCAT Considered: January 1, 2024 Latest MCAT Score Accepted: January 31, 2027 Accepted Sources for Letters of Recommendation AACOMAS Interfolio Paper Email Main Admissions Contact (740) 593-4313 Phone ou-hcom@ohio.edu Email http://www.ohio.edu/medicine/med-admissions/ Website Tuition, Fees & Financial Aid 2026-2027 Academic Year Tuition In-State Tuition $38,564 (2026/27 TBA) Out-of-State Tuition $56,284 (2026/27 TBA) Fees Annual Fees In-State Resident Fees $2,578 (2026/27 TBA) Out-of-State Resident Fees $2,578 (2026/27 TBA) Health Insurance Fee $3,098 (2026/27 TBA) Tuition Fees Include Health Service Lab Stu",2026-06-08,aacom_com_submitted_profile,approved_aacom_extraction,AACOM COM-submitted profile mean MCAT and cumulative undergraduate GPA were extracted.
do_ou_hcom_dublin_ohio_university_heritage_college_of_osteopathic_medicine_dublin_d,Ohio University Heritage College of Osteopathic Medicine – Dublin,DO,https://www.aacom.org/detail-pages/com/ou-hcom-dublin,Ohio University Heritage College of Osteopathic Medicine | AACOM,safe_match,1.58,fetched,accepted,2026-27,AACOM COM-submitted profile,aacom_reported_mean,503.5,3.68,,,"MCAT/GPA Information Mean MCAT Score 503.5 Avg. Cum. Undergrad GPA Score 3.68 Oldest MCAT Considered: January 1, 2024 Latest MCAT Score Accepted: January 31, 2027 Accepted Sources for Letters of Recommendation AACOMAS Interfolio Paper Email Main Admissions Contact (740) 593-4313 Phone ou-hcom@ohio.edu Email http://www.ohio.edu/medicine/med-admissions/ Website Tuition, Fees & Financial Aid 2026-2027 Academic Year Tuition In-State Tuition $38,564 (2026/27 TBA) Out-of-State Tuition $56,284 (2026/27 TBA) Fees Annual Fees In-State Resident Fees $2,578 (2026/27 TBA) Out-of-State Resident Fees $2,578 (2026/27 TBA) Health Insurance Fee $3,098 (2026/27 TBA) Tuition Fees Include Health Service Lab Stu",2026-06-08,aacom_com_submitted_profile,approved_aacom_extraction,AACOM COM-submitted profile mean MCAT and cumulative undergraduate GPA were extracted.
do_osu_com_oklahoma_state_university_center_for_health_sciences_college_of_osteopat,Oklahoma State University Center for Health Sciences College of Osteopathic Medicine,DO,https://www.aacom.org/detail-pages/com/oklahoma-state-university-college-of-osteopathic-medicine,Oklahoma State University College of Osteopathic Medicine | AACOM,safe_match,1.42,fetched,accepted,2025-26,AACOM COM-submitted profile,aacom_reported_mean,500.9,3.75,,,"MCAT/GPA Information Mean MCAT Score 500.9 Avg. Cum. Undergrad GPA Score 3.75 Oldest MCAT Considered: January 1, 2024 Latest MCAT Score Accepted: January 1, 2027 Accepted Sources for Letters of Recommendation AACOMAS Interfolio Paper Email Main Admissions Contact (918) 561-8324 Phone osucomadmissions@okstate.edu Email https://medicine.okstate.edu/com/admissions/index.html Website Tuition, Fees & Financial Aid 2025-2026 Academic Year (The 2026-2027 Academic Year information will be posted when available.) Tuition In-State Tuition $25,796 Out-of-State Tuition $53,299 Fees Annual Fees In-State Resident Fees $3,088 Out-of-State Resident Fees $3,088 Health Insurance Fee $3,600 Tuition Fees Includ",2026-06-08,aacom_com_submitted_profile,approved_aacom_extraction,AACOM COM-submitted profile mean MCAT and cumulative undergraduate GPA were extracted.
do_osu_com_oklahoma_state_university_center_for_health_sciences_college_of_osteopat,Oklahoma State University Center for Health Sciences College of Osteopathic Medicine,DO,https://www.aacom.org/detail-pages/com/osu-com-at-cherokee-nation,Oklahoma State University College of Osteopathic Medicine | AACOM,safe_match,1.16,fetched,accepted,2025-26,AACOM COM-submitted profile,aacom_reported_mean,500.9,3.75,,,"MCAT/GPA Information Mean MCAT Score 500.9 Avg. Cum. Undergrad GPA Score 3.75 Oldest MCAT Considered: January 1, 2024 Latest MCAT Score Accepted: January 1, 2027 Accepted Sources for Letters of Recommendation AACOMAS Interfolio Paper Email Main Admissions Contact (918) 561-8324 Phone osucomadmissions@okstate.edu Email https://medicine.okstate.edu/com/admissions/index.html Website Tuition, Fees & Financial Aid 2025-2026 Academic Year (The 2026-2027 Academic Year information will be posted when available.) Tuition In-State Tuition $25,796 Out-of-State Tuition $53,299 Fees Annual Fees In-State Resident Fees $3,088 Out-of-State Resident Fees $3,088 Health Insurance Fee $3,600 Tuition Fees Includ",2026-06-08,aacom_com_submitted_profile,approved_aacom_extraction,AACOM COM-submitted profile mean MCAT and cumulative undergraduate GPA were extracted.
do_ocom_orlando_college_of_osteopathic_medicine_celebration_florida,Orlando College of Osteopathic Medicine,DO,https://www.aacom.org/detail-pages/com/orlando-college-of-osteopathic-medicine,Orlando College of Osteopathic Medicine | AACOM,safe_match,1.04,fetched,accepted,2026-27,AACOM COM-submitted profile,aacom_reported_mean,500,3.54,,,"MCAT/GPA Information Mean MCAT Score 500.0 Avg. Cum. Undergrad GPA Score 3.54 Oldest MCAT Considered: August 1, 2024 Latest MCAT Score Accepted: January 1, 2027 Accepted Sources for Letters of Recommendation AACOMAS Main Admissions Contact (321) 222-5685 Phone Admissions@ocom.org Email https://ocom.org/admissions Website Tuition Fees & Financial Aid 2026-2027 Academic Year Tuition In-State Tuition $57,500 Out-of-State Tuition $57,500 Fees Annual Fees In-State Resident Fees $5,000 Out-of-State Resident Fees $5,000 Health Insurance Fee $5,372 (subject to change) Tuition Fees Include Health Service Lab Student Activities Student Services Technology (not computer) Estimates, Deposits, and More E",2026-06-08,aacom_com_submitted_profile,approved_aacom_extraction,AACOM COM-submitted profile mean MCAT and cumulative undergraduate GPA were extracted.
do_pnwu_com_pacific_northwest_university_of_health_sciences_college_of_osteopathic_,Pacific Northwest University of Health Sciences College of Osteopathic Medicine,DO,https://www.aacom.org/detail-pages/com/pacific-northwest-university-of-health-sciences-college-of-osteopathic-medicine,Pacific Northwest University of Health Sciences College of Osteopathic Medicine | AACOM,safe_match,1.42,fetched,accepted,2025-26,AACOM COM-submitted profile,aacom_reported_mean,502.8,3.55,,,"MCAT/GPA Information Mean MCAT Score 502.8 Avg. Cum. Undergrad GPA Score 3.55 Oldest MCAT Considered: June 1, 2023 Latest MCAT Score Accepted: January 31, 2027 Accepted Sources for Letters of Recommendation AACOMAS Main Admissions Contact (509) 249-7888 Phone admission@pnwu.edu Email https://www.pnwu.edu/admissions/doctor-of-osteopathic-medicine/ Website Tuition, Fees & Financial Aid 2025-2026 Academic Year (2026/2027 TBA) Tuition In-State Tuition $69,795 Out-of-State Tuition $69,795 Fees Annual Fees In-State Resident Fees $0 Out-of-State Resident Fees $0 Health Insurance Fee $0 Tuition Fees Include Lab Microscope Rental Student Activities Student Services Technology (not computer) Other Req",2026-06-08,aacom_com_submitted_profile,approved_aacom_extraction,AACOM COM-submitted profile mean MCAT and cumulative undergraduate GPA were extracted.
do_pcom_philadelphia_college_of_osteopathic_medicine_philadelphia_pennsylvania,Philadelphia College of Osteopathic Medicine,DO,https://www.aacom.org/detail-pages/com/philadelphia-college-of-osteopathic-medicine,Philadelphia College of Osteopathic Medicine | AACOM,safe_match,1.42,fetched,accepted,2026-27,AACOM COM-submitted profile,aacom_reported_mean,502.5,3.58,,,"MCAT/GPA Information Mean MCAT Score 502.5 Avg. Cum. Undergrad GPA Score 3.58 Oldest MCAT Considered: January 30, 2024 Latest MCAT Score Accepted: January 30, 2027 Accepted Sources for Letters of Recommendation AACOMAS Interfolio Email Main Admissions Contact (215) 871-6700 Phone admissions@pcom.edu Email http://www.pcom.edu/admissions/#howtoapply Website Tuition, Fees & Financial Aid 2026-27 Academic Year Tuition In-State Tuition $66,015 Out-of-State Tuition $66,015 Fees Annual Fees In-State Resident Fees $800 Out-of-State Resident Fees $800 Health Insurance Fee $0 Tuition Fees Include Lab Student Activities Student Services Technology (not computer) Estimates, Deposits, and More Estimated ",2026-06-08,aacom_com_submitted_profile,approved_aacom_extraction,AACOM COM-submitted profile mean MCAT and cumulative undergraduate GPA were extracted.
do_pcom_georgia_philadelphia_college_of_osteopathic_medicine_georgia_suwanee_georgi,Philadelphia College of Osteopathic Medicine Georgia,DO,https://www.aacom.org/detail-pages/com/pcom-georgia,PCOM Georgia | AACOM,safe_match,1.54,fetched,accepted,2026-27,AACOM COM-submitted profile,aacom_reported_mean,502.5,3.58,,,"MCAT/GPA Information Mean MCAT Score 502.5 Avg. Cum. Undergrad GPA Score 3.58 Oldest MCAT Considered: January 1, 2024 Latest MCAT Score Accepted: January 31, 2027 Accepted Sources for Letters of Recommendation AACOMAS Interfolio Email Main Admissions Contact (678) 225-7500 Phone gaadmissions@pcom.edu Email http://www.pcom.edu/admissions/ Website Tuition, Fees & Financial Aid 2026-2027 Academic Year Tuition In-State Tuition $66,015 Out-of-State Tuition $66,015 Fees Annual Fees In-State Resident Fees $800 Out-of-State Resident Fees $800 Health Insurance Fee $0 Tuition Fees Include Lab Student Activities Student Services Technology (not computer) Estimates, Deposits, and More Estimated Annual R",2026-06-08,aacom_com_submitted_profile,approved_aacom_extraction,AACOM COM-submitted profile mean MCAT and cumulative undergraduate GPA were extracted.
do_pcom_south_georgia_philadelphia_college_of_osteopathic_medicine_south_georgia_mo,Philadelphia College of Osteopathic Medicine South Georgia,DO,https://www.aacom.org/detail-pages/com/pcom-south-georgia,Philadelphia College of Osteopathic Medicine | AACOM,safe_match,1.58,fetched,accepted,2026-27,AACOM COM-submitted profile,aacom_reported_mean,502.5,3.58,,,"MCAT/GPA Information Mean MCAT Score 502.5 Avg. Cum. Undergrad GPA Score 3.58 Oldest MCAT Considered: January 30, 2024 Latest MCAT Score Accepted: January 30, 2027 Accepted Sources for Letters of Recommendation AACOMAS Interfolio Email Main Admissions Contact (215) 871-6700 Phone admissions@pcom.edu Email http://www.pcom.edu/admissions/#howtoapply Website Tuition, Fees & Financial Aid 2026-27 Academic Year Tuition In-State Tuition $66,015 Out-of-State Tuition $66,015 Fees Annual Fees In-State Resident Fees $800 Out-of-State Resident Fees $800 Health Insurance Fee $0 Tuition Fees Include Lab Student Activities Student Services Technology (not computer) Estimates, Deposits, and More Estimated ",2026-06-08,aacom_com_submitted_profile,approved_aacom_extraction,AACOM COM-submitted profile mean MCAT and cumulative undergraduate GPA were extracted.
do_rvucom_rocky_vista_university_college_of_osteopathic_medicine_parker_colorado,Rocky Vista University College of Osteopathic Medicine,DO,https://www.aacom.org/detail-pages/com/rocky-vista-university-college-of-osteopathic-medicine,Rocky Vista University College of Osteopathic Medicine | AACOM,safe_match,1.04,fetched,accepted,2025-26,AACOM COM-submitted profile,aacom_reported_mean,504.4,3.61,,,"MCAT/GPA Information Mean MCAT Score 504.4 Avg. Cum. Undergrad GPA Score 3.61 Oldest MCAT Considered: January 31, 2024 Latest MCAT Score Accepted: January 23, 2027 Accepted Sources for Letters of Recommendation AACOMAS Main Admissions Contact (303) 373-2008 Phone admissions@rvu.edu Email https://www.rvu.edu/admissions/ Website Tuition, Fees & Financial Aid 2025-2026 Academic Year - update to 2026/27 costs Tuition In-State Tuition $66,604 (2026/27 TBA) Out-of-State Tuition $66,604 (2026/27 TBA) Fees Annual Fees In-State Resident Fees $0 (2026/27 TBA) Out-of-State Resident Fees $0 (2026/27 TBA) Health Insurance Fee $5,229 (2026/27 TBA) Tuition Fees Include Other Diagnostic Kit Estimates, Depos",2026-06-08,aacom_com_submitted_profile,approved_aacom_extraction,AACOM COM-submitted profile mean MCAT and cumulative undergraduate GPA were extracted.
do_rvucom_su_campus_rocky_vista_university_college_of_osteopathic_medicine_ivins_ut,Rocky Vista University College of Osteopathic Medicine,DO,https://www.aacom.org/detail-pages/com/rocky-vista-university-college-of-osteopathic-medicine-utah-campus,Rocky Vista University College of Osteopathic Medicine | AACOM,safe_match,1.42,fetched,accepted,2025-26,AACOM COM-submitted profile,aacom_reported_mean,504.4,3.61,,,"MCAT/GPA Information Mean MCAT Score 504.4 Avg. Cum. Undergrad GPA Score 3.61 Oldest MCAT Considered: January 31, 2024 Latest MCAT Score Accepted: January 23, 2027 Accepted Sources for Letters of Recommendation AACOMAS Main Admissions Contact (303) 373-2008 Phone admissions@rvu.edu Email https://www.rvu.edu/admissions/ Website Tuition, Fees & Financial Aid 2025-2026 Academic Year - update to 2026/27 costs Tuition In-State Tuition $66,604 (2026/27 TBA) Out-of-State Tuition $66,604 (2026/27 TBA) Fees Annual Fees In-State Resident Fees $0 (2026/27 TBA) Out-of-State Resident Fees $0 (2026/27 TBA) Health Insurance Fee $5,229 (2026/27 TBA) Tuition Fees Include Other Diagnostic Kit Estimates, Depos",2026-06-08,aacom_com_submitted_profile,approved_aacom_extraction,AACOM COM-submitted profile mean MCAT and cumulative undergraduate GPA were extracted.
do_rvu_mcom_rocky_vista_university_montana_college_of_osteopathic_medicine_billings,Rocky Vista University – Montana College of Osteopathic Medicine,DO,https://www.aacom.org/detail-pages/com/montana-college-of-osteopathic-medicine,Rocky Vista University - Montana College of Osteopathic Medicine | AACOM,safe_match,1.42,fetched,no_relevant_aacom_stats_found,2026-27,AACOM COM-submitted profile,aacom_reported_mean,,,,,"MCAT/GPA Information Oldest MCAT Considered: January 1, 2024 Latest MCAT Score Accepted: April 1, 2027 Accepted Sources for Letters of Recommendation AACOMAS Main Admissions Contact (406) 901-2761 Phone admissionsmt@rvu.edu Email https://www.rvu.edu/doctor-of-osteopathic-medicine/mcom/admissions/ Website Tuition, Fees & Financial Aid 2026-2027 Academic Year Tuition In-State Tuition $69,736 Out-of-State Tuition $69,736 Fees Annual Fees In-State Resident Fees $3,737 Out-of-State Resident Fees $3,737 Health Insurance Fee $5,229 Tuition Fees Include Lab Student Activities Student Services Technology (not computer) Estimates, Deposits, and More Estimated Annual Room Board, Books, and Living Costs",2026-06-08,aacom_com_submitted_profile,needs_review,No AACOM MCAT/GPA Information values were found in the fetched profile text.
do_rowan_virtuasom_rowan_virtua_school_of_osteopathic_medicine_stratford_new_jersey,Rowan-Virtua School of Osteopathic Medicine,DO,https://www.aacom.org/detail-pages/com/rowan-virtua-school-of-osteopathic-medicine,Rowan-Virtua School of Osteopathic Medicine | AACOM,safe_match,1.42,fetched,accepted,2026-27,AACOM COM-submitted profile,aacom_reported_mean,507.9,3.72,,,"MCAT/GPA Information Mean MCAT Score 507.9 Avg. Cum. Undergrad GPA Score 3.72 Oldest MCAT Considered: May 4, 2021 Latest MCAT Score Accepted: January 31, 2027 Accepted Sources for Letters of Recommendation AACOMAS Interfolio Email Main Admissions Contact (856) 566-7050 Phone somadm@rowan.edu Email https://som.rowan.edu/education/admissions/ Website Tuition, Fees & Financial Aid 2026-2027 Academic Year Tuition In-State Tuition $50,680 Out-of-State Tuition $78,086 Fees Annual Fees In-State Resident Fees $4,289 Out-of-State Resident Fees $4,289 Health Insurance Fee $5,988 Tuition Fees Include Computer Health Service Student Activities Technology (not computer) Estimates, Deposits, and More Esti",2026-06-08,aacom_com_submitted_profile,approved_aacom_extraction,AACOM COM-submitted profile mean MCAT and cumulative undergraduate GPA were extracted.
do_rowan_virtuasom_sewell_rowan_virtua_school_of_osteopathic_medicine_sewell_new_je,Rowan-Virtua School of Osteopathic Medicine,DO,https://www.aacom.org/detail-pages/com/rowan-virtua-som-sewell-campus,Rowan-Virtua School of Osteopathic Medicine | AACOM,safe_match,1.42,fetched,accepted,2026-27,AACOM COM-submitted profile,aacom_reported_mean,507.9,3.72,,,"MCAT/GPA Information Mean MCAT Score 507.9 Avg. Cum. Undergrad GPA Score 3.72 Oldest MCAT Considered: May 4, 2021 Latest MCAT Score Accepted: January 31, 2027 Accepted Sources for Letters of Recommendation AACOMAS Interfolio Email Main Admissions Contact (856) 566-7050 Phone somadm@rowan.edu Email https://som.rowan.edu/education/admissions/ Website Tuition, Fees & Financial Aid 2026-2027 Academic Year Tuition In-State Tuition $50,680 Out-of-State Tuition $78,086 Fees Annual Fees In-State Resident Fees $4,289 Out-of-State Resident Fees $4,289 Health Insurance Fee $5,988 Tuition Fees Include Computer Health Service Student Activities Technology (not computer) Estimates, Deposits, and More Esti",2026-06-08,aacom_com_submitted_profile,approved_aacom_extraction,AACOM COM-submitted profile mean MCAT and cumulative undergraduate GPA were extracted.
do_shsu_com_sam_houston_state_university_college_of_osteopathic_medicine_huntsville,Sam Houston State University College of Osteopathic Medicine,DO,https://www.aacom.org/detail-pages/com/sam-houston-state-university-college-of-osteopathic-medicine,Sam Houston State University College of Osteopathic Medicine | AACOM,safe_match,1.04,fetched,no_relevant_aacom_stats_found,2026-27,AACOM COM-submitted profile,aacom_reported_mean,,,,,"MCAT/GPA Information Oldest MCAT Considered: January 1, 2021 Latest MCAT Score Accepted: October 13, 2026 Accepted Sources for Letters of Recommendation Interfolio Paper Email Main Admissions Contact (936) 202-5202 Phone enrollcom@shsu.edu Email https://www.shsu.edu/applymed Website Tuition, Fees & Financial Aid 2026-2027 Academic Year Tuition In-State Tuition $26,500 Out-of-State Tuition $41,600 Fees Annual Fees In-State Resident Fees $33,840 Out-of-State Resident Fees $34,480 Health Insurance Fee $2,193 (subject to change) Tuition Fees Include Computer Health Service Student Activities Student Services Technology (not computer) Estimates, Deposits, and More Estimated Annual Room Board, Boo",2026-06-08,aacom_com_submitted_profile,needs_review,No AACOM MCAT/GPA Information values were found in the fetched profile text.
do_tvcom_the_valley_college_of_osteopathic_medicine_phoenix_arizona,The Valley College of Osteopathic Medicine,DO,https://www.aacom.org/detail-pages/com/the-valley-college-of-osteopathic-medicine,The Valley College of Osteopathic Medicine | AACOM,safe_match,1.42,fetched,no_relevant_aacom_stats_found,2026-27,AACOM COM-submitted profile,aacom_reported_mean,,,,,"MCAT/GPA Information Oldest MCAT Considered: May 4, 2023 Latest MCAT Score Accepted: March 1, 2027 Accepted Sources for Letters of Recommendation AACOMAS Main Admissions Contact (602) 838-6284 Phone admissions@thevalleycom.org Email https://thevalleycom.org/admissions Website 2026-2027 Academic Year Tuition In-State Tuition $57,450 Out-of-State Tuition $57,450 Fees Annual Fees In-State Resident Fees $3,000 Out-of-State Resident Fees $3,000 Health Insurance Fee $4,851 Tuition Fees Include Student Activities Student Services Technology (not computer) Other Student Body, Security Fee Estimates, Deposits, and More Estimated Annual Room Board, Books, and Living Costs N/A Average Graduate Indebted",2026-06-08,aacom_com_submitted_profile,needs_review,No AACOM MCAT/GPA Information values were found in the fetched profile text.
do_tourocom_harlem_touro_college_of_osteopathic_medicine_new_york_new_york,Touro College of Osteopathic Medicine,DO,https://www.aacom.org/detail-pages/com/touro-college-of-osteopathic-medicine,Touro College of Osteopathic Medicine | AACOM,safe_match,1.42,fetched,accepted,2026-27,AACOM COM-submitted profile,aacom_reported_mean,501.4,3.48,,,"MCAT/GPA Information Mean MCAT Score 501.4 Avg. Cum. Undergrad GPA Score 3.48 Oldest MCAT Considered: January 1, 2024 Latest MCAT Score Accepted: January 13, 2027 Accepted Sources for Letters of Recommendation AACOMAS Interfolio Main Admissions Contact (929) 333-8370 Phone admissions.tourocom@touro.edu Email https://tourocom.touro.edu/admissions--aid/do-admissions Website Tuition, Fees & Financial Aid 2026-2027 Academic Year Tuition In-State Tuition $72,080 Out-of-State Tuition $72,080 Fees Annual Fees In-State Resident Fees $200 Out-of-State Resident Fees $200 Health Insurance Fee $7,689 Tuition Fees Include Student Activities Student Services Technology (not computer) Estimates, Deposits, ",2026-06-08,aacom_com_submitted_profile,approved_aacom_extraction,AACOM COM-submitted profile mean MCAT and cumulative undergraduate GPA were extracted.
do_tourocom_middletown_touro_college_of_osteopathic_medicine_middletown_new_york,Touro College of Osteopathic Medicine,DO,https://www.aacom.org/detail-pages/com/tourocom-middletown,Touro College of Osteopathic Medicine | AACOM,safe_match,1.54,fetched,accepted,2026-27,AACOM COM-submitted profile,aacom_reported_mean,501.4,3.48,,,"MCAT/GPA Information Mean MCAT Score 501.4 Avg. Cum. Undergrad GPA Score 3.48 Oldest MCAT Considered: January 1, 2024 Latest MCAT Score Accepted: January 13, 2027 Accepted Sources for Letters of Recommendation AACOMAS Interfolio Main Admissions Contact (929) 333-8370 Phone admissions.tourocom@touro.edu Email https://tourocom.touro.edu/admissions--aid/do-admissions Website Tuition, Fees & Financial Aid 2026-2027 Academic Year Tuition In-State Tuition $72,080 Out-of-State Tuition $72,080 Fees Annual Fees In-State Resident Fees $200 Out-of-State Resident Fees $200 Health Insurance Fee $7,689 Tuition Fees Include Student Activities Student Services Technology (not computer) Estimates, Deposits, ",2026-06-08,aacom_com_submitted_profile,approved_aacom_extraction,AACOM COM-submitted profile mean MCAT and cumulative undergraduate GPA were extracted.
do_tourocom_great_falls_touro_college_of_osteopathic_medicine_great_falls_great_fal,Touro College of Osteopathic Medicine – Great Falls,DO,https://www.aacom.org/detail-pages/com/tourocom-montana,Touro College of Osteopathic Medicine | AACOM,safe_match,1.42,fetched,accepted,2026-27,AACOM COM-submitted profile,aacom_reported_mean,501.4,3.48,,,"MCAT/GPA Information Mean MCAT Score 501.4 Avg. Cum. Undergrad GPA Score 3.48 Oldest MCAT Considered: January 1, 2024 Latest MCAT Score Accepted: January 13, 2027 Accepted Sources for Letters of Recommendation AACOMAS Interfolio Main Admissions Contact (929) 333-8370 Phone admissions.tourocom@touro.edu Email https://tourocom.touro.edu/admissions--aid/do-admissions Website Tuition, Fees & Financial Aid 2026-2027 Academic Year Tuition In-State Tuition $72,080 Out-of-State Tuition $72,080 Fees Annual Fees In-State Resident Fees $200 Out-of-State Resident Fees $200 Health Insurance Fee $7,689 Tuition Fees Include Student Activities Student Services Technology (not computer) Estimates, Deposits, ",2026-06-08,aacom_com_submitted_profile,approved_aacom_extraction,AACOM COM-submitted profile mean MCAT and cumulative undergraduate GPA were extracted.
do_tucom_touro_university_college_of_osteopathic_medicine_california_vallejo_califo,Touro University College of Osteopathic Medicine-California,DO,https://www.aacom.org/detail-pages/com/touro-university-california-college-of-osteopathic-medicine,Touro University California College of Osteopathic Medicine | AACOM,safe_match,1.42,fetched,accepted,2026-27,AACOM COM-submitted profile,aacom_reported_mean,506.1,3.59,,,"MCAT/GPA Information Mean MCAT Score 506.1 Avg. Cum. Undergrad GPA Score 3.59 Oldest MCAT Considered: January 1, 2023 Latest MCAT Score Accepted: February 1, 2026 Accepted Sources for Letters of Recommendation AACOMAS Interfolio Paper Email Main Admissions Contact (707) 638-5200 Phone tuc.admit@touro.edu Email https://tu.edu/programs/osteopathic-medicine/admissions/ Website Tuition, Fees & Financial Aid 2026-2027 Academic Year Tuition In-State Tuition $69,300 Out-of-State Tuition $69,300 Fees Annual Fees In-State Resident Fees $2,095 Out-of-State Resident Fees $2,092 Health Insurance Fee $345 (This is last years - please update when available.) Tuition Fees Include Health Service Technology ",2026-06-08,aacom_com_submitted_profile,approved_aacom_extraction,AACOM COM-submitted profile mean MCAT and cumulative undergraduate GPA were extracted.
do_tuncom_touro_university_nevada_college_of_osteopathic_medicine_henderson_nevada,Touro University Nevada College of Osteopathic Medicine,DO,https://www.aacom.org/detail-pages/com/touro-university-nevada-college-of-osteopathic-medicine,Touro University Nevada-College of Osteopathic Medicine | AACOM,safe_match,1.42,fetched,accepted,2026-27,AACOM COM-submitted profile,aacom_reported_mean,505.6,3.63,,,"MCAT/GPA Information Mean MCAT Score 505.6 Avg. Cum. Undergrad GPA Score 3.63 Oldest MCAT Considered: June 30, 2024 Latest MCAT Score Accepted: January 31, 2027 Accepted Sources for Letters of Recommendation AACOMAS Interfolio Email Main Admissions Contact (702) 777-3240 Phone tun.com.admissions@touro.edu Email https://tun.touro.edu/programs/osteopathic-medicine/-do-application--requirements/ Website Tuition, Fees & Financial Aid 2026-2027 Academic Year Tuition In-State Tuition $72,080 Out-of-State Tuition $72,080 Fees Annual Fees In-State Resident Fees $720 Out-of-State Resident Fees $720 Health Insurance Fee $5,255 Tuition Fees Include Health Service Technology (not computer) Estimates, De",2026-06-08,aacom_com_submitted_profile,approved_aacom_extraction,AACOM COM-submitted profile mean MCAT and cumulative undergraduate GPA were extracted.
do_unecom_university_of_new_england_college_of_osteopathic_medicine_biddeford_maine,University of New England College of Osteopathic Medicine,DO,https://www.aacom.org/detail-pages/com/university-of-new-england-college-of-osteopathic-medicine,University of New England College of Osteopathic Medicine | AACOM,safe_match,1.04,fetched,accepted,2025-26,AACOM COM-submitted profile,aacom_reported_mean,503,3.58,,,"MCAT/GPA Information Mean MCAT Score 503.0 Avg. Cum. Undergrad GPA Score 3.58 Oldest MCAT Considered: January 31, 2024 Latest MCAT Score Accepted: January 31, 2027 Accepted Sources for Letters of Recommendation AACOMAS Main Admissions Contact (207) 221-4225 Phone gradadmissions@une.edu Email https://www.une.edu/com/admissions/criteria-procedures Website Tuition, Fees & Financial Aid 2025-2026 Academic Year (Rates for 2026-2027 Academic Year will be added when available) Tuition In-State Tuition $69,220 (2026 TBA) Out-of-State Tuition $69,220 (2026 TBA) Fees Annual Fees In-State Resident Fees $5,650 (2026 TBA) Out-of-State Resident Fees $5,650 (2026 TBA) Health Insurance Fee $5,264 (2026 TBA)",2026-06-08,aacom_com_submitted_profile,approved_aacom_extraction,AACOM COM-submitted profile mean MCAT and cumulative undergraduate GPA were extracted.
do_unthsc_tcom_university_of_north_texas_health_science_center_texas_college_of_ost,University of North Texas Health Science Center Texas College of Osteopathic Medicine,DO,https://www.aacom.org/detail-pages/com/university-of-north-texas-health-science-center-texas-college-of-osteopathic-medicine,UNT Health-Texas College of Osteopathic Medicine | AACOM,safe_match,1.42,fetched,no_relevant_aacom_stats_found,2026-27,AACOM COM-submitted profile,aacom_reported_mean,,,,,"MCAT/GPA Information Oldest MCAT Considered: January 21, 2022 Latest MCAT Score Accepted: September 12, 2026 Accepted Sources for Letters of Recommendation Interfolio Paper Email TMDSAS Main Admissions Contact (817) 735-2003 Phone admissions@unthsc.edu Email https://www.unthsc.edu/students/future-students/admissions/ Website Tuition, Fees & Financial Aid 2026-2027 Academic Year Tuition In-State Tuition $13,078 Out-of-State Tuition $28,766 Fees Annual Fees In-State Resident Fees $6,690 Out-of-State Resident Fees $6,690 Health Insurance Fee $2,868 (2026/27 TBA) Tuition Fees Include Computer Health Service Lab Student Activities Student Services Technology (not computer) Estimates, Deposits, an",2026-06-08,aacom_com_submitted_profile,needs_review,No AACOM MCAT/GPA Information values were found in the fetched profile text.
do_unc_com_university_of_northern_colorado_college_of_osteopathic_medicine_greely_c,University of Northern Colorado College of Osteopathic Medicine,DO,https://www.aacom.org/detail-pages/com/university-of-northern-colorado-college-of-osteopathic-medicine,University of Northern Colorado College of Osteopathic Medicine | AACOM,safe_match,1.04,fetched,no_relevant_aacom_stats_found,2026-27,AACOM COM-submitted profile,aacom_reported_mean,,,,,"MCAT/GPA Information Oldest MCAT Considered: July 1, 2024 Accepted Sources for Letters of Recommendation AACOMAS Main Admissions Contact (970) 351-3962 Phone COMadmissions@unco.edu Email https://www.unco.edu/osteopathic-medicine/admission/?gad_source=1&gad_campaignid=23370075768&gbraid=0AAAAApGt5Lhk_jj284nghsE6L3v8Hk6ZT&gclid=Cj0KCQiAyP3KBhD9ARIsAAJLnnaKlTqNjUq4eY1GmDZCOraNxqxozwkpeysviQ2UR3mXoQ7bOyh99qsaAqzDEALw_wcB Website Tuition, Fees & Financial Aid 2026-2027 Academic Year Tuition In-State Tuition $55,000 Out-of-State Tuition $55,000 Fees Annual Fees In-State Resident Fees $2,000 Out-of-State Resident Fees $2,000 Health Insurance Fee $3,486 Tuition Fees Include Student Activities Studen",2026-06-08,aacom_com_submitted_profile,needs_review,No AACOM MCAT/GPA Information values were found in the fetched profile text.
do_up_kycom_university_of_pikeville_kentucky_college_of_osteopathic_medicine_pikevi,University of Pikeville Kentucky College of Osteopathic Medicine,DO,https://www.aacom.org/detail-pages/com/kentucky-college-of-osteopathic-medicine,Kentucky College of Osteopathic Medicine | AACOM,safe_match,1.42,fetched,accepted,2026-27,AACOM COM-submitted profile,aacom_reported_mean,498.6,3.51,,,"MCAT/GPA Information Mean MCAT Score 498.6 Avg. Cum. Undergrad GPA Score 3.51 Oldest MCAT Considered: August 1, 2025 Latest MCAT Score Accepted: January 30, 2027 Accepted Sources for Letters of Recommendation AACOMAS Interfolio Email Main Admissions Contact (606) 218-5251 Phone kycomadmissions@upike.edu Email https://www.upike.edu/osteopathic-medicine/kycom-admissions/application-selection/ Website Tuition, Fees & Financial Aid 2026-2027 Academic Year Tuition In-State Tuition $59,750 Out-of-State Tuition $59,750 Fees Annual Fees In-State Resident Fees $0 Out-of-State Resident Fees $0 Health Insurance Fee $5,090 Tuition Fees Include Computer Estimates, Deposits, and More Estimated Annual Room",2026-06-08,aacom_com_submitted_profile,approved_aacom_extraction,AACOM COM-submitted profile mean MCAT and cumulative undergraduate GPA were extracted.
do_uiwsom_university_of_the_incarnate_word_school_of_osteopathic_medicine_san_anton,University of the Incarnate Word School of Osteopathic Medicine,DO,https://www.aacom.org/detail-pages/com/university-of-the-incarnate-word-school-of-osteopathic-medicine,University of the Incarnate Word School of Osteopathic Medicine | AACOM,safe_match,1.42,fetched,accepted,2026-27,AACOM COM-submitted profile,aacom_reported_mean,504.8,3.6,,,"MCAT/GPA Information Mean MCAT Score 504.8 Avg. Cum. Undergrad GPA Score 3.60 Oldest MCAT Considered: May 4, 2021 Latest MCAT Score Accepted: March 15, 2026 Accepted Sources for Letters of Recommendation AACOMAS Interfolio Email Main Admissions Contact (210) 283-6998 Phone DOdoc@uiwtx.edu Email https://osteopathic-medicine.uiw.edu/admissions/doctor-of-osteopathic-medicine/index.html Website Tuition, Fees & Financial Aid 2026-2027 Academic Year Tuition In-State Tuition $64,875 Out-of-State Tuition $64,875 Fees Annual Fees In-State Resident Fees $2,430 Out-of-State Resident Fees $2,430 Health Insurance Fee $4,979 Tuition Fees Include Other School fees Estimates, Deposits, and More Estimated An",2026-06-08,aacom_com_submitted_profile,approved_aacom_extraction,AACOM COM-submitted profile mean MCAT and cumulative undergraduate GPA were extracted.
do_wvsom_west_virginia_school_of_osteopathic_medicine_lewisburg_west_virginia,West Virginia School of Osteopathic Medicine,DO,https://www.aacom.org/detail-pages/com/west-virginia-school-of-osteopathic-medicine,West Virginia School of Osteopathic Medicine | AACOM,safe_match,1.42,fetched,accepted,2025-26,AACOM COM-submitted profile,aacom_reported_mean,501,3.62,,,"MCAT/GPA Information Mean MCAT Score 501.0 Avg. Cum. Undergrad GPA Score 3.62 Oldest MCAT Considered: January 1, 2024 Latest MCAT Score Accepted: January 31, 2027 Accepted Sources for Letters of Recommendation AACOMAS Interfolio Paper Email Main Admissions Contact (800) 356-7836 Phone admissions@osteo.wvsom.edu Email https://www.wvsom.edu/admissions/do Website Tuition, Fees & Financial Aid 2025-2026 Academic Year (Update to 2026-2027 amounts when available) Tuition In-State Tuition $23,594 Out-of-State Tuition $56,394 Fees Annual Fees In-State Resident Fees $1,360 Out-of-State Resident Fees $1,360 Health Insurance Fee $5,652 Tuition Fees Include Computer Lab Student Services Technology (not ",2026-06-08,aacom_com_submitted_profile,approved_aacom_extraction,AACOM COM-submitted profile mean MCAT and cumulative undergraduate GPA were extracted.
do_westernu_comp_western_university_of_health_sciences_college_of_osteopathic_medic,Western University of Health Sciences College of Osteopathic Medicine of the Pacific,DO,https://www.aacom.org/detail-pages/com/western-university-of-health-sciences-college-of-osteopathic-medicine-of-the-pacific,"Western University of Health Sciences, College of Osteopathic Medicine of the Pacific | AACOM",safe_match,1.42,fetched,accepted,2025-26,AACOM COM-submitted profile,aacom_reported_mean,508.4,3.72,,,"MCAT/GPA Information Mean MCAT Score 508.4 Avg. Cum. Undergrad GPA Score 3.72 Oldest MCAT Considered: January 1, 2023 Latest MCAT Score Accepted: January 31, 2027 Accepted Sources for Letters of Recommendation AACOMAS Interfolio Paper Main Admissions Contact (909) 469-5335 Phone admissions@westernu.edu Email https://www.westernu.edu/osteopathic/programs/doctor-of-osteopathic-medicine Website Tuition, Fees & Financial Aid 2025-2026 Academic Year (Update to 2026/27 when ready) Tuition In-State Tuition $67,465 Out-of-State Tuition $67,465 Fees Annual Fees In-State Resident Fees $1,291 Out-of-State Resident Fees $1,291 Health Insurance Fee $4,529.45 Tuition Fees Include Health Service Student Ac",2026-06-08,aacom_com_submitted_profile,approved_aacom_extraction,AACOM COM-submitted profile mean MCAT and cumulative undergraduate GPA were extracted.
do_westernu_comp_northwest_western_university_of_health_sciences_college_of_osteopa,Western University of Health Sciences College of Osteopathic Medicine of the Pacific-Northwest,DO,https://www.aacom.org/detail-pages/com/western-u-comp-northwest,"Western University of Health Sciences, College of Osteopathic Medicine of the Pacific | AACOM",safe_match,1.42,fetched,accepted,2025-26,AACOM COM-submitted profile,aacom_reported_mean,508.4,3.72,,,"MCAT/GPA Information Mean MCAT Score 508.4 Avg. Cum. Undergrad GPA Score 3.72 Oldest MCAT Considered: January 1, 2023 Latest MCAT Score Accepted: January 31, 2027 Accepted Sources for Letters of Recommendation AACOMAS Interfolio Paper Main Admissions Contact (909) 469-5335 Phone admissions@westernu.edu Email https://www.westernu.edu/osteopathic/programs/doctor-of-osteopathic-medicine Website Tuition, Fees & Financial Aid 2025-2026 Academic Year (Update to 2026/27 when ready) Tuition In-State Tuition $67,465 Out-of-State Tuition $67,465 Fees Annual Fees In-State Resident Fees $1,291 Out-of-State Resident Fees $1,291 Health Insurance Fee $4,529.45 Tuition Fees Include Health Service Student Ac",2026-06-08,aacom_com_submitted_profile,approved_aacom_extraction,AACOM COM-submitted profile mean MCAT and cumulative undergraduate GPA were extracted.
do_wcucom_william_carey_university_college_of_osteopathic_medicine_hattiesburg_miss,William Carey University College of Osteopathic Medicine,DO,https://www.aacom.org/detail-pages/com/william-carey-university-college-of-osteopathic-medicine,William Carey University College of Osteopathic Medicine | AACOM,safe_match,1.42,fetched,accepted,2026-27,AACOM COM-submitted profile,aacom_reported_mean,498.1,3.5,,,"MCAT/GPA Information Mean MCAT Score 498.1 Avg. Cum. Undergrad GPA Score 3.50 Oldest MCAT Considered: March 15, 2024 Latest MCAT Score Accepted: January 31, 2027 Accepted Sources for Letters of Recommendation AACOMAS Interfolio Paper Email Main Admissions Contact (601) 318-6235 Phone comadmissions@wmcarey.edu Email https://www.wmcarey.edu/osteopathic-medicine/ Website Tuition, Fees & Financial Aid 2026-2027 Academic Year Tuition In-State Tuition $50,500 Out-of-State Tuition $50,500 Fees Annual Fees In-State Resident Fees $0 Out-of-State Resident Fees $0 Health Insurance Fee $3,300 Tuition Fees Include Lab Student Activities Student Services Technology (not computer) Estimates, Deposits, and ",2026-06-08,aacom_com_submitted_profile,approved_aacom_extraction,AACOM COM-submitted profile mean MCAT and cumulative undergraduate GPA were extracted.
