source_key,source_name,source_url,pdf_file,source_row_number,stream_index,row_y,state,school_name_raw,school_name_clean,number_on_waitlist,number_accepted_from_waitlist,waitlist_procedures,notes
aamc_msar_waitlist_procedures,AAMC MSAR Advisor Reports,https://students-residents.aamc.org/medical-school-admission-requirements/medical-school-admission-requirements-reports-applicants-and-advisors,data/raw/aamc/msar_reports/16_msar009-msar-waitlist-procedures-1.pdf,1,4,640.564,AL,Frederick P. Whiddon College of Medicine at the University of South Alabama,Frederick P. Whiddon College of Medicine at the University of South Alabama,Approximately 40,20,The waitlist is a ranked list and students are accepted in the order they were ranked by the Admissions Committee.,
aamc_msar_waitlist_procedures,AAMC MSAR Advisor Reports,https://students-residents.aamc.org/medical-school-admission-requirements/medical-school-admission-requirements-reports-applicants-and-advisors,data/raw/aamc/msar_reports/16_msar009-msar-waitlist-procedures-1.pdf,2,4,600.964,AL,University of Alabama at Birmingham Marnix E. Heersink School of Medicine,University of Alabama at Birmingham Marnix E. Heersink School of Medicine,50-75,0,"In early April, a two-tier waitlist is created and applicants are notified of their tier placement. # of waitlist offers over the last 3 years: 2023 = 14; 2024 = 17; 2025 = 0",
aamc_msar_waitlist_procedures,AAMC MSAR Advisor Reports,https://students-residents.aamc.org/medical-school-admission-requirements/medical-school-admission-requirements-reports-applicants-and-advisors,data/raw/aamc/msar_reports/16_msar009-msar-waitlist-procedures-1.pdf,3,4,561.364,AR,Alice L. Walton School of Medicine,Alice L. Walton School of Medicine,The number of waitlist positions varies each application cycle.,,Waitlist procedures and information are provided to applicants placed on the waitlist.,
aamc_msar_waitlist_procedures,AAMC MSAR Advisor Reports,https://students-residents.aamc.org/medical-school-admission-requirements/medical-school-admission-requirements-reports-applicants-and-advisors,data/raw/aamc/msar_reports/16_msar009-msar-waitlist-procedures-1.pdf,4,4,517.363,AR,University of Arkansas for Medical Sciences College of Medicine,University of Arkansas for Medical Sciences College of Medicine,80 - 100,79,Applicants not accepted for admission in February may be placed on an Alternate List and are admitted as positions become available -- until the day of registration. at the end of Orientation week.,
aamc_msar_waitlist_procedures,AAMC MSAR Advisor Reports,https://students-residents.aamc.org/medical-school-admission-requirements/medical-school-admission-requirements-reports-applicants-and-advisors,data/raw/aamc/msar_reports/16_msar009-msar-waitlist-procedures-1.pdf,5,4,477.763,AZ,Arizona State University School of Medicine and Advanced Medical Engineering (SOMME),Arizona State University School of Medicine and Advanced Medical Engineering (SOMME),Not Available,,Offers of admissions from the waitlist will begin in May as seats become available.,
aamc_msar_waitlist_procedures,AAMC MSAR Advisor Reports,https://students-residents.aamc.org/medical-school-admission-requirements/medical-school-admission-requirements-reports-applicants-and-advisors,data/raw/aamc/msar_reports/16_msar009-msar-waitlist-procedures-1.pdf,6,4,438.163,AZ,University of Arizona College of Medicine,University of Arizona College of Medicine,"Varies, 35-50 typically",25,Notification via email and phone call with 1-5 day maximum to accept or decline offer.,
aamc_msar_waitlist_procedures,AAMC MSAR Advisor Reports,https://students-residents.aamc.org/medical-school-admission-requirements/medical-school-admission-requirements-reports-applicants-and-advisors,data/raw/aamc/msar_reports/16_msar009-msar-waitlist-procedures-1.pdf,7,4,398.563,AZ,University of Arizona College of Medicine - Phoenix,University of Arizona College of Medicine - Phoenix,Fluctuates from year to year.,,The waitlist is unranked.,
aamc_msar_waitlist_procedures,AAMC MSAR Advisor Reports,https://students-residents.aamc.org/medical-school-admission-requirements/medical-school-admission-requirements-reports-applicants-and-advisors,data/raw/aamc/msar_reports/16_msar009-msar-waitlist-procedures-1.pdf,8,4,358.963,CA,California Northstate University College of Medicine,California Northstate University College of Medicine,Approximately 40,10,Acceptance is offered on a rolling basis; thus re-ranking of the waitlist occurs frequently.,
aamc_msar_waitlist_procedures,AAMC MSAR Advisor Reports,https://students-residents.aamc.org/medical-school-admission-requirements/medical-school-admission-requirements-reports-applicants-and-advisors,data/raw/aamc/msar_reports/16_msar009-msar-waitlist-procedures-1.pdf,9,4,319.363,CA,California University of Science and Medicine- School of Medicine,California University of Science and Medicine- School of Medicine,N/A,,All applicants placed on the wait list will be informed by a letter from the Office of Admissions via U.S. mail within 2 weeks of the committee ’ s decision.,
aamc_msar_waitlist_procedures,AAMC MSAR Advisor Reports,https://students-residents.aamc.org/medical-school-admission-requirements/medical-school-admission-requirements-reports-applicants-and-advisors,data/raw/aamc/msar_reports/16_msar009-msar-waitlist-procedures-1.pdf,10,4,279.763,CA,Charles R. Drew University of Medicine and Science College of Medicine,Charles R. Drew University of Medicine and Science College of Medicine,90,10,We will call and email the next person in line by rank if a position is open,
aamc_msar_waitlist_procedures,AAMC MSAR Advisor Reports,https://students-residents.aamc.org/medical-school-admission-requirements/medical-school-admission-requirements-reports-applicants-and-advisors,data/raw/aamc/msar_reports/16_msar009-msar-waitlist-procedures-1.pdf,11,4,240.163,CA,Kaiser Permanente Bernard J. Tyson School of Medicine,Kaiser Permanente Bernard J. Tyson School of Medicine,The Waitlist number is not available.,,Students can accept or decline the offer of waitlist in our Admissions system.,
aamc_msar_waitlist_procedures,AAMC MSAR Advisor Reports,https://students-residents.aamc.org/medical-school-admission-requirements/medical-school-admission-requirements-reports-applicants-and-advisors,data/raw/aamc/msar_reports/16_msar009-msar-waitlist-procedures-1.pdf,12,4,200.563,CA,Keck School of Medicine of the University of Southern California,Keck School of Medicine of the University of Southern California,Variable,0,"On or after April 30, 2027, wait-listed applicants may inform the Admissions Office of their desire to attend by emailing a brief letter of intent to medadmit@usc.edu.",
aamc_msar_waitlist_procedures,AAMC MSAR Advisor Reports,https://students-residents.aamc.org/medical-school-admission-requirements/medical-school-admission-requirements-reports-applicants-and-advisors,data/raw/aamc/msar_reports/16_msar009-msar-waitlist-procedures-1.pdf,13,4,156.563,CA,Loma Linda University School of Medicine,Loma Linda University School of Medicine,100,25,"The Admissions Committee determines which applicants are placed on the waitlist. Waitlist acceptances are offered as seats become available in the class, but no later than first day of Orientation.",
aamc_msar_waitlist_procedures,AAMC MSAR Advisor Reports,https://students-residents.aamc.org/medical-school-admission-requirements/medical-school-admission-requirements-reports-applicants-and-advisors,data/raw/aamc/msar_reports/16_msar009-msar-waitlist-procedures-1.pdf,14,4,116.963,CA,Stanford University School of Medicine,Stanford University School of Medicine,Variable,,"After April 30, offers of admission are made from the waitlist of acceptable candidates until the class size is filled.",
aamc_msar_waitlist_procedures,AAMC MSAR Advisor Reports,https://students-residents.aamc.org/medical-school-admission-requirements/medical-school-admission-requirements-reports-applicants-and-advisors,data/raw/aamc/msar_reports/16_msar009-msar-waitlist-procedures-1.pdf,15,4,77.363,CA,"University of California, Davis, School of Medicine","University of California, Davis, School of Medicine",100-150,,The number of offers from the wait list varies year to year. Offers from the wait list begin in May.,
aamc_msar_waitlist_procedures,AAMC MSAR Advisor Reports,https://students-residents.aamc.org/medical-school-admission-requirements/medical-school-admission-requirements-reports-applicants-and-advisors,data/raw/aamc/msar_reports/16_msar009-msar-waitlist-procedures-1.pdf,16,8,640.564,CA,"University of California, Irvine, School of Medicine","University of California, Irvine, School of Medicine",Approximately 100,30,"The Waitlist Committee reviews all applicants on the waitlist and takes into consideration the Admissions Committee recommendations, class balance, and programmatic needs.",
aamc_msar_waitlist_procedures,AAMC MSAR Advisor Reports,https://students-residents.aamc.org/medical-school-admission-requirements/medical-school-admission-requirements-reports-applicants-and-advisors,data/raw/aamc/msar_reports/16_msar009-msar-waitlist-procedures-1.pdf,17,8,600.964,CA,"University of California, Los Angeles David Geffen School of Medicine","University of California, Los Angeles David Geffen School of Medicine",370,,Applicants on the waitlist will not be considered until April 30 and thereafter.,
aamc_msar_waitlist_procedures,AAMC MSAR Advisor Reports,https://students-residents.aamc.org/medical-school-admission-requirements/medical-school-admission-requirements-reports-applicants-and-advisors,data/raw/aamc/msar_reports/16_msar009-msar-waitlist-procedures-1.pdf,18,8,561.364,CA,"University of California, Riverside School of Medicine","University of California, Riverside School of Medicine",150,45,,
aamc_msar_waitlist_procedures,AAMC MSAR Advisor Reports,https://students-residents.aamc.org/medical-school-admission-requirements/medical-school-admission-requirements-reports-applicants-and-advisors,data/raw/aamc/msar_reports/16_msar009-msar-waitlist-procedures-1.pdf,19,8,517.363,CA,"University of California, San Diego School of Medicine","University of California, San Diego School of Medicine",300,30,Applicants are typically informed of the admission committee's decision on their application within six weeks of their interview. Those on the waitlist are re-evaluated for possible admission.,
aamc_msar_waitlist_procedures,AAMC MSAR Advisor Reports,https://students-residents.aamc.org/medical-school-admission-requirements/medical-school-admission-requirements-reports-applicants-and-advisors,data/raw/aamc/msar_reports/16_msar009-msar-waitlist-procedures-1.pdf,20,8,477.763,CA,"University of California, San Francisco, School of Medicine","University of California, San Francisco, School of Medicine",Approximately 150,50,Applicants on the alternate list are not considered until after the April 30 deadline.,
aamc_msar_waitlist_procedures,AAMC MSAR Advisor Reports,https://students-residents.aamc.org/medical-school-admission-requirements/medical-school-admission-requirements-reports-applicants-and-advisors,data/raw/aamc/msar_reports/16_msar009-msar-waitlist-procedures-1.pdf,21,8,438.163,CO,University of Colorado School of Medicine,University of Colorado School of Medicine,Variable,,Applicants are notified electronically by the Admissions Office if they are placed on the alternate list and if a position becomes available.,
aamc_msar_waitlist_procedures,AAMC MSAR Advisor Reports,https://students-residents.aamc.org/medical-school-admission-requirements/medical-school-admission-requirements-reports-applicants-and-advisors,data/raw/aamc/msar_reports/16_msar009-msar-waitlist-procedures-1.pdf,22,8,398.563,CT,Frank H. Netter MD School of Medicine at Quinnipiac University,Frank H. Netter MD School of Medicine at Quinnipiac University,Varies by year,,Included in decision letter,
aamc_msar_waitlist_procedures,AAMC MSAR Advisor Reports,https://students-residents.aamc.org/medical-school-admission-requirements/medical-school-admission-requirements-reports-applicants-and-advisors,data/raw/aamc/msar_reports/16_msar009-msar-waitlist-procedures-1.pdf,23,8,358.963,CT,University of Connecticut School of Medicine,University of Connecticut School of Medicine,varies,0,Candidates are notified via email.,
aamc_msar_waitlist_procedures,AAMC MSAR Advisor Reports,https://students-residents.aamc.org/medical-school-admission-requirements/medical-school-admission-requirements-reports-applicants-and-advisors,data/raw/aamc/msar_reports/16_msar009-msar-waitlist-procedures-1.pdf,24,8,319.363,CT,Yale School of Medicine,Yale School of Medicine,This number varies year to year.,,Waitlist activity starts in early May,
aamc_msar_waitlist_procedures,AAMC MSAR Advisor Reports,https://students-residents.aamc.org/medical-school-admission-requirements/medical-school-admission-requirements-reports-applicants-and-advisors,data/raw/aamc/msar_reports/16_msar009-msar-waitlist-procedures-1.pdf,25,8,279.763,DC,George Washington University School of Medicine & Health Sciences,George Washington University School of Medicine & Health Sciences,Varies.,,Provided directly to students at the time they have been placed on the waitlist.,
aamc_msar_waitlist_procedures,AAMC MSAR Advisor Reports,https://students-residents.aamc.org/medical-school-admission-requirements/medical-school-admission-requirements-reports-applicants-and-advisors,data/raw/aamc/msar_reports/16_msar009-msar-waitlist-procedures-1.pdf,26,8,240.163,DC,Georgetown University School of Medicine,Georgetown University School of Medicine,,,N/A,
aamc_msar_waitlist_procedures,AAMC MSAR Advisor Reports,https://students-residents.aamc.org/medical-school-admission-requirements/medical-school-admission-requirements-reports-applicants-and-advisors,data/raw/aamc/msar_reports/16_msar009-msar-waitlist-procedures-1.pdf,27,8,200.563,DC,Howard University College of Medicine,Howard University College of Medicine,Approximately 125-150,120,Applicants placed on the waitlist are reevaluated by the admissions committee in early spring.,
aamc_msar_waitlist_procedures,AAMC MSAR Advisor Reports,https://students-residents.aamc.org/medical-school-admission-requirements/medical-school-admission-requirements-reports-applicants-and-advisors,data/raw/aamc/msar_reports/16_msar009-msar-waitlist-procedures-1.pdf,28,8,156.563,FL,Charles E. Schmidt College of Medicine at Florida Atlantic University,Charles E. Schmidt College of Medicine at Florida Atlantic University,Approximately 175,40,"Once it is determined seats are available with the College, applicants are reviewed by the Committee on Admissions. The waitlist is not ranked, therefore all applications are re- reviewed.",
aamc_msar_waitlist_procedures,AAMC MSAR Advisor Reports,https://students-residents.aamc.org/medical-school-admission-requirements/medical-school-admission-requirements-reports-applicants-and-advisors,data/raw/aamc/msar_reports/16_msar009-msar-waitlist-procedures-1.pdf,29,8,112.563,FL,Florida International University Herbert Wertheim College of Medicine,Florida International University Herbert Wertheim College of Medicine,Ranging from 200-250,70,"The Admissions Committee votes to accept, not accept, or place an applicant on the Wait List. Applicants are offered a seat on a rolling basis. The Wait List remains active until Orientation.",
aamc_msar_waitlist_procedures,AAMC MSAR Advisor Reports,https://students-residents.aamc.org/medical-school-admission-requirements/medical-school-admission-requirements-reports-applicants-and-advisors,data/raw/aamc/msar_reports/16_msar009-msar-waitlist-procedures-1.pdf,30,8,68.562,FL,Florida State University College of Medicine,Florida State University College of Medicine,Approximately 120,50,Applicants on the waitlist are ranked. Offers are made based on the rank order as spaces become available. FSU COM does not communicate an applicant's exact position on the waitlist.,
aamc_msar_waitlist_procedures,AAMC MSAR Advisor Reports,https://students-residents.aamc.org/medical-school-admission-requirements/medical-school-admission-requirements-reports-applicants-and-advisors,data/raw/aamc/msar_reports/16_msar009-msar-waitlist-procedures-1.pdf,31,10,640.564,FL,Nova Southeastern University Dr. Kiran C. Patel College of Allopathic Medicine,Nova Southeastern University Dr. Kiran C. Patel College of Allopathic Medicine,150-250,100,Waitlist candidates are tiered by the admissions committee. Candidates are selected from the waitlist based upon their tier and overall composition of the class.,
aamc_msar_waitlist_procedures,AAMC MSAR Advisor Reports,https://students-residents.aamc.org/medical-school-admission-requirements/medical-school-admission-requirements-reports-applicants-and-advisors,data/raw/aamc/msar_reports/16_msar009-msar-waitlist-procedures-1.pdf,32,10,596.563,FL,University of Central Florida College of Medicine,University of Central Florida College of Medicine,300,100,Students waitlisted will know their position and probability of being accepted. Applicants will receive updates every 4-6 weeks for the duration of their time on this list beginning in late November.,
aamc_msar_waitlist_procedures,AAMC MSAR Advisor Reports,https://students-residents.aamc.org/medical-school-admission-requirements/medical-school-admission-requirements-reports-applicants-and-advisors,data/raw/aamc/msar_reports/16_msar009-msar-waitlist-procedures-1.pdf,33,10,556.963,FL,University of Florida College of Medicine,University of Florida College of Medicine,varies,,Waitlisted applicants are encouraged to reach out to our office for the most current information.,
aamc_msar_waitlist_procedures,AAMC MSAR Advisor Reports,https://students-residents.aamc.org/medical-school-admission-requirements/medical-school-admission-requirements-reports-applicants-and-advisors,data/raw/aamc/msar_reports/16_msar009-msar-waitlist-procedures-1.pdf,34,10,517.363,FL,University of Miami Leonard M. Miller School of Medicine,University of Miami Leonard M. Miller School of Medicine,300,75,The Admissions Committee establishes the Waitlist order. The Associate Dean for Admissions and Enrollment has the authority to select from the Waitlist.,
aamc_msar_waitlist_procedures,AAMC MSAR Advisor Reports,https://students-residents.aamc.org/medical-school-admission-requirements/medical-school-admission-requirements-reports-applicants-and-advisors,data/raw/aamc/msar_reports/16_msar009-msar-waitlist-procedures-1.pdf,35,10,477.763,FL,USF Health Morsani College of Medicine,USF Health Morsani College of Medicine,50,,Waitlist applicants are evaluated as seats become available and can be offered acceptance up until the first day of classes.,
aamc_msar_waitlist_procedures,AAMC MSAR Advisor Reports,https://students-residents.aamc.org/medical-school-admission-requirements/medical-school-admission-requirements-reports-applicants-and-advisors,data/raw/aamc/msar_reports/16_msar009-msar-waitlist-procedures-1.pdf,36,10,438.163,GA,Emory University School of Medicine,Emory University School of Medicine,varies,21,Interviewed applicants who are selected for Alternate Status will receive instructions via email at the close of the interview season.,
aamc_msar_waitlist_procedures,AAMC MSAR Advisor Reports,https://students-residents.aamc.org/medical-school-admission-requirements/medical-school-admission-requirements-reports-applicants-and-advisors,data/raw/aamc/msar_reports/16_msar009-msar-waitlist-procedures-1.pdf,37,10,398.563,GA,Medical College of Georgia at Augusta University,Medical College of Georgia at Augusta University,Varies by application cycle.,,Refer to acceptance and withdrawal procedures above. Students selected from the waitlist must be willing to be assigned to either of the 4-year campuses.,
aamc_msar_waitlist_procedures,AAMC MSAR Advisor Reports,https://students-residents.aamc.org/medical-school-admission-requirements/medical-school-admission-requirements-reports-applicants-and-advisors,data/raw/aamc/msar_reports/16_msar009-msar-waitlist-procedures-1.pdf,38,10,358.963,GA,Mercer University School of Medicine,Mercer University School of Medicine,Approximately 100,30,"Applicants chosen by the Admissions Committee to be on the Wait List will be notified by e-mail by March 31, 2026.",
aamc_msar_waitlist_procedures,AAMC MSAR Advisor Reports,https://students-residents.aamc.org/medical-school-admission-requirements/medical-school-admission-requirements-reports-applicants-and-advisors,data/raw/aamc/msar_reports/16_msar009-msar-waitlist-procedures-1.pdf,39,10,314.963,GA,Morehouse School of Medicine,Morehouse School of Medicine,approximately 250,100,We offer rolling admissions. Applicants who are not offered an acceptance and are not rejected are placed on the alternate list. Alternate list applicants are frequently accepted into the class.,
aamc_msar_waitlist_procedures,AAMC MSAR Advisor Reports,https://students-residents.aamc.org/medical-school-admission-requirements/medical-school-admission-requirements-reports-applicants-and-advisors,data/raw/aamc/msar_reports/16_msar009-msar-waitlist-procedures-1.pdf,40,10,275.363,GA,University of Georgia School of Medicine,University of Georgia School of Medicine,30-60,,Applicants offered a position on the waitlist will be asked whether they wish to remain on it.,
aamc_msar_waitlist_procedures,AAMC MSAR Advisor Reports,https://students-residents.aamc.org/medical-school-admission-requirements/medical-school-admission-requirements-reports-applicants-and-advisors,data/raw/aamc/msar_reports/16_msar009-msar-waitlist-procedures-1.pdf,41,10,235.763,HI,"University of Hawaii, John A. Burns School of Medicine","University of Hawaii, John A. Burns School of Medicine",Varies from year-to-year,,The JABSOM waitlist shall remain open from the date that decision letter are sent until the first day of school.,
aamc_msar_waitlist_procedures,AAMC MSAR Advisor Reports,https://students-residents.aamc.org/medical-school-admission-requirements/medical-school-admission-requirements-reports-applicants-and-advisors,data/raw/aamc/msar_reports/16_msar009-msar-waitlist-procedures-1.pdf,42,10,196.163,IA,University of Iowa Roy J. and Lucille A. Carver College of Medicine,University of Iowa Roy J. and Lucille A. Carver College of Medicine,50 Residents; 100 Nonresidents,48,Applicants are notified of alternate list position number and updated on secondary.,
aamc_msar_waitlist_procedures,AAMC MSAR Advisor Reports,https://students-residents.aamc.org/medical-school-admission-requirements/medical-school-admission-requirements-reports-applicants-and-advisors,data/raw/aamc/msar_reports/16_msar009-msar-waitlist-procedures-1.pdf,43,10,124.155,IL,Carle Illinois College of Medicine,Carle Illinois College of Medicine,"We are committed to a ""realistic"" waitlist, meaning that if you are placed on the waitlist, applicants like you have been accepted in the past.",,Position on the waitlist will not be disclosed. Movement of our waitlist varies considerably from year to year.,
aamc_msar_waitlist_procedures,AAMC MSAR Advisor Reports,https://students-residents.aamc.org/medical-school-admission-requirements/medical-school-admission-requirements-reports-applicants-and-advisors,data/raw/aamc/msar_reports/16_msar009-msar-waitlist-procedures-1.pdf,44,10,80.154,IL,Chicago Medical School at Rosalind Franklin University of Medicine & Science,Chicago Medical School at Rosalind Franklin University of Medicine & Science,varies,,The admissions process is rolling; we cannot guarantee a time frame for when applicants will receive a final decision. The alternate list is ranked. The committee reviews applications regularly.,
aamc_msar_waitlist_procedures,AAMC MSAR Advisor Reports,https://students-residents.aamc.org/medical-school-admission-requirements/medical-school-admission-requirements-reports-applicants-and-advisors,data/raw/aamc/msar_reports/16_msar009-msar-waitlist-procedures-1.pdf,45,12,635.155,IL,Loyola University Chicago Stritch School of Medicine,Loyola University Chicago Stritch School of Medicine,It is typical for about 50 candidates to be placed on the waitlist after May 15th.,27,"Candidates in continued consideration, post interview, are given the option to opt-out of being placed on the waitlist which is constituted in mid-May.",
aamc_msar_waitlist_procedures,AAMC MSAR Advisor Reports,https://students-residents.aamc.org/medical-school-admission-requirements/medical-school-admission-requirements-reports-applicants-and-advisors,data/raw/aamc/msar_reports/16_msar009-msar-waitlist-procedures-1.pdf,46,12,591.155,IL,Northwestern University The Feinberg School of Medicine,Northwestern University The Feinberg School of Medicine,varies,10,Waitlist offers are made after the uniform acceptance date and continue until the class is filled based on recommendations from the executive committee on admissions.,
aamc_msar_waitlist_procedures,AAMC MSAR Advisor Reports,https://students-residents.aamc.org/medical-school-admission-requirements/medical-school-admission-requirements-reports-applicants-and-advisors,data/raw/aamc/msar_reports/16_msar009-msar-waitlist-procedures-1.pdf,47,12,547.155,IL,Rush Medical College of Rush University Medical Center,Rush Medical College of Rush University Medical Center,The typical number of waitlist positions varies from year to year.,,RMC's waitlist is not ranked; applications are reviewed to determine future acceptances. Waitlisted applicants are encouraged to upload updates to the applicant portal throughout the cycle.,
aamc_msar_waitlist_procedures,AAMC MSAR Advisor Reports,https://students-residents.aamc.org/medical-school-admission-requirements/medical-school-admission-requirements-reports-applicants-and-advisors,data/raw/aamc/msar_reports/16_msar009-msar-waitlist-procedures-1.pdf,48,12,507.555,IL,Southern Illinois University School of Medicine,Southern Illinois University School of Medicine,varies,,We don ’ t have a set number on our “ waitlist ” and it changes each year how many spots we go through on our Accept When Place Available list.,
aamc_msar_waitlist_procedures,AAMC MSAR Advisor Reports,https://students-residents.aamc.org/medical-school-admission-requirements/medical-school-admission-requirements-reports-applicants-and-advisors,data/raw/aamc/msar_reports/16_msar009-msar-waitlist-procedures-1.pdf,49,12,467.955,IL,University of Chicago Division of the Biological Sciences The Pritzker School of Medicine,University of Chicago Division of the Biological Sciences The Pritzker School of Medicine,Varies by year,17,A subset of interviewed students who are not originally accepted are invited to join our waitlist. Our waitlist is unranked.,
aamc_msar_waitlist_procedures,AAMC MSAR Advisor Reports,https://students-residents.aamc.org/medical-school-admission-requirements/medical-school-admission-requirements-reports-applicants-and-advisors,data/raw/aamc/msar_reports/16_msar009-msar-waitlist-procedures-1.pdf,50,12,428.355,IL,University of Illinois College of Medicine,University of Illinois College of Medicine,varies,,,
aamc_msar_waitlist_procedures,AAMC MSAR Advisor Reports,https://students-residents.aamc.org/medical-school-admission-requirements/medical-school-admission-requirements-reports-applicants-and-advisors,data/raw/aamc/msar_reports/16_msar009-msar-waitlist-procedures-1.pdf,51,12,388.755,IN,Indiana University School of Medicine,Indiana University School of Medicine,200,0,,
aamc_msar_waitlist_procedures,AAMC MSAR Advisor Reports,https://students-residents.aamc.org/medical-school-admission-requirements/medical-school-admission-requirements-reports-applicants-and-advisors,data/raw/aamc/msar_reports/16_msar009-msar-waitlist-procedures-1.pdf,52,12,349.155,KS,University of Kansas School of Medicine,University of Kansas School of Medicine,Minimum of 50 positions,83,"One waitlist, with applicants notified of numerical position on list. Applicants are offered admission when there is a seat available.",
aamc_msar_waitlist_procedures,AAMC MSAR Advisor Reports,https://students-residents.aamc.org/medical-school-admission-requirements/medical-school-admission-requirements-reports-applicants-and-advisors,data/raw/aamc/msar_reports/16_msar009-msar-waitlist-procedures-1.pdf,53,12,309.555,KY,University of Kentucky College of Medicine,University of Kentucky College of Medicine,varies,0,Acceptance offers are made from the alternate pool throughout the cycle.,
aamc_msar_waitlist_procedures,AAMC MSAR Advisor Reports,https://students-residents.aamc.org/medical-school-admission-requirements/medical-school-admission-requirements-reports-applicants-and-advisors,data/raw/aamc/msar_reports/16_msar009-msar-waitlist-procedures-1.pdf,54,12,269.955,KY,University of Louisville School of Medicine,University of Louisville School of Medicine,Varies.,,Applicants on the final waitlist are reviewed and ranked by the Admissions Committee and then offered admission as positions become available.,
aamc_msar_waitlist_procedures,AAMC MSAR Advisor Reports,https://students-residents.aamc.org/medical-school-admission-requirements/medical-school-admission-requirements-reports-applicants-and-advisors,data/raw/aamc/msar_reports/16_msar009-msar-waitlist-procedures-1.pdf,55,12,230.355,LA,Louisiana State University School of Medicine in New Orleans,Louisiana State University School of Medicine in New Orleans,The waitlist varies every year.,,Applicants are notified that they are placed on the waitlist. Being accepted off of the waitlist varies every year.,
aamc_msar_waitlist_procedures,AAMC MSAR Advisor Reports,https://students-residents.aamc.org/medical-school-admission-requirements/medical-school-admission-requirements-reports-applicants-and-advisors,data/raw/aamc/msar_reports/16_msar009-msar-waitlist-procedures-1.pdf,56,12,190.755,LA,Louisiana State University School of Medicine in Shreveport,Louisiana State University School of Medicine in Shreveport,120,60,Selected by Admissions Committee,
aamc_msar_waitlist_procedures,AAMC MSAR Advisor Reports,https://students-residents.aamc.org/medical-school-admission-requirements/medical-school-admission-requirements-reports-applicants-and-advisors,data/raw/aamc/msar_reports/16_msar009-msar-waitlist-procedures-1.pdf,57,12,151.155,LA,Tulane University School of Medicine,Tulane University School of Medicine,300,70,Non Ranked,
aamc_msar_waitlist_procedures,AAMC MSAR Advisor Reports,https://students-residents.aamc.org/medical-school-admission-requirements/medical-school-admission-requirements-reports-applicants-and-advisors,data/raw/aamc/msar_reports/16_msar009-msar-waitlist-procedures-1.pdf,58,12,107.154,MA,Boston University Aram V. Chobanian & Edward Avedisian School of Medicine,Boston University Aram V. Chobanian & Edward Avedisian School of Medicine,300,20,Wait List offers are extended by telephone and applicants are given a time-frame by which a decision must be made. Financial Aid offers made available during this time to help with decision-making.,
aamc_msar_waitlist_procedures,AAMC MSAR Advisor Reports,https://students-residents.aamc.org/medical-school-admission-requirements/medical-school-admission-requirements-reports-applicants-and-advisors,data/raw/aamc/msar_reports/16_msar009-msar-waitlist-procedures-1.pdf,59,12,67.554,MA,Harvard Medical School,Harvard Medical School,Varies each cycle,,"If offered a position on the waitlist, the Office of Committee on Admissions will be in touch with information regarding the procedures of the waitlist.",
aamc_msar_waitlist_procedures,AAMC MSAR Advisor Reports,https://students-residents.aamc.org/medical-school-admission-requirements/medical-school-admission-requirements-reports-applicants-and-advisors,data/raw/aamc/msar_reports/16_msar009-msar-waitlist-procedures-1.pdf,60,14,640.563,MA,Tufts University School of Medicine,Tufts University School of Medicine,varies greatly from year to year,,https://medicine.tufts.edu/admissions-aid/info- for/interviewed-md-applicants,
aamc_msar_waitlist_procedures,AAMC MSAR Advisor Reports,https://students-residents.aamc.org/medical-school-admission-requirements/medical-school-admission-requirements-reports-applicants-and-advisors,data/raw/aamc/msar_reports/16_msar009-msar-waitlist-procedures-1.pdf,61,14,600.963,MA,University of Massachusetts T.H. Chan School of Medicine,University of Massachusetts T.H. Chan School of Medicine,200,40,All waitlist applicants are considered as places become available.,
aamc_msar_waitlist_procedures,AAMC MSAR Advisor Reports,https://students-residents.aamc.org/medical-school-admission-requirements/medical-school-admission-requirements-reports-applicants-and-advisors,data/raw/aamc/msar_reports/16_msar009-msar-waitlist-procedures-1.pdf,62,14,556.963,MD,Johns Hopkins University School of Medicine,Johns Hopkins University School of Medicine,Varies from year to year,,"If placed on the Waiting List (WL), the candidate must return a form to remain on the WL by late April. The admissions committee will begin to contact WL candidates on a rolling basis May-June.",
aamc_msar_waitlist_procedures,AAMC MSAR Advisor Reports,https://students-residents.aamc.org/medical-school-admission-requirements/medical-school-admission-requirements-reports-applicants-and-advisors,data/raw/aamc/msar_reports/16_msar009-msar-waitlist-procedures-1.pdf,63,14,517.363,MD,Uniformed Services University of the Health Sciences F. Edward Hebert School of Medicine,Uniformed Services University of the Health Sciences F. Edward Hebert School of Medicine,200,100,USU uses rolling admissions. Offers can be tendered to those wait list applicants if a position becomes available.,
aamc_msar_waitlist_procedures,AAMC MSAR Advisor Reports,https://students-residents.aamc.org/medical-school-admission-requirements/medical-school-admission-requirements-reports-applicants-and-advisors,data/raw/aamc/msar_reports/16_msar009-msar-waitlist-procedures-1.pdf,64,14,477.763,MD,University of Maryland School of Medicine,University of Maryland School of Medicine,varies,10,Applicants are informed that they are ranked in the upper or lower half of the Waitlist. Acceptances are offered as seats become available.,
aamc_msar_waitlist_procedures,AAMC MSAR Advisor Reports,https://students-residents.aamc.org/medical-school-admission-requirements/medical-school-admission-requirements-reports-applicants-and-advisors,data/raw/aamc/msar_reports/16_msar009-msar-waitlist-procedures-1.pdf,65,14,438.163,MI,Central Michigan University College of Medicine,Central Michigan University College of Medicine,Approximately 100,60,Unranked. Applicants chosen based on current class need.,
aamc_msar_waitlist_procedures,AAMC MSAR Advisor Reports,https://students-residents.aamc.org/medical-school-admission-requirements/medical-school-admission-requirements-reports-applicants-and-advisors,data/raw/aamc/msar_reports/16_msar009-msar-waitlist-procedures-1.pdf,66,14,398.563,MI,Michigan State University College of Human Medicine,Michigan State University College of Human Medicine,200,,Based on continued mission-aligned review of alternates; not ranked.,
aamc_msar_waitlist_procedures,AAMC MSAR Advisor Reports,https://students-residents.aamc.org/medical-school-admission-requirements/medical-school-admission-requirements-reports-applicants-and-advisors,data/raw/aamc/msar_reports/16_msar009-msar-waitlist-procedures-1.pdf,67,14,354.563,MI,Oakland University William Beaumont School of Medicine,Oakland University William Beaumont School of Medicine,Varies by cycle.,,"Once all applications have been reviewed by committee (late March/early April), remaining applicants are placed on a two- tier waitlist. We will notify each applicant of their tier placement.",
aamc_msar_waitlist_procedures,AAMC MSAR Advisor Reports,https://students-residents.aamc.org/medical-school-admission-requirements/medical-school-admission-requirements-reports-applicants-and-advisors,data/raw/aamc/msar_reports/16_msar009-msar-waitlist-procedures-1.pdf,68,14,314.963,MI,University of Michigan Medical School,University of Michigan Medical School,80,10,https://medschool.umich.edu/programs-admissions/md- program/md-admissions/md-admissions-timeline,
aamc_msar_waitlist_procedures,AAMC MSAR Advisor Reports,https://students-residents.aamc.org/medical-school-admission-requirements/medical-school-admission-requirements-reports-applicants-and-advisors,data/raw/aamc/msar_reports/16_msar009-msar-waitlist-procedures-1.pdf,69,14,275.363,MI,Wayne State University School of Medicine,Wayne State University School of Medicine,,,Applicant who receive a Waitlist decision will be reviewed for Acceptance by the Admissions Committee throughout the cycle.,
aamc_msar_waitlist_procedures,AAMC MSAR Advisor Reports,https://students-residents.aamc.org/medical-school-admission-requirements/medical-school-admission-requirements-reports-applicants-and-advisors,data/raw/aamc/msar_reports/16_msar009-msar-waitlist-procedures-1.pdf,70,14,231.362,MI,Western Michigan University Homer Stryker M.D. School of Medicine,Western Michigan University Homer Stryker M.D. School of Medicine,Varies by cycle.,,"The waitlist is live, unranked, and reviewed at each Admissions Committee meeting throughout the cycle. Candidates on the waitlist may be offered admission at any point in the cycle.",
aamc_msar_waitlist_procedures,AAMC MSAR Advisor Reports,https://students-residents.aamc.org/medical-school-admission-requirements/medical-school-admission-requirements-reports-applicants-and-advisors,data/raw/aamc/msar_reports/16_msar009-msar-waitlist-procedures-1.pdf,71,14,177.354,MN,Mayo Clinic Alix School of Medicine,Mayo Clinic Alix School of Medicine,Approximately 400 waitlist positions total between the MD and MD-PhD programs for our three campuses.,50,Waitlist positions are offered after initial acceptances are communicated. The waitlist is not ranked. We accept regular updates and strongly consider letters of intent or interest.,
aamc_msar_waitlist_procedures,AAMC MSAR Advisor Reports,https://students-residents.aamc.org/medical-school-admission-requirements/medical-school-admission-requirements-reports-applicants-and-advisors,data/raw/aamc/msar_reports/16_msar009-msar-waitlist-procedures-1.pdf,72,14,137.754,MN,University of Minnesota Medical School,University of Minnesota Medical School,Varies depending on number of applicants on the waitlist.,0,This information is provided directly to applicant upon waitlist decision.,
aamc_msar_waitlist_procedures,AAMC MSAR Advisor Reports,https://students-residents.aamc.org/medical-school-admission-requirements/medical-school-admission-requirements-reports-applicants-and-advisors,data/raw/aamc/msar_reports/16_msar009-msar-waitlist-procedures-1.pdf,73,14,98.154,MO,Saint Louis University School of Medicine,Saint Louis University School of Medicine,Variable,,The waitlist is a ranked list. The ranking of this list is kept confidential by the Committee on Admissions. Applicants on the waitlist may be offered an acceptance at any time.,
aamc_msar_waitlist_procedures,AAMC MSAR Advisor Reports,https://students-residents.aamc.org/medical-school-admission-requirements/medical-school-admission-requirements-reports-applicants-and-advisors,data/raw/aamc/msar_reports/16_msar009-msar-waitlist-procedures-1.pdf,74,14,54.154,MO,University of Missouri-Columbia School of Medicine,University of Missouri-Columbia School of Medicine,168,,Applicants are notified about their placement on the waitlist at the end of interview season. Applicants are notified of acceptance on the day that someone withdraws up until the first day of class.,
aamc_msar_waitlist_procedures,AAMC MSAR Advisor Reports,https://students-residents.aamc.org/medical-school-admission-requirements/medical-school-admission-requirements-reports-applicants-and-advisors,data/raw/aamc/msar_reports/16_msar009-msar-waitlist-procedures-1.pdf,75,18,617.155,NJ,"Rutgers, Robert Wood Johnson Medical School","Rutgers, Robert Wood Johnson Medical School",We typically have a high priority and waitlist group. In most cycles we do offer spots to applicants on the alternate list.,30,We accept updates and letters of interest from high priority applicants. Offers from the alternate list will not be made prior to May 1st and can continue through July..,
aamc_msar_waitlist_procedures,AAMC MSAR Advisor Reports,https://students-residents.aamc.org/medical-school-admission-requirements/medical-school-admission-requirements-reports-applicants-and-advisors,data/raw/aamc/msar_reports/16_msar009-msar-waitlist-procedures-1.pdf,76,18,577.555,NM,University of New Mexico School of Medicine,University of New Mexico School of Medicine,50,25,Waitlisted applicants are positioned on the Alternate List in a rank order. Once a position becomes available the next waitlisted applicant is notified by phone.,
aamc_msar_waitlist_procedures,AAMC MSAR Advisor Reports,https://students-residents.aamc.org/medical-school-admission-requirements/medical-school-admission-requirements-reports-applicants-and-advisors,data/raw/aamc/msar_reports/16_msar009-msar-waitlist-procedures-1.pdf,77,18,537.955,NV,Kirk Kerkorian School of Medicine at UNLV,Kirk Kerkorian School of Medicine at UNLV,125,35,"Candidates will be offered a position on the waitlist and can accept/decline. Waitlist ranking is not disclosed. For a full schedule of our admissions cycle, please visit our website.",
aamc_msar_waitlist_procedures,AAMC MSAR Advisor Reports,https://students-residents.aamc.org/medical-school-admission-requirements/medical-school-admission-requirements-reports-applicants-and-advisors,data/raw/aamc/msar_reports/16_msar009-msar-waitlist-procedures-1.pdf,78,18,498.355,NV,Roseman University College of Medicine,Roseman University College of Medicine,N/A,,Applicants must confirm their offer on the waitlist and are required to respond by the deadline specified in their waitlist letter. Waitlist applicants will be notified of any changes.,
aamc_msar_waitlist_procedures,AAMC MSAR Advisor Reports,https://students-residents.aamc.org/medical-school-admission-requirements/medical-school-admission-requirements-reports-applicants-and-advisors,data/raw/aamc/msar_reports/16_msar009-msar-waitlist-procedures-1.pdf,79,18,458.755,NV,"University of Nevada, Reno School of Medicine","University of Nevada, Reno School of Medicine",Varies from year to year.,,"By April 1 you will be notified you whether you are in the top third, middle-third, or lower third of the waitlist. Most WL movement happens after April 30 CYMS Commit Day.",
aamc_msar_waitlist_procedures,AAMC MSAR Advisor Reports,https://students-residents.aamc.org/medical-school-admission-requirements/medical-school-admission-requirements-reports-applicants-and-advisors,data/raw/aamc/msar_reports/16_msar009-msar-waitlist-procedures-1.pdf,80,18,419.155,NY,Albany Medical College,Albany Medical College,"Typically, around 200 are offered a position on the wait list.",100,"Applicants are expected to follow AMCAS traffic rules and guidelines, including withdrawing from waitlist spots once they have committed to enroll to a school.",
aamc_msar_waitlist_procedures,AAMC MSAR Advisor Reports,https://students-residents.aamc.org/medical-school-admission-requirements/medical-school-admission-requirements-reports-applicants-and-advisors,data/raw/aamc/msar_reports/16_msar009-msar-waitlist-procedures-1.pdf,81,18,375.155,NY,Albert Einstein College of Medicine,Albert Einstein College of Medicine,275,75,"Students are notified that they have been placed on the wait list. They are asked to accept or decline a place, and are invited to provide any updates they feel might strengthen their application.",
aamc_msar_waitlist_procedures,AAMC MSAR Advisor Reports,https://students-residents.aamc.org/medical-school-admission-requirements/medical-school-admission-requirements-reports-applicants-and-advisors,data/raw/aamc/msar_reports/16_msar009-msar-waitlist-procedures-1.pdf,82,18,335.555,NY,Columbia University Vagelos College of Physicians and Surgeons,Columbia University Vagelos College of Physicians and Surgeons,The number varies each year,,The waitlist is not ranked and remains open until the first day of class.,
aamc_msar_waitlist_procedures,AAMC MSAR Advisor Reports,https://students-residents.aamc.org/medical-school-admission-requirements/medical-school-admission-requirements-reports-applicants-and-advisors,data/raw/aamc/msar_reports/16_msar009-msar-waitlist-procedures-1.pdf,83,18,295.955,NY,CUNY School of Medicine,CUNY School of Medicine,Approximately 45 (for undergraduate admissions),1,Wait-listed applicants are notified of acceptance by May 15th annually. The number of wait-listed students admitted annually varies according to space availability.,
aamc_msar_waitlist_procedures,AAMC MSAR Advisor Reports,https://students-residents.aamc.org/medical-school-admission-requirements/medical-school-admission-requirements-reports-applicants-and-advisors,data/raw/aamc/msar_reports/16_msar009-msar-waitlist-procedures-1.pdf,84,18,256.355,NY,Donald and Barbara Zucker School of Medicine at Hofstra/Northwell,Donald and Barbara Zucker School of Medicine at Hofstra/Northwell,Our waitlist varies cycle to cycle,,Monthly communications with waitlist applicants as per their continued interest,
aamc_msar_waitlist_procedures,AAMC MSAR Advisor Reports,https://students-residents.aamc.org/medical-school-admission-requirements/medical-school-admission-requirements-reports-applicants-and-advisors,data/raw/aamc/msar_reports/16_msar009-msar-waitlist-procedures-1.pdf,85,18,211.347,NY,Icahn School of Medicine at Mount Sinai,Icahn School of Medicine at Mount Sinai,Notifications are sent in March and the number of waitlist positions varies from year to year.,,Applicants are encouraged to communicate via the application portal to accept their place and submit updates and letters of interest. Acceptance offers are sent until the start of orientation.,
aamc_msar_waitlist_procedures,AAMC MSAR Advisor Reports,https://students-residents.aamc.org/medical-school-admission-requirements/medical-school-admission-requirements-reports-applicants-and-advisors,data/raw/aamc/msar_reports/16_msar009-msar-waitlist-procedures-1.pdf,86,18,171.747,NY,Jacobs School of Medicine and Biomedical Sciences at the University at Buffalo,Jacobs School of Medicine and Biomedical Sciences at the University at Buffalo,Varies every year.,,,
aamc_msar_waitlist_procedures,AAMC MSAR Advisor Reports,https://students-residents.aamc.org/medical-school-admission-requirements/medical-school-admission-requirements-reports-applicants-and-advisors,data/raw/aamc/msar_reports/16_msar009-msar-waitlist-procedures-1.pdf,87,18,127.746,NY,New York Medical College,New York Medical College,approximately 250,50,Wait-listed applicants are considered starting in mid-April through mid-July as spots become available. Application updates and letters of continued interest are accepted to mdadmit@nymc.edu.,
aamc_msar_waitlist_procedures,AAMC MSAR Advisor Reports,https://students-residents.aamc.org/medical-school-admission-requirements/medical-school-admission-requirements-reports-applicants-and-advisors,data/raw/aamc/msar_reports/16_msar009-msar-waitlist-procedures-1.pdf,88,18,83.746,NY,NYU Grossman Long Island School of Medicine,NYU Grossman Long Island School of Medicine,We have approximately 35 candidates on the waitlist per cycle.,5,Seats in our entering class are linked to a specific residency track. Waitlisted candidates are considered for an open seat in conjunction with the specific residency they selected at application.,
aamc_msar_waitlist_procedures,AAMC MSAR Advisor Reports,https://students-residents.aamc.org/medical-school-admission-requirements/medical-school-admission-requirements-reports-applicants-and-advisors,data/raw/aamc/msar_reports/16_msar009-msar-waitlist-procedures-1.pdf,89,20,640.564,NY,NYU Grossman School of Medicine,NYU Grossman School of Medicine,Approximately 150,50,Applicants typically are notified of their waitlist status in mid- January. Applicants can be accepted from the waitlist up until the first day of orientation in July.,
aamc_msar_waitlist_procedures,AAMC MSAR Advisor Reports,https://students-residents.aamc.org/medical-school-admission-requirements/medical-school-admission-requirements-reports-applicants-and-advisors,data/raw/aamc/msar_reports/16_msar009-msar-waitlist-procedures-1.pdf,90,20,600.964,NY,Renaissance School of Medicine at Stony Brook University,Renaissance School of Medicine at Stony Brook University,~300,35,Our process is on a rolling admissions cycle.,
aamc_msar_waitlist_procedures,AAMC MSAR Advisor Reports,https://students-residents.aamc.org/medical-school-admission-requirements/medical-school-admission-requirements-reports-applicants-and-advisors,data/raw/aamc/msar_reports/16_msar009-msar-waitlist-procedures-1.pdf,91,20,561.364,NY,State University of New York Upstate Medical University Alan and Marlene Norton College of Medicine,State University of New York Upstate Medical University Alan and Marlene Norton College of Medicine,This number varies from year to year.,,https://www.upstate.edu/com/admissions/how_2_apply.php,
aamc_msar_waitlist_procedures,AAMC MSAR Advisor Reports,https://students-residents.aamc.org/medical-school-admission-requirements/medical-school-admission-requirements-reports-applicants-and-advisors,data/raw/aamc/msar_reports/16_msar009-msar-waitlist-procedures-1.pdf,92,20,521.764,NY,SUNY Downstate Health Sciences University College of Medicine,SUNY Downstate Health Sciences University College of Medicine,It varies per cycle.,,Alternate list invitations are issued in early April; alternates have 5 business days to respond to the alternate list offer or their alternate list offer will be withdrawn.,
aamc_msar_waitlist_procedures,AAMC MSAR Advisor Reports,https://students-residents.aamc.org/medical-school-admission-requirements/medical-school-admission-requirements-reports-applicants-and-advisors,data/raw/aamc/msar_reports/16_msar009-msar-waitlist-procedures-1.pdf,93,20,482.164,NY,University of Rochester School of Medicine and Dentistry,University of Rochester School of Medicine and Dentistry,350,30,"Initial offers to waitlisted applicants begin the end of April. As openings in the class occur, additional admission offers are made. Waitlist activity varies from year-to-year.",
aamc_msar_waitlist_procedures,AAMC MSAR Advisor Reports,https://students-residents.aamc.org/medical-school-admission-requirements/medical-school-admission-requirements-reports-applicants-and-advisors,data/raw/aamc/msar_reports/16_msar009-msar-waitlist-procedures-1.pdf,94,20,442.564,NY,Weill Cornell Medicine,Weill Cornell Medicine,,,,
aamc_msar_waitlist_procedures,AAMC MSAR Advisor Reports,https://students-residents.aamc.org/medical-school-admission-requirements/medical-school-admission-requirements-reports-applicants-and-advisors,data/raw/aamc/msar_reports/16_msar009-msar-waitlist-procedures-1.pdf,95,20,343.555,OH,Case Western Reserve University School of Medicine,Case Western Reserve University School of Medicine,Variable from year to year for each of our MD programs. Each MD program welcomes pertinent updates or letters of interest/intent from waitlisted applicants if they are truly interested in attending.,,"The Admissions Committee re-reviews waitlisted applicants as seats open, considering MCAT, GPA, interview, experiences, application strength, and letters of interest or intent..",
aamc_msar_waitlist_procedures,AAMC MSAR Advisor Reports,https://students-residents.aamc.org/medical-school-admission-requirements/medical-school-admission-requirements-reports-applicants-and-advisors,data/raw/aamc/msar_reports/16_msar009-msar-waitlist-procedures-1.pdf,96,20,280.547,OH,Northeast Ohio Medical University,Northeast Ohio Medical University,Approximately 700 regular decision plan candidates start with alternate list status as their initial acceptance decision.,280,"Alternate and Waitlist are interchangeable terms at NEOMED. NEOMED participates in the AAMC Choose Your Medical School Tool process with a ""Commit to Enroll"" decision due by early-June.",
aamc_msar_waitlist_procedures,AAMC MSAR Advisor Reports,https://students-residents.aamc.org/medical-school-admission-requirements/medical-school-admission-requirements-reports-applicants-and-advisors,data/raw/aamc/msar_reports/16_msar009-msar-waitlist-procedures-1.pdf,97,20,240.947,OH,Ohio State University College of Medicine,Ohio State University College of Medicine,250-300,55,"Waitlisted students are evaluated on their overall score, which combines the experiences, attributes, academic metrics, and interview performance.",
aamc_msar_waitlist_procedures,AAMC MSAR Advisor Reports,https://students-residents.aamc.org/medical-school-admission-requirements/medical-school-admission-requirements-reports-applicants-and-advisors,data/raw/aamc/msar_reports/16_msar009-msar-waitlist-procedures-1.pdf,98,20,201.347,OH,The University of Toledo College of Medicine and Life Sciences,The University of Toledo College of Medicine and Life Sciences,75- 150,20,Waitlist applicants will be considered up until early the first day of Orientation. The number of applicants accepted from the waitlist varies from year to year.,
aamc_msar_waitlist_procedures,AAMC MSAR Advisor Reports,https://students-residents.aamc.org/medical-school-admission-requirements/medical-school-admission-requirements-reports-applicants-and-advisors,data/raw/aamc/msar_reports/16_msar009-msar-waitlist-procedures-1.pdf,99,20,138.339,OH,University of Cincinnati College of Medicine,University of Cincinnati College of Medicine,Number of individuals assigned to waitlist varies annually. Typical ranges of students assigned to the waitlist: 60-150.,,"Applicants on Alternate List are reviewed throughout admissions cycle & may be accepted at any time. After April 30, the Alternate List becomes a Wait List.",
aamc_msar_waitlist_procedures,AAMC MSAR Advisor Reports,https://students-residents.aamc.org/medical-school-admission-requirements/medical-school-admission-requirements-reports-applicants-and-advisors,data/raw/aamc/msar_reports/16_msar009-msar-waitlist-procedures-1.pdf,100,20,98.739,OH,Wright State University Boonshoft School of Medicine,Wright State University Boonshoft School of Medicine,Variable from year to year.,,The number of waitlist positions and timing of offers varies from year to year.,
aamc_msar_waitlist_procedures,AAMC MSAR Advisor Reports,https://students-residents.aamc.org/medical-school-admission-requirements/medical-school-admission-requirements-reports-applicants-and-advisors,data/raw/aamc/msar_reports/16_msar009-msar-waitlist-procedures-1.pdf,101,20,59.139,OK,University of Oklahoma College of Medicine,University of Oklahoma College of Medicine,275,75,A wait-list of applicants will be generated. Applicants may be accepted from the wait-list no later than the first week of matriculation.,
aamc_msar_waitlist_procedures,AAMC MSAR Advisor Reports,https://students-residents.aamc.org/medical-school-admission-requirements/medical-school-admission-requirements-reports-applicants-and-advisors,data/raw/aamc/msar_reports/16_msar009-msar-waitlist-procedures-1.pdf,102,22,640.563,OR,Oregon Health & Science University School of Medicine,Oregon Health & Science University School of Medicine,150,50,"We will offer positions to applicants on the ranked alternate list as spots in the class become available, up until the time of matriculation.",
aamc_msar_waitlist_procedures,AAMC MSAR Advisor Reports,https://students-residents.aamc.org/medical-school-admission-requirements/medical-school-admission-requirements-reports-applicants-and-advisors,data/raw/aamc/msar_reports/16_msar009-msar-waitlist-procedures-1.pdf,103,22,596.563,PA,Drexel University College of Medicine,Drexel University College of Medicine,Approximately 300,69,"The waitlist is ranked by the Admissions Committee. If applicants are taken from the waitlist, they are called/emailed and asked to reply ASAP. Waitlisted applicants may send up three updates.",
aamc_msar_waitlist_procedures,AAMC MSAR Advisor Reports,https://students-residents.aamc.org/medical-school-admission-requirements/medical-school-admission-requirements-reports-applicants-and-advisors,data/raw/aamc/msar_reports/16_msar009-msar-waitlist-procedures-1.pdf,104,22,556.963,PA,Geisinger Commonwealth School of Medicine,Geisinger Commonwealth School of Medicine,380,45,"A student's position on the waitlist is confidential. If applicants are selected from the waitlist, they are called and emailed and asked to reply according to AAMC traffic rules.",
aamc_msar_waitlist_procedures,AAMC MSAR Advisor Reports,https://students-residents.aamc.org/medical-school-admission-requirements/medical-school-admission-requirements-reports-applicants-and-advisors,data/raw/aamc/msar_reports/16_msar009-msar-waitlist-procedures-1.pdf,105,22,512.963,PA,Lewis Katz School of Medicine at Temple University,Lewis Katz School of Medicine at Temple University,varies,,Review of the continuing candidate list begins in May and continues until Transition to Medical School. Applicants with a strong interest in Temple are encouraged to send updates starting in April.,
aamc_msar_waitlist_procedures,AAMC MSAR Advisor Reports,https://students-residents.aamc.org/medical-school-admission-requirements/medical-school-admission-requirements-reports-applicants-and-advisors,data/raw/aamc/msar_reports/16_msar009-msar-waitlist-procedures-1.pdf,106,22,468.962,PA,Pennsylvania State University College of Medicine,Pennsylvania State University College of Medicine,70,25,Students on the wait list are frequently reviewed with the potential of being accepted into the entering class. A significant number of applicants from the wait list are accepted each cycle.,
aamc_msar_waitlist_procedures,AAMC MSAR Advisor Reports,https://students-residents.aamc.org/medical-school-admission-requirements/medical-school-admission-requirements-reports-applicants-and-advisors,data/raw/aamc/msar_reports/16_msar009-msar-waitlist-procedures-1.pdf,107,22,429.362,PA,Perelman School of Medicine at the University of Pennsylvania,Perelman School of Medicine at the University of Pennsylvania,Varies per cycle,15,Competitive review of waitlist applications by the Executive Committee on Admissions,
aamc_msar_waitlist_procedures,AAMC MSAR Advisor Reports,https://students-residents.aamc.org/medical-school-admission-requirements/medical-school-admission-requirements-reports-applicants-and-advisors,data/raw/aamc/msar_reports/16_msar009-msar-waitlist-procedures-1.pdf,108,22,389.762,PA,Sidney Kimmel Medical College at Thomas Jefferson University,Sidney Kimmel Medical College at Thomas Jefferson University,200,40,Applicants are offered acceptance from the waitlist as spots become available during our rolling admissions process,
aamc_msar_waitlist_procedures,AAMC MSAR Advisor Reports,https://students-residents.aamc.org/medical-school-admission-requirements/medical-school-admission-requirements-reports-applicants-and-advisors,data/raw/aamc/msar_reports/16_msar009-msar-waitlist-procedures-1.pdf,109,22,350.162,PA,University of Pittsburgh School of Medicine,University of Pittsburgh School of Medicine,varies,65,Applicants are placed on the waitlist depending on Committee ranking. Applicants will be taken off the waitlist as seats in the class become available.,
aamc_msar_waitlist_procedures,AAMC MSAR Advisor Reports,https://students-residents.aamc.org/medical-school-admission-requirements/medical-school-admission-requirements-reports-applicants-and-advisors,data/raw/aamc/msar_reports/16_msar009-msar-waitlist-procedures-1.pdf,110,22,310.562,PR,Ponce Health Sciences University School of Medicine,Ponce Health Sciences University School of Medicine,Varies per location,70,,
aamc_msar_waitlist_procedures,AAMC MSAR Advisor Reports,https://students-residents.aamc.org/medical-school-admission-requirements/medical-school-admission-requirements-reports-applicants-and-advisors,data/raw/aamc/msar_reports/16_msar009-msar-waitlist-procedures-1.pdf,111,22,266.562,PR,San Juan Bautista School of Medicine,San Juan Bautista School of Medicine,it varies,10,Waiting list is granted until a position opens after an accepted student withdraws or delays matriculation. A ranking is generated by the admissions committee based on both academic and non-academic,
aamc_msar_waitlist_procedures,AAMC MSAR Advisor Reports,https://students-residents.aamc.org/medical-school-admission-requirements/medical-school-admission-requirements-reports-applicants-and-advisors,data/raw/aamc/msar_reports/16_msar009-msar-waitlist-procedures-1.pdf,112,22,222.562,PR,Universidad Central del Caribe School of Medicine,Universidad Central del Caribe School of Medicine,Approximately between 60 and 100,20,All students included in the alternate list meet the minimum requirements for admission and were evaluated favorably by the Committee. The list is analyzed based on the ranking of the students.,
aamc_msar_waitlist_procedures,AAMC MSAR Advisor Reports,https://students-residents.aamc.org/medical-school-admission-requirements/medical-school-admission-requirements-reports-applicants-and-advisors,data/raw/aamc/msar_reports/16_msar009-msar-waitlist-procedures-1.pdf,113,22,182.962,PR,University of Puerto Rico School of Medicine,University of Puerto Rico School of Medicine,20,0,"Candidates on the waiting list are admitted each time a student declines, according to the order of the admission formula.",
aamc_msar_waitlist_procedures,AAMC MSAR Advisor Reports,https://students-residents.aamc.org/medical-school-admission-requirements/medical-school-admission-requirements-reports-applicants-and-advisors,data/raw/aamc/msar_reports/16_msar009-msar-waitlist-procedures-1.pdf,114,22,143.362,RI,The Warren Alpert Medical School of Brown University,The Warren Alpert Medical School of Brown University,"Varies from year to year, usually between 10-30.",0,Candidates placed on the waitlist are encouraged to update their file if they have not already done so.,
aamc_msar_waitlist_procedures,AAMC MSAR Advisor Reports,https://students-residents.aamc.org/medical-school-admission-requirements/medical-school-admission-requirements-reports-applicants-and-advisors,data/raw/aamc/msar_reports/16_msar009-msar-waitlist-procedures-1.pdf,115,22,103.762,SC,Medical University of South Carolina College of Medicine,Medical University of South Carolina College of Medicine,This number varies each year.,,"In early April, the waitlist is created and applicants are notified. Not all applicants who interview are placed on the waitlist. Waitlist ranking is not disclosed to applicants.",
aamc_msar_waitlist_procedures,AAMC MSAR Advisor Reports,https://students-residents.aamc.org/medical-school-admission-requirements/medical-school-admission-requirements-reports-applicants-and-advisors,data/raw/aamc/msar_reports/16_msar009-msar-waitlist-procedures-1.pdf,116,22,64.162,SC,University of South Carolina School of Medicine Columbia,University of South Carolina School of Medicine Columbia,This number varies each year.,,Applicants are notified in early April of their waitlist status. Not all applicants who interview are placed on the waitlist. Waitlist ranking is not disclosed to applicants.,
aamc_msar_waitlist_procedures,AAMC MSAR Advisor Reports,https://students-residents.aamc.org/medical-school-admission-requirements/medical-school-admission-requirements-reports-applicants-and-advisors,data/raw/aamc/msar_reports/16_msar009-msar-waitlist-procedures-1.pdf,117,24,640.564,SC,University of South Carolina School of Medicine Greenville,University of South Carolina School of Medicine Greenville,This number varies from year to year,,The waitlist will be established in March after all interviews are completed. Not all applicants who interview are placed on the waitlist.,
aamc_msar_waitlist_procedures,AAMC MSAR Advisor Reports,https://students-residents.aamc.org/medical-school-admission-requirements/medical-school-admission-requirements-reports-applicants-and-advisors,data/raw/aamc/msar_reports/16_msar009-msar-waitlist-procedures-1.pdf,118,24,600.964,SD,"University of South Dakota, Sanford School of Medicine","University of South Dakota, Sanford School of Medicine",35-40,,Applicants on Waitlist are ranked and offered a position in order of their rank.,
aamc_msar_waitlist_procedures,AAMC MSAR Advisor Reports,https://students-residents.aamc.org/medical-school-admission-requirements/medical-school-admission-requirements-reports-applicants-and-advisors,data/raw/aamc/msar_reports/16_msar009-msar-waitlist-procedures-1.pdf,119,24,561.364,TN,East Tennessee State University James H. Quillen College of Medicine,East Tennessee State University James H. Quillen College of Medicine,Varies from cycle to cycle,,Applicants not immediately accepted or rejected will be placed on active hold/waitlist until further action is taken. Prompt notification is provided of any changes.,
aamc_msar_waitlist_procedures,AAMC MSAR Advisor Reports,https://students-residents.aamc.org/medical-school-admission-requirements/medical-school-admission-requirements-reports-applicants-and-advisors,data/raw/aamc/msar_reports/16_msar009-msar-waitlist-procedures-1.pdf,120,24,517.363,TN,Meharry Medical College,Meharry Medical College,50-60,,"The waitlist is ranked by the Admissions Committee. As students decline offers of admissions, the Office of Admissions & Recruitment contacts students from the waitlist.",
aamc_msar_waitlist_procedures,AAMC MSAR Advisor Reports,https://students-residents.aamc.org/medical-school-admission-requirements/medical-school-admission-requirements-reports-applicants-and-advisors,data/raw/aamc/msar_reports/16_msar009-msar-waitlist-procedures-1.pdf,121,24,454.355,TN,"Thomas F. Frist, Jr. College of Medicine at Belmont University","Thomas F. Frist, Jr. College of Medicine at Belmont University",The waitlist at FCoM is live and regularly reviewed. Those added to the waitlist could be invited to join the class at any time in the cycle.,,"The waitlist is live, unranked, and reviewed at each Admissions Committee meeting throughout the cycle. Candidates on the waitlist may be offered admission at any point in the cycle.",
aamc_msar_waitlist_procedures,AAMC MSAR Advisor Reports,https://students-residents.aamc.org/medical-school-admission-requirements/medical-school-admission-requirements-reports-applicants-and-advisors,data/raw/aamc/msar_reports/16_msar009-msar-waitlist-procedures-1.pdf,122,24,414.755,TN,University of Tennessee Health Science Center College of Medicine,University of Tennessee Health Science Center College of Medicine,125,55,http://www.uthsc.edu/Medicine/Admissions/docs/faqs- alternate-list.pdf,
aamc_msar_waitlist_procedures,AAMC MSAR Advisor Reports,https://students-residents.aamc.org/medical-school-admission-requirements/medical-school-admission-requirements-reports-applicants-and-advisors,data/raw/aamc/msar_reports/16_msar009-msar-waitlist-procedures-1.pdf,123,24,324.747,TN,Vanderbilt University School of Medicine,Vanderbilt University School of Medicine,All applicants not initially admitted will be placed on the non-ranked waitlist. The number of candidates admitted ranges from around 0- 20 each cycle. VUSM accepts updates and letters of intent.,20,"Applicants are encouraged to stay in touch with VUSM, as we view that as interest in staying on the non-ranked waitlist. The committee uses a holistic review in selecting from the waitlist.",
aamc_msar_waitlist_procedures,AAMC MSAR Advisor Reports,https://students-residents.aamc.org/medical-school-admission-requirements/medical-school-admission-requirements-reports-applicants-and-advisors,data/raw/aamc/msar_reports/16_msar009-msar-waitlist-procedures-1.pdf,124,24,285.147,TX,Anne Burnett Marion School of Medicine at TCU,Anne Burnett Marion School of Medicine at TCU,approx. 180,,Holistic review of all candidates is conducted.,
aamc_msar_waitlist_procedures,AAMC MSAR Advisor Reports,https://students-residents.aamc.org/medical-school-admission-requirements/medical-school-admission-requirements-reports-applicants-and-advisors,data/raw/aamc/msar_reports/16_msar009-msar-waitlist-procedures-1.pdf,125,24,245.547,TX,Baylor College of Medicine,Baylor College of Medicine,500-550,25,"After April 30th, if the class is not full due to withdrawals/declines, a vote is taken to activate the waitlist.",
aamc_msar_waitlist_procedures,AAMC MSAR Advisor Reports,https://students-residents.aamc.org/medical-school-admission-requirements/medical-school-admission-requirements-reports-applicants-and-advisors,data/raw/aamc/msar_reports/16_msar009-msar-waitlist-procedures-1.pdf,126,24,201.546,TX,McGovern Medical School at the University of Texas Health Science Center at Houston,McGovern Medical School at the University of Texas Health Science Center at Houston,varies,,Applicants are notified if they are placed on our waitlist. Applicants may decline to be on the waitlist and withdraw their application. Offers are made to applicants on a rolling basis.,
aamc_msar_waitlist_procedures,AAMC MSAR Advisor Reports,https://students-residents.aamc.org/medical-school-admission-requirements/medical-school-admission-requirements-reports-applicants-and-advisors,data/raw/aamc/msar_reports/16_msar009-msar-waitlist-procedures-1.pdf,127,24,161.946,TX,Texas A&M University School of Medicine,Texas A&M University School of Medicine,75-100,25,Applicants are notified approximately a few days after the TMDSAS Match. Further details are provided at the time of notification.,
aamc_msar_waitlist_procedures,AAMC MSAR Advisor Reports,https://students-residents.aamc.org/medical-school-admission-requirements/medical-school-admission-requirements-reports-applicants-and-advisors,data/raw/aamc/msar_reports/16_msar009-msar-waitlist-procedures-1.pdf,128,24,122.346,TX,Texas Tech University Health Sciences Center Paul L. Foster School of Medicine,Texas Tech University Health Sciences Center Paul L. Foster School of Medicine,8-10,8,Applicants are notified of alternate status subsequent to TMDSAS match.,
aamc_msar_waitlist_procedures,AAMC MSAR Advisor Reports,https://students-residents.aamc.org/medical-school-admission-requirements/medical-school-admission-requirements-reports-applicants-and-advisors,data/raw/aamc/msar_reports/16_msar009-msar-waitlist-procedures-1.pdf,129,24,78.346,TX,Texas Tech University Health Sciences Center School of Medicine,Texas Tech University Health Sciences Center School of Medicine,Approximately 50-160 applicants will be placed on the wait list,20,Applicants who've interviewed and have been deemed acceptable by the Admissions Committee are placed on the waitlist post Match. Waitlist status is communicated to applicants by email.,
aamc_msar_waitlist_procedures,AAMC MSAR Advisor Reports,https://students-residents.aamc.org/medical-school-admission-requirements/medical-school-admission-requirements-reports-applicants-and-advisors,data/raw/aamc/msar_reports/16_msar009-msar-waitlist-procedures-1.pdf,130,26,640.564,TX,The University of Texas at Tyler School of Medicine,The University of Texas at Tyler School of Medicine,varies,,N/A,
aamc_msar_waitlist_procedures,AAMC MSAR Advisor Reports,https://students-residents.aamc.org/medical-school-admission-requirements/medical-school-admission-requirements-reports-applicants-and-advisors,data/raw/aamc/msar_reports/16_msar009-msar-waitlist-procedures-1.pdf,131,26,600.964,TX,The University of Texas Health Science Center at San Antonio Joe R. and Teresa Lozano Long School of Medicine,The University of Texas Health Science Center at San Antonio Joe R. and Teresa Lozano Long School of Medicine,All interviewed applicants remain in the wait pool.,,All interviewed applicants are placed in the wait pool unless they request to be withdrawn.,
aamc_msar_waitlist_procedures,AAMC MSAR Advisor Reports,https://students-residents.aamc.org/medical-school-admission-requirements/medical-school-admission-requirements-reports-applicants-and-advisors,data/raw/aamc/msar_reports/16_msar009-msar-waitlist-procedures-1.pdf,132,26,561.364,TX,University of Houston Tilman J. Fertitta Family College of Medicine,University of Houston Tilman J. Fertitta Family College of Medicine,TBD,10,see TMDSAS rolling admissions information,
aamc_msar_waitlist_procedures,AAMC MSAR Advisor Reports,https://students-residents.aamc.org/medical-school-admission-requirements/medical-school-admission-requirements-reports-applicants-and-advisors,data/raw/aamc/msar_reports/16_msar009-msar-waitlist-procedures-1.pdf,133,26,521.764,TX,University of Texas at Austin Dell Medical School,University of Texas at Austin Dell Medical School,approximately 50,8,,
aamc_msar_waitlist_procedures,AAMC MSAR Advisor Reports,https://students-residents.aamc.org/medical-school-admission-requirements/medical-school-admission-requirements-reports-applicants-and-advisors,data/raw/aamc/msar_reports/16_msar009-msar-waitlist-procedures-1.pdf,134,26,477.764,TX,University of Texas Medical Branch John Sealy School of Medicine,University of Texas Medical Branch John Sealy School of Medicine,200-300,35,"This number varies greatly depending on the number of withdrawals we receive each year. If and when a position becomes available, the entire pool is reviewed for acceptance.",
aamc_msar_waitlist_procedures,AAMC MSAR Advisor Reports,https://students-residents.aamc.org/medical-school-admission-requirements/medical-school-admission-requirements-reports-applicants-and-advisors,data/raw/aamc/msar_reports/16_msar009-msar-waitlist-procedures-1.pdf,135,26,438.164,TX,University of Texas Rio Grande Valley School of Medicine,University of Texas Rio Grande Valley School of Medicine,200+,25,"Waitlist active until June 21, 2027",
aamc_msar_waitlist_procedures,AAMC MSAR Advisor Reports,https://students-residents.aamc.org/medical-school-admission-requirements/medical-school-admission-requirements-reports-applicants-and-advisors,data/raw/aamc/msar_reports/16_msar009-msar-waitlist-procedures-1.pdf,136,26,394.164,TX,University of Texas Southwestern Medical School,University of Texas Southwestern Medical School,Varies in the typical number of waitlist positions per cycle,,Interviewed applicants on the wait-list will receive an email from the admissions office outlining the procedures. Wait-list offers are made by the admissions committee as seats are available.,
aamc_msar_waitlist_procedures,AAMC MSAR Advisor Reports,https://students-residents.aamc.org/medical-school-admission-requirements/medical-school-admission-requirements-reports-applicants-and-advisors,data/raw/aamc/msar_reports/16_msar009-msar-waitlist-procedures-1.pdf,137,26,354.564,UT,Spencer Fox Eccles School of Medicine at the University of Utah,Spencer Fox Eccles School of Medicine at the University of Utah,Varies depending on number of applicants on the waitlist.,,This information is provided directly to applicant upon waitlist decision.,
aamc_msar_waitlist_procedures,AAMC MSAR Advisor Reports,https://students-residents.aamc.org/medical-school-admission-requirements/medical-school-admission-requirements-reports-applicants-and-advisors,data/raw/aamc/msar_reports/16_msar009-msar-waitlist-procedures-1.pdf,138,26,314.964,VA,Eastern Virginia Medical School,Eastern Virginia Medical School,300,100,The waitlist remains active until the class matriculates in August. Updates and letters of interest are accepted.,
aamc_msar_waitlist_procedures,AAMC MSAR Advisor Reports,https://students-residents.aamc.org/medical-school-admission-requirements/medical-school-admission-requirements-reports-applicants-and-advisors,data/raw/aamc/msar_reports/16_msar009-msar-waitlist-procedures-1.pdf,139,26,275.364,VA,University of Virginia School of Medicine,University of Virginia School of Medicine,Waitlist positions vary from year to year.,,We have a waitlist and most years do accept students from the waitlist.,
aamc_msar_waitlist_procedures,AAMC MSAR Advisor Reports,https://students-residents.aamc.org/medical-school-admission-requirements/medical-school-admission-requirements-reports-applicants-and-advisors,data/raw/aamc/msar_reports/16_msar009-msar-waitlist-procedures-1.pdf,140,26,235.764,VA,Virginia Commonwealth University School of Medicine,Virginia Commonwealth University School of Medicine,Varies by year,75,"The waitlist will be active from April 1, 2027, until either the class is full or the first day of classes (July 19, 2027)",
aamc_msar_waitlist_procedures,AAMC MSAR Advisor Reports,https://students-residents.aamc.org/medical-school-admission-requirements/medical-school-admission-requirements-reports-applicants-and-advisors,data/raw/aamc/msar_reports/16_msar009-msar-waitlist-procedures-1.pdf,141,26,196.164,VA,Virginia Tech Carilion School of Medicine,Virginia Tech Carilion School of Medicine,varies,,Interviewed applicants not initially accepted are re-evaluated in April. Qualified applicants are offered a seat or held on an active wait list until the incoming class matriculates.,
aamc_msar_waitlist_procedures,AAMC MSAR Advisor Reports,https://students-residents.aamc.org/medical-school-admission-requirements/medical-school-admission-requirements-reports-applicants-and-advisors,data/raw/aamc/msar_reports/16_msar009-msar-waitlist-procedures-1.pdf,142,26,152.163,VT,"Robert Larner, M.D., College of Medicine at the University of Vermont","Robert Larner, M.D., College of Medicine at the University of Vermont",300-400,75,"Our Waitlist is active until the class matriculates. No updates are needed from applicants on the waitlist and can be helpful. Once the waitlist is closed, applicants will be notified by email.",
aamc_msar_waitlist_procedures,AAMC MSAR Advisor Reports,https://students-residents.aamc.org/medical-school-admission-requirements/medical-school-admission-requirements-reports-applicants-and-advisors,data/raw/aamc/msar_reports/16_msar009-msar-waitlist-procedures-1.pdf,143,26,89.155,WA,University of Washington School of Medicine,University of Washington School of Medicine,The number of waitlist positions vary each year by the regional state and are determined by the competitiveness of the applicant pool.,48,"Alternates are accepted off an alternate list as positions become available in the entering class. Wyoming, Alaska, Montana, Idaho, Spokane, and Seattle cohorts have separate alternate lists.",
aamc_msar_waitlist_procedures,AAMC MSAR Advisor Reports,https://students-residents.aamc.org/medical-school-admission-requirements/medical-school-admission-requirements-reports-applicants-and-advisors,data/raw/aamc/msar_reports/16_msar009-msar-waitlist-procedures-1.pdf,144,28,636.163,WA,Washington State University Elson S. Floyd College of Medicine,Washington State University Elson S. Floyd College of Medicine,The number of positions varies each year.,,Applicants will be notified if they are on the waitlist after their Admissions Committee meeting. The official rank list is formed in mid-March at which time applicants can request their rank.,
aamc_msar_waitlist_procedures,AAMC MSAR Advisor Reports,https://students-residents.aamc.org/medical-school-admission-requirements/medical-school-admission-requirements-reports-applicants-and-advisors,data/raw/aamc/msar_reports/16_msar009-msar-waitlist-procedures-1.pdf,145,28,582.155,WI,Medical College of Wisconsin,Medical College of Wisconsin,100-200 at MCW- Milwaukee and 25-50 at MCW-Green Bay and MCW-Central Wisconsin.,50,"Applicants are placed on the waitlist throughout the interview cycle with few offers extended prior to May. The waitlist is unranked, and applicants are selected through a holistic review process.",
aamc_msar_waitlist_procedures,AAMC MSAR Advisor Reports,https://students-residents.aamc.org/medical-school-admission-requirements/medical-school-admission-requirements-reports-applicants-and-advisors,data/raw/aamc/msar_reports/16_msar009-msar-waitlist-procedures-1.pdf,146,28,538.155,WI,University of Wisconsin School of Medicine and Public Health,University of Wisconsin School of Medicine and Public Health,varies,,Acceptances from the waitlist vary each year and are dependent on many factors. Waitlisted applicants are notified of their position and likelihood of an eventual offer in mid-March to early May.,
aamc_msar_waitlist_procedures,AAMC MSAR Advisor Reports,https://students-residents.aamc.org/medical-school-admission-requirements/medical-school-admission-requirements-reports-applicants-and-advisors,data/raw/aamc/msar_reports/16_msar009-msar-waitlist-procedures-1.pdf,147,28,498.555,WV,Marshall University Joan C. Edwards School of Medicine,Marshall University Joan C. Edwards School of Medicine,approximately 200,40,Open positions are filled by the next most qualified applicant as selected by the Executive Committee (a sub-committee of the Admissions Committee) to fill any open position.,
aamc_msar_waitlist_procedures,AAMC MSAR Advisor Reports,https://students-residents.aamc.org/medical-school-admission-requirements/medical-school-admission-requirements-reports-applicants-and-advisors,data/raw/aamc/msar_reports/16_msar009-msar-waitlist-procedures-1.pdf,148,28,454.554,WV,West Virginia University School of Medicine,West Virginia University School of Medicine,"variable, depending upon total applicant pool",90,"Holistic review of waitlisted applicants is re-visited as openings in class arise, with strong emphasis on evidence of academic success, fulfillment of school's mission, and ties to the state of WV.",
aamc_msar_waitlist_procedures,AAMC MSAR Advisor Reports,https://students-residents.aamc.org/medical-school-admission-requirements/medical-school-admission-requirements-reports-applicants-and-advisors,data/raw/aamc/msar_reports/16_msar009-msar-waitlist-procedures-1.pdf,149,30,636.164,BC,University of British Columbia Faculty of Medicine,University of British Columbia Faculty of Medicine,,40,Applicants on the waitlist are contacted in rounds following the previous round's acceptance deadlines. Waitlisted applicants can be contacted until the first day of class for year 1 students.,
aamc_msar_waitlist_procedures,AAMC MSAR Advisor Reports,https://students-residents.aamc.org/medical-school-admission-requirements/medical-school-admission-requirements-reports-applicants-and-advisors,data/raw/aamc/msar_reports/16_msar009-msar-waitlist-procedures-1.pdf,150,30,596.564,MB,"Max Rady College of Medicine, Rady Faculty of Health Sciences, University of Manitoba","Max Rady College of Medicine, Rady Faculty of Health Sciences, University of Manitoba",50,,"Applicants are informed if they are placed on a waitlist, at the time decisions are provided.",
aamc_msar_waitlist_procedures,AAMC MSAR Advisor Reports,https://students-residents.aamc.org/medical-school-admission-requirements/medical-school-admission-requirements-reports-applicants-and-advisors,data/raw/aamc/msar_reports/16_msar009-msar-waitlist-procedures-1.pdf,151,30,542.556,NL,Memorial University of Newfoundland Faculty of Medicine,Memorial University of Newfoundland Faculty of Medicine,"Waitlists are retained per applicant pool. As a result, the number of individuals per waitlist is variable.",7,Applicants on the wait list are ranked by the Admissions Committee. The position of an applicant on the waitlist is not disclosed.,
aamc_msar_waitlist_procedures,AAMC MSAR Advisor Reports,https://students-residents.aamc.org/medical-school-admission-requirements/medical-school-admission-requirements-reports-applicants-and-advisors,data/raw/aamc/msar_reports/16_msar009-msar-waitlist-procedures-1.pdf,152,30,502.956,NS,Dalhousie University Faculty of Medicine,Dalhousie University Faculty of Medicine,20-30,,,
aamc_msar_waitlist_procedures,AAMC MSAR Advisor Reports,https://students-residents.aamc.org/medical-school-admission-requirements/medical-school-admission-requirements-reports-applicants-and-advisors,data/raw/aamc/msar_reports/16_msar009-msar-waitlist-procedures-1.pdf,153,30,463.356,ON,McMaster University Michael G. DeGroote School of Medicine,McMaster University Michael G. DeGroote School of Medicine,Waitlist information is not published and varies greatly from year to year,,"Offers from the waitlist are made on a rolling based (as a position is declined, a new offer is made from the waitlist)",
aamc_msar_waitlist_procedures,AAMC MSAR Advisor Reports,https://students-residents.aamc.org/medical-school-admission-requirements/medical-school-admission-requirements-reports-applicants-and-advisors,data/raw/aamc/msar_reports/16_msar009-msar-waitlist-procedures-1.pdf,154,30,423.756,ON,Northern Ontario School of Medicine,Northern Ontario School of Medicine,40,20,Waitlisted applicants are not informed at to where they are on the waitlist. Spots are offered as they become available until the class is full.,
aamc_msar_waitlist_procedures,AAMC MSAR Advisor Reports,https://students-residents.aamc.org/medical-school-admission-requirements/medical-school-admission-requirements-reports-applicants-and-advisors,data/raw/aamc/msar_reports/16_msar009-msar-waitlist-procedures-1.pdf,155,30,384.156,ON,Queen's University Faculty of Health Sciences,Queen's University Faculty of Health Sciences,N/A,,N/A,
aamc_msar_waitlist_procedures,AAMC MSAR Advisor Reports,https://students-residents.aamc.org/medical-school-admission-requirements/medical-school-admission-requirements-reports-applicants-and-advisors,data/raw/aamc/msar_reports/16_msar009-msar-waitlist-procedures-1.pdf,156,30,344.556,ON,The University of Western Ontario - Schulich School of Medicine & Dentistry,The University of Western Ontario - Schulich School of Medicine & Dentistry,200,60,Applicants who receive a waitlist offer must accept the offer in their Student Center to remain on the waitlist. Waitlisted applicants will be contacted on a rolling basis.,
aamc_msar_waitlist_procedures,AAMC MSAR Advisor Reports,https://students-residents.aamc.org/medical-school-admission-requirements/medical-school-admission-requirements-reports-applicants-and-advisors,data/raw/aamc/msar_reports/16_msar009-msar-waitlist-procedures-1.pdf,157,30,304.956,ON,Toronto Metropolitan University School of Medicine,Toronto Metropolitan University School of Medicine,,,,
aamc_msar_waitlist_procedures,AAMC MSAR Advisor Reports,https://students-residents.aamc.org/medical-school-admission-requirements/medical-school-admission-requirements-reports-applicants-and-advisors,data/raw/aamc/msar_reports/16_msar009-msar-waitlist-procedures-1.pdf,158,30,265.356,ON,University of Ottawa Faculty of Medicine,University of Ottawa Faculty of Medicine,N/A,,,
aamc_msar_waitlist_procedures,AAMC MSAR Advisor Reports,https://students-residents.aamc.org/medical-school-admission-requirements/medical-school-admission-requirements-reports-applicants-and-advisors,data/raw/aamc/msar_reports/16_msar009-msar-waitlist-procedures-1.pdf,159,30,202.347,ON,University of Toronto Temerty Faculty of Medicine,University of Toronto Temerty Faculty of Medicine,Variable - we will continue to make offers from the waitlist until all spots are filled. This typically concludes in early to mid-July.,,A short waitlist will be maintained between May and July . Waitlist applicants will be notified of offers if and when spaces become available. Final notifications will be released in early August.,
aamc_msar_waitlist_procedures,AAMC MSAR Advisor Reports,https://students-residents.aamc.org/medical-school-admission-requirements/medical-school-admission-requirements-reports-applicants-and-advisors,data/raw/aamc/msar_reports/16_msar009-msar-waitlist-procedures-1.pdf,160,30,157.339,QC,Universite de Montreal Faculty of Medicine,Universite de Montreal Faculty of Medicine,300 for CEGEP applicants and 105 for university graduate applicants,205,www.admission.umontreal.ca,
aamc_msar_waitlist_procedures,AAMC MSAR Advisor Reports,https://students-residents.aamc.org/medical-school-admission-requirements/medical-school-admission-requirements-reports-applicants-and-advisors,data/raw/aamc/msar_reports/16_msar009-msar-waitlist-procedures-1.pdf,161,30,117.739,SK,University of Saskatchewan College of Medicine,University of Saskatchewan College of Medicine,Variable depending on year.,30,"As declines are received in a particular applicant pool, waitlist offers are made immediately in that same pool in rank order.",
