source_key,source_name,root_url,source_row_number,link_text,link_title,href_raw,download_url,final_url,local_path,file_name,content_type,content_length_bytes,sha256,is_pdf,status,notes
aamc_msar_advisor_reports,AAMC MSAR Advisor Reports,https://students-residents.aamc.org/medical-school-admission-requirements/medical-school-admission-requirements-reports-applicants-and-advisors,1,Medical School Main Campus Address and Contact Information,Medical School Main Campus Address and Contact Information,//students-residents.aamc.org/media/14526/download?attachment,https://students-residents.aamc.org/media/14526/download?attachment,https://students-residents.aamc.org/media/14526/download?attachment,data/raw/aamc/msar_reports/01_msar023-msar-medical-school-main-campus-address-and-contact-information.pdf,01_msar023-msar-medical-school-main-campus-address-and-contact-information.pdf,application/pdf,351761,ab45a23ab71d6a77791d675d0ec425f4e5241b9cf0d1a688363a45b86530c7e2,TRUE,downloaded,
aamc_msar_advisor_reports,AAMC MSAR Advisor Reports,https://students-residents.aamc.org/medical-school-admission-requirements/medical-school-admission-requirements-reports-applicants-and-advisors,2,Medical School Mission Statement,Medical School Mission Statement,//students-residents.aamc.org/media/6966/download?attachment,https://students-residents.aamc.org/media/6966/download?attachment,https://students-residents.aamc.org/media/6966/download?attachment,data/raw/aamc/msar_reports/02_msar007-msar-mission-statement.pdf,02_msar007-msar-mission-statement.pdf,application/pdf,465977,e472c05f9db5397950619682b1013fa39282657ae46a164cdedaab39f980f65e,TRUE,downloaded,
aamc_msar_advisor_reports,AAMC MSAR Advisor Reports,https://students-residents.aamc.org/medical-school-admission-requirements/medical-school-admission-requirements-reports-applicants-and-advisors,3,BA/BS-MD Program List,,//students-residents.aamc.org/system/files/2022-12/bs_md_programs_2022_2023_msar_reports_12.12.22_2.pdf,https://students-residents.aamc.org/system/files/2022-12/bs_md_programs_2022_2023_msar_reports_12.12.22_2.pdf,https://students-residents.aamc.org/system/files/2025-10/2025%20Official%20Guide%20BSMD%20Programs.pdf,data/raw/aamc/msar_reports/03_ba-bs-md-program-list.html,03_ba-bs-md-program-list.html,text/html,3038,32ed63159c77e21ee19ca1b9aa3213ccf0218eb59539560b132a8e68ef0e18ea,FALSE,non_pdf_response,"downloaded response was an AAMC/Fastly client challenge, not a PDF"
aamc_msar_advisor_reports,AAMC MSAR Advisor Reports,https://students-residents.aamc.org/medical-school-admission-requirements/medical-school-admission-requirements-reports-applicants-and-advisors,4,Support Systems for Gender and Sexual Minority Students,Support Systems for Gender and Sexual Minority Students,//students-residents.aamc.org/media/6986/download?attachment,https://students-residents.aamc.org/media/6986/download?attachment,https://students-residents.aamc.org/media/6986/download?attachment,data/raw/aamc/msar_reports/04_msar016-msar-support-systems-for-gender-and-sexual-minority-students.pdf,04_msar016-msar-support-systems-for-gender-and-sexual-minority-students.pdf,application/pdf,372501,de78ef0f17e7a69ceca6c21806bfe7962b93c8d2dbb95d6c9356061d54d6ee96,TRUE,downloaded,
aamc_msar_advisor_reports,AAMC MSAR Advisor Reports,https://students-residents.aamc.org/medical-school-admission-requirements/medical-school-admission-requirements-reports-applicants-and-advisors,5,Admission Policies and Information,Admission Policies and Information,//students-residents.aamc.org/media/6991/download?attachment,https://students-residents.aamc.org/media/6991/download?attachment,https://students-residents.aamc.org/media/6991/download?attachment,data/raw/aamc/msar_reports/05_msar018-msar-admission-policies-and-information.pdf,05_msar018-msar-admission-policies-and-information.pdf,application/pdf,491432,8123a158efaabd990e610c89cd151c85a34f932f09a529a36ff06b29acb621f5,TRUE,downloaded,
aamc_msar_advisor_reports,AAMC MSAR Advisor Reports,https://students-residents.aamc.org/medical-school-admission-requirements/medical-school-admission-requirements-reports-applicants-and-advisors,6,Applications Accepted Information,Applications Accepted Information,//students-residents.aamc.org/media/6996/download?attachment,https://students-residents.aamc.org/media/6996/download?attachment,https://students-residents.aamc.org/media/6996/download?attachment,data/raw/aamc/msar_reports/06_msar012-applications-accepted-information.pdf,06_msar012-applications-accepted-information.pdf,application/pdf,1177240,fb75f4e754d3b6d326a55e20f6cc2908cea19be1ae08243adaa4d3460ade2d71,TRUE,downloaded,
aamc_msar_advisor_reports,AAMC MSAR Advisor Reports,https://students-residents.aamc.org/medical-school-admission-requirements/medical-school-admission-requirements-reports-applicants-and-advisors,7,Secondary Application Information,Secondary Application Information,//students-residents.aamc.org/media/7011/download?attachment,https://students-residents.aamc.org/media/7011/download?attachment,https://students-residents.aamc.org/media/7011/download?attachment,data/raw/aamc/msar_reports/07_msar006-msar-secondary-application.pdf,07_msar006-msar-secondary-application.pdf,application/pdf,683742,e0cfcea9f9817f85c1a646575f1d02a5eecee8ebf9e43676d91bbd232cccdae4,TRUE,downloaded,
aamc_msar_advisor_reports,AAMC MSAR Advisor Reports,https://students-residents.aamc.org/medical-school-admission-requirements/medical-school-admission-requirements-reports-applicants-and-advisors,8,Application Transfer Policies,Application Transfer Policies,//students-residents.aamc.org/media/7021/download?attachment,https://students-residents.aamc.org/media/7021/download?attachment,https://students-residents.aamc.org/media/7021/download?attachment,data/raw/aamc/msar_reports/08_msar013-msar-application-transfer-policies.pdf,08_msar013-msar-application-transfer-policies.pdf,application/pdf,577400,7506e3d4a589a3dd3e5b61f7eb300be0fc0660a96e55e06aeb4d3da360321ca7,TRUE,downloaded,
aamc_msar_advisor_reports,AAMC MSAR Advisor Reports,https://students-residents.aamc.org/medical-school-admission-requirements/medical-school-admission-requirements-reports-applicants-and-advisors,9,Letter of Evaluation Preferences,Letter of Evaluation Preferences,//students-residents.aamc.org/media/7026/download?attachment,https://students-residents.aamc.org/media/7026/download?attachment,https://students-residents.aamc.org/media/7026/download?attachment,data/raw/aamc/msar_reports/09_msar011-msar-letter-of-evaluation-preferences.pdf,09_msar011-msar-letter-of-evaluation-preferences.pdf,application/pdf,839804,2d061f46a46429f86d2decc9256ea2bc957894d02ce624b4ea6c11634248c15f,TRUE,downloaded,
aamc_msar_advisor_reports,AAMC MSAR Advisor Reports,https://students-residents.aamc.org/medical-school-admission-requirements/medical-school-admission-requirements-reports-applicants-and-advisors,10,DACA Policies,DACA Policies,//students-residents.aamc.org/media/7031/download?attachment,https://students-residents.aamc.org/media/7031/download?attachment,https://students-residents.aamc.org/media/7031/download?attachment,data/raw/aamc/msar_reports/10_msar004-daca-applications-from-daca-status.pdf,10_msar004-daca-applications-from-daca-status.pdf,application/pdf,440975,0feb7f34bd6be5579ed72a008c23b1c3be67735cd81a952ce545fd339cf32b02,TRUE,downloaded,
aamc_msar_advisor_reports,AAMC MSAR Advisor Reports,https://students-residents.aamc.org/medical-school-admission-requirements/medical-school-admission-requirements-reports-applicants-and-advisors,11,Latest and Oldest MCAT Test Administration Dates Considered,Latest & Oldest MCAT Test Administration Dates Considered,//students-residents.aamc.org/media/7036/download?attachment,https://students-residents.aamc.org/media/7036/download?attachment,https://students-residents.aamc.org/media/7036/download?attachment,data/raw/aamc/msar_reports/11_msar003-msar-latest-and-oldest-mcat-administration-dates-considered.pdf,11_msar003-msar-latest-and-oldest-mcat-administration-dates-considered.pdf,application/pdf,234360,6418f3864a9b00d59dd64564c5f4765c168d04d27abe35aa2f4b3c6e398b13a5,TRUE,downloaded,
aamc_msar_advisor_reports,AAMC MSAR Advisor Reports,https://students-residents.aamc.org/medical-school-admission-requirements/medical-school-admission-requirements-reports-applicants-and-advisors,12,Premedical Coursework Chart,Premedical Coursework Chart,//students-residents.aamc.org/media/7041/download?attachment,https://students-residents.aamc.org/media/7041/download?attachment,https://students-residents.aamc.org/media/7041/download?attachment,data/raw/aamc/msar_reports/12_msar002-msar-premed-course-requirements.pdf,12_msar002-msar-premed-course-requirements.pdf,application/pdf,8071874,deb0749b980c660644359608a1473815d9c04694f28032de4aebf934ee33dd3d,TRUE,downloaded,
aamc_msar_advisor_reports,AAMC MSAR Advisor Reports,https://students-residents.aamc.org/medical-school-admission-requirements/medical-school-admission-requirements-reports-applicants-and-advisors,13,PREview® Professional Readiness Exam Policies,PREview® Professional Readiness Exam Policies,//students-residents.aamc.org/media/7046/download?attachment,https://students-residents.aamc.org/media/7046/download?attachment,https://students-residents.aamc.org/media/7046/download?attachment,data/raw/aamc/msar_reports/13_msar-preview-participation-06-09-25-04152026-sc.pdf,13_msar-preview-participation-06-09-25-04152026-sc.pdf,application/pdf,93031,bedca50f125b173459ed3afbb9746bcf326434fa1e1fbfcaf8a612cebfdf26ed,TRUE,downloaded,
aamc_msar_advisor_reports,AAMC MSAR Advisor Reports,https://students-residents.aamc.org/medical-school-admission-requirements/medical-school-admission-requirements-reports-applicants-and-advisors,14,Community College Coursework Information,Community College Coursework Information,//students-residents.aamc.org/media/15766/download?attachment,https://students-residents.aamc.org/media/15766/download?attachment,https://students-residents.aamc.org/media/15766/download?attachment,data/raw/aamc/msar_reports/14_msar024-msar-community-college-coursework-information.pdf,14_msar024-msar-community-college-coursework-information.pdf,application/pdf,965405,48f4bc18180c143d868a09a6e7c4d52301402a75896fc2dd335c9fc8af5fcd97,TRUE,downloaded,
aamc_msar_advisor_reports,AAMC MSAR Advisor Reports,https://students-residents.aamc.org/medical-school-admission-requirements/medical-school-admission-requirements-reports-applicants-and-advisors,15,Interview Policies,Interview Policies,//students-residents.aamc.org/media/7051/download?attachment,https://students-residents.aamc.org/media/7051/download?attachment,https://students-residents.aamc.org/media/7051/download?attachment,data/raw/aamc/msar_reports/15_msar008-msar-interview-procedures.pdf,15_msar008-msar-interview-procedures.pdf,application/pdf,463388,d4a3c674232d625c74845dc45e2a3bb9ee0d24d0916bd3e825cdd72a189ea6db,TRUE,downloaded,
aamc_msar_advisor_reports,AAMC MSAR Advisor Reports,https://students-residents.aamc.org/medical-school-admission-requirements/medical-school-admission-requirements-reports-applicants-and-advisors,16,Waitlist Procedures,Waitlist Procedures,//students-residents.aamc.org/media/7056/download?attachment,https://students-residents.aamc.org/media/7056/download?attachment,https://students-residents.aamc.org/media/7056/download?attachment,data/raw/aamc/msar_reports/16_msar009-msar-waitlist-procedures-1.pdf,16_msar009-msar-waitlist-procedures-1.pdf,application/pdf,333026,01a04ae4d7813baf7d8db4ccf9f22633ab2f27cc6b29c2ae794d7c6d42eabdd9,TRUE,downloaded,
aamc_msar_advisor_reports,AAMC MSAR Advisor Reports,https://students-residents.aamc.org/medical-school-admission-requirements/medical-school-admission-requirements-reports-applicants-and-advisors,17,Debt Information,Debt Information,//students-residents.aamc.org/media/7061/download?attachment,https://students-residents.aamc.org/media/7061/download?attachment,https://students-residents.aamc.org/media/7061/download?attachment,data/raw/aamc/msar_reports/17_debt-information.html,17_debt-information.html,text/html,3038,32ed63159c77e21ee19ca1b9aa3213ccf0218eb59539560b132a8e68ef0e18ea,FALSE,non_pdf_response,"downloaded response was an AAMC/Fastly client challenge, not a PDF"
aamc_msar_advisor_reports,AAMC MSAR Advisor Reports,https://students-residents.aamc.org/medical-school-admission-requirements/medical-school-admission-requirements-reports-applicants-and-advisors,18,Deposit Due Date,Deposit Due Date,//students-residents.aamc.org/media/7066/download?attachment,https://students-residents.aamc.org/media/7066/download?attachment,https://students-residents.aamc.org/media/7066/download?attachment,data/raw/aamc/msar_reports/18_msar001-msar-deposit-information-1.pdf,18_msar001-msar-deposit-information-1.pdf,application/pdf,749753,8f7caaf48acc371d079cb322d526e4221e620fe85b9f7617be0e1bb4118fad69,TRUE,downloaded,
aamc_msar_advisor_reports,AAMC MSAR Advisor Reports,https://students-residents.aamc.org/medical-school-admission-requirements/medical-school-admission-requirements-reports-applicants-and-advisors,19,"Tuition, Fees and Insurance Information","Tuition, Fees and Insurance Information",//students-residents.aamc.org/media/7071/download?attachment,https://students-residents.aamc.org/media/7071/download?attachment,https://students-residents.aamc.org/media/7071/download?attachment,data/raw/aamc/msar_reports/19_msar015-msar-tuition-fees-and-insurance-information.pdf,19_msar015-msar-tuition-fees-and-insurance-information.pdf,application/pdf,265045,6098393e3ac61e3d807c0a9441ba8ca2fd9a98d76ad76fa1a842536f5ee55415,TRUE,downloaded,
