source_key,source_name,source_url,pdf_file,source_row_number,stream_index,row_y,state,school_name_raw,school_name_clean,daca_policy,notes
aamc_msar_daca_policies,AAMC MSAR Advisor Reports,https://students-residents.aamc.org/medical-school-admission-requirements/medical-school-admission-requirements-reports-applicants-and-advisors,data/raw/aamc/msar_reports/10_msar004-daca-applications-from-daca-status.pdf,1,4,671.723,AL,Frederick P. Whiddon College of Medicine at the University of South Alabama,Frederick P. Whiddon College of Medicine at the University of South Alabama,,
aamc_msar_daca_policies,AAMC MSAR Advisor Reports,https://students-residents.aamc.org/medical-school-admission-requirements/medical-school-admission-requirements-reports-applicants-and-advisors,data/raw/aamc/msar_reports/10_msar004-daca-applications-from-daca-status.pdf,2,4,648.723,AL,University of Alabama at Birmingham Marnix E. Heersink School of Medicine,University of Alabama at Birmingham Marnix E. Heersink School of Medicine,,
aamc_msar_daca_policies,AAMC MSAR Advisor Reports,https://students-residents.aamc.org/medical-school-admission-requirements/medical-school-admission-requirements-reports-applicants-and-advisors,data/raw/aamc/msar_reports/10_msar004-daca-applications-from-daca-status.pdf,3,4,630.003,AR,Alice L. Walton School of Medicine,Alice L. Walton School of Medicine,,
aamc_msar_daca_policies,AAMC MSAR Advisor Reports,https://students-residents.aamc.org/medical-school-admission-requirements/medical-school-admission-requirements-reports-applicants-and-advisors,data/raw/aamc/msar_reports/10_msar004-daca-applications-from-daca-status.pdf,4,4,607.003,AR,University of Arkansas for Medical Sciences College of Medicine,University of Arkansas for Medical Sciences College of Medicine,,
aamc_msar_daca_policies,AAMC MSAR Advisor Reports,https://students-residents.aamc.org/medical-school-admission-requirements/medical-school-admission-requirements-reports-applicants-and-advisors,data/raw/aamc/msar_reports/10_msar004-daca-applications-from-daca-status.pdf,5,4,584.002,AZ,Arizona State University School of Medicine and Advanced Medical Engineering (SOMME),Arizona State University School of Medicine and Advanced Medical Engineering (SOMME),,
aamc_msar_daca_policies,AAMC MSAR Advisor Reports,https://students-residents.aamc.org/medical-school-admission-requirements/medical-school-admission-requirements-reports-applicants-and-advisors,data/raw/aamc/msar_reports/10_msar004-daca-applications-from-daca-status.pdf,6,4,565.282,AZ,University of Arizona College of Medicine,University of Arizona College of Medicine,,
aamc_msar_daca_policies,AAMC MSAR Advisor Reports,https://students-residents.aamc.org/medical-school-admission-requirements/medical-school-admission-requirements-reports-applicants-and-advisors,data/raw/aamc/msar_reports/10_msar004-daca-applications-from-daca-status.pdf,7,4,546.562,AZ,University of Arizona College of Medicine - Phoenix,University of Arizona College of Medicine - Phoenix,,
aamc_msar_daca_policies,AAMC MSAR Advisor Reports,https://students-residents.aamc.org/medical-school-admission-requirements/medical-school-admission-requirements-reports-applicants-and-advisors,data/raw/aamc/msar_reports/10_msar004-daca-applications-from-daca-status.pdf,8,4,527.842,CA,California Northstate University College of Medicine,California Northstate University College of Medicine,,
aamc_msar_daca_policies,AAMC MSAR Advisor Reports,https://students-residents.aamc.org/medical-school-admission-requirements/medical-school-admission-requirements-reports-applicants-and-advisors,data/raw/aamc/msar_reports/10_msar004-daca-applications-from-daca-status.pdf,9,4,500.530,CA,California University of Science and Medicine-School of Medicine,California University of Science and Medicine-School of Medicine,DACA applicants with a valid Social Security number are welcome to apply.,
aamc_msar_daca_policies,AAMC MSAR Advisor Reports,https://students-residents.aamc.org/medical-school-admission-requirements/medical-school-admission-requirements-reports-applicants-and-advisors,data/raw/aamc/msar_reports/10_msar004-daca-applications-from-daca-status.pdf,10,4,477.530,CA,Charles R. Drew University of Medicine and Science College of Medicine,Charles R. Drew University of Medicine and Science College of Medicine,,
aamc_msar_daca_policies,AAMC MSAR Advisor Reports,https://students-residents.aamc.org/medical-school-admission-requirements/medical-school-admission-requirements-reports-applicants-and-advisors,data/raw/aamc/msar_reports/10_msar004-daca-applications-from-daca-status.pdf,11,4,450.218,CA,Kaiser Permanente Bernard J. Tyson School of Medicine,Kaiser Permanente Bernard J. Tyson School of Medicine,Deferred Action for Childhood Arrivals (DACA) status are eligible to apply to the School.,
aamc_msar_daca_policies,AAMC MSAR Advisor Reports,https://students-residents.aamc.org/medical-school-admission-requirements/medical-school-admission-requirements-reports-applicants-and-advisors,data/raw/aamc/msar_reports/10_msar004-daca-applications-from-daca-status.pdf,12,4,427.217,CA,Keck School of Medicine of the University of Southern California,Keck School of Medicine of the University of Southern California,All applicants.,
aamc_msar_daca_policies,AAMC MSAR Advisor Reports,https://students-residents.aamc.org/medical-school-admission-requirements/medical-school-admission-requirements-reports-applicants-and-advisors,data/raw/aamc/msar_reports/10_msar004-daca-applications-from-daca-status.pdf,13,4,399.905,CA,Loma Linda University School of Medicine,Loma Linda University School of Medicine,"Preference for admission is given to academically-qualified, mission-aligned members of the Seventh-day Adventist Church.",
aamc_msar_daca_policies,AAMC MSAR Advisor Reports,https://students-residents.aamc.org/medical-school-admission-requirements/medical-school-admission-requirements-reports-applicants-and-advisors,data/raw/aamc/msar_reports/10_msar004-daca-applications-from-daca-status.pdf,14,4,381.185,CA,Stanford University School of Medicine,Stanford University School of Medicine,https://med.stanford.edu/md-admissions/academic-requirements.html,
aamc_msar_daca_policies,AAMC MSAR Advisor Reports,https://students-residents.aamc.org/medical-school-admission-requirements/medical-school-admission-requirements-reports-applicants-and-advisors,data/raw/aamc/msar_reports/10_msar004-daca-applications-from-daca-status.pdf,15,4,353.873,CA,"University of California, Davis, School of Medicine","University of California, Davis, School of Medicine",We do not consider immigration status in the evaluation of applicants for our pathway programs or medical school admissions.,
aamc_msar_daca_policies,AAMC MSAR Advisor Reports,https://students-residents.aamc.org/medical-school-admission-requirements/medical-school-admission-requirements-reports-applicants-and-advisors,data/raw/aamc/msar_reports/10_msar004-daca-applications-from-daca-status.pdf,16,4,335.153,CA,"University of California, Irvine, School of Medicine","University of California, Irvine, School of Medicine",Must submit DACA documentation,
aamc_msar_daca_policies,AAMC MSAR Advisor Reports,https://students-residents.aamc.org/medical-school-admission-requirements/medical-school-admission-requirements-reports-applicants-and-advisors,data/raw/aamc/msar_reports/10_msar004-daca-applications-from-daca-status.pdf,17,4,312.152,CA,"University of California, Los Angeles David Geffen School of Medicine","University of California, Los Angeles David Geffen School of Medicine","Yes, all applicants.",
aamc_msar_daca_policies,AAMC MSAR Advisor Reports,https://students-residents.aamc.org/medical-school-admission-requirements/medical-school-admission-requirements-reports-applicants-and-advisors,data/raw/aamc/msar_reports/10_msar004-daca-applications-from-daca-status.pdf,18,4,274.184,CA,"University of California, Riverside School of Medicine","University of California, Riverside School of Medicine",The California Dream Act passed in 2011 gives undocumented DACA (AB540 eligibility students) access to state financial aid and institutional and privately-funded scholarships.,
aamc_msar_daca_policies,AAMC MSAR Advisor Reports,https://students-residents.aamc.org/medical-school-admission-requirements/medical-school-admission-requirements-reports-applicants-and-advisors,data/raw/aamc/msar_reports/10_msar004-daca-applications-from-daca-status.pdf,19,4,255.464,CA,"University of California, San Diego School of Medicine","University of California, San Diego School of Medicine",https://medschool.ucsd.edu/admissions/Pages/Application-Process.aspx,
aamc_msar_daca_policies,AAMC MSAR Advisor Reports,https://students-residents.aamc.org/medical-school-admission-requirements/medical-school-admission-requirements-reports-applicants-and-advisors,data/raw/aamc/msar_reports/10_msar004-daca-applications-from-daca-status.pdf,20,4,232.464,CA,"University of California, San Francisco, School of Medicine","University of California, San Francisco, School of Medicine","Yes, all applicants",
aamc_msar_daca_policies,AAMC MSAR Advisor Reports,https://students-residents.aamc.org/medical-school-admission-requirements/medical-school-admission-requirements-reports-applicants-and-advisors,data/raw/aamc/msar_reports/10_msar004-daca-applications-from-daca-status.pdf,21,4,213.744,CO,University of Colorado School of Medicine,University of Colorado School of Medicine,CUSOM accepts DACA applicants.,
aamc_msar_daca_policies,AAMC MSAR Advisor Reports,https://students-residents.aamc.org/medical-school-admission-requirements/medical-school-admission-requirements-reports-applicants-and-advisors,data/raw/aamc/msar_reports/10_msar004-daca-applications-from-daca-status.pdf,22,4,175.776,CT,Frank H. Netter MD School of Medicine at Quinnipiac University,Frank H. Netter MD School of Medicine at Quinnipiac University,The Office of Admissions will communicate with DACA applicants to determine if Netter would be an appropriate fit. Applicants are welcome to reach out to admissions at medicine@qu.edu.,
aamc_msar_daca_policies,AAMC MSAR Advisor Reports,https://students-residents.aamc.org/medical-school-admission-requirements/medical-school-admission-requirements-reports-applicants-and-advisors,data/raw/aamc/msar_reports/10_msar004-daca-applications-from-daca-status.pdf,23,4,157.056,CT,University of Connecticut School of Medicine,University of Connecticut School of Medicine,All applicants,
aamc_msar_daca_policies,AAMC MSAR Advisor Reports,https://students-residents.aamc.org/medical-school-admission-requirements/medical-school-admission-requirements-reports-applicants-and-advisors,data/raw/aamc/msar_reports/10_msar004-daca-applications-from-daca-status.pdf,24,4,129.743,CT,Yale School of Medicine,Yale School of Medicine,Accepted DACA status applicants are eligible to receive need-based financial aid from Yale School of Medicine.,
aamc_msar_daca_policies,AAMC MSAR Advisor Reports,https://students-residents.aamc.org/medical-school-admission-requirements/medical-school-admission-requirements-reports-applicants-and-advisors,data/raw/aamc/msar_reports/10_msar004-daca-applications-from-daca-status.pdf,25,4,106.743,DC,George Washington University School of Medicine & Health Sciences,George Washington University School of Medicine & Health Sciences,Must have or be about to earn a US or Canadian undergraduate degree.,
aamc_msar_daca_policies,AAMC MSAR Advisor Reports,https://students-residents.aamc.org/medical-school-admission-requirements/medical-school-admission-requirements-reports-applicants-and-advisors,data/raw/aamc/msar_reports/10_msar004-daca-applications-from-daca-status.pdf,26,4,88.023,DC,Georgetown University School of Medicine,Georgetown University School of Medicine,DACA recipients are eligible to apply.,
aamc_msar_daca_policies,AAMC MSAR Advisor Reports,https://students-residents.aamc.org/medical-school-admission-requirements/medical-school-admission-requirements-reports-applicants-and-advisors,data/raw/aamc/msar_reports/10_msar004-daca-applications-from-daca-status.pdf,27,4,69.303,DC,Howard University College of Medicine,Howard University College of Medicine,We evaluate DACA applicants on a limited basis.,
aamc_msar_daca_policies,AAMC MSAR Advisor Reports,https://students-residents.aamc.org/medical-school-admission-requirements/medical-school-admission-requirements-reports-applicants-and-advisors,data/raw/aamc/msar_reports/10_msar004-daca-applications-from-daca-status.pdf,28,4,46.303,FL,Charles E. Schmidt College of Medicine at Florida Atlantic University,Charles E. Schmidt College of Medicine at Florida Atlantic University,,
aamc_msar_daca_policies,AAMC MSAR Advisor Reports,https://students-residents.aamc.org/medical-school-admission-requirements/medical-school-admission-requirements-reports-applicants-and-advisors,data/raw/aamc/msar_reports/10_msar004-daca-applications-from-daca-status.pdf,29,68,671.723,FL,Florida International University Herbert Wertheim College of Medicine,Florida International University Herbert Wertheim College of Medicine,,
aamc_msar_daca_policies,AAMC MSAR Advisor Reports,https://students-residents.aamc.org/medical-school-admission-requirements/medical-school-admission-requirements-reports-applicants-and-advisors,data/raw/aamc/msar_reports/10_msar004-daca-applications-from-daca-status.pdf,30,68,653.003,FL,Florida State University College of Medicine,Florida State University College of Medicine,,
aamc_msar_daca_policies,AAMC MSAR Advisor Reports,https://students-residents.aamc.org/medical-school-admission-requirements/medical-school-admission-requirements-reports-applicants-and-advisors,data/raw/aamc/msar_reports/10_msar004-daca-applications-from-daca-status.pdf,31,68,630.003,FL,Nova Southeastern University Dr. Kiran C. Patel College of Allopathic Medicine,Nova Southeastern University Dr. Kiran C. Patel College of Allopathic Medicine,,
aamc_msar_daca_policies,AAMC MSAR Advisor Reports,https://students-residents.aamc.org/medical-school-admission-requirements/medical-school-admission-requirements-reports-applicants-and-advisors,data/raw/aamc/msar_reports/10_msar004-daca-applications-from-daca-status.pdf,32,68,611.283,FL,University of Central Florida College of Medicine,University of Central Florida College of Medicine,,
aamc_msar_daca_policies,AAMC MSAR Advisor Reports,https://students-residents.aamc.org/medical-school-admission-requirements/medical-school-admission-requirements-reports-applicants-and-advisors,data/raw/aamc/msar_reports/10_msar004-daca-applications-from-daca-status.pdf,33,68,592.563,FL,University of Florida College of Medicine,University of Florida College of Medicine,,
aamc_msar_daca_policies,AAMC MSAR Advisor Reports,https://students-residents.aamc.org/medical-school-admission-requirements/medical-school-admission-requirements-reports-applicants-and-advisors,data/raw/aamc/msar_reports/10_msar004-daca-applications-from-daca-status.pdf,34,68,565.251,FL,University of Miami Leonard M. Miller School of Medicine,University of Miami Leonard M. Miller School of Medicine,DACA applicants are encouraged to apply and will be assisted through the Office of Belonging and Inclusive Excellence.,
aamc_msar_daca_policies,AAMC MSAR Advisor Reports,https://students-residents.aamc.org/medical-school-admission-requirements/medical-school-admission-requirements-reports-applicants-and-advisors,data/raw/aamc/msar_reports/10_msar004-daca-applications-from-daca-status.pdf,35,68,546.531,FL,USF Health Morsani College of Medicine,USF Health Morsani College of Medicine,Case-by-case,
aamc_msar_daca_policies,AAMC MSAR Advisor Reports,https://students-residents.aamc.org/medical-school-admission-requirements/medical-school-admission-requirements-reports-applicants-and-advisors,data/raw/aamc/msar_reports/10_msar004-daca-applications-from-daca-status.pdf,36,68,508.562,GA,Emory University School of Medicine,Emory University School of Medicine,"Emory welcomes applications from all persons, regardless of citizenship or visa status. Citizenship is not used to determine selection for an interview or for acceptance.",
aamc_msar_daca_policies,AAMC MSAR Advisor Reports,https://students-residents.aamc.org/medical-school-admission-requirements/medical-school-admission-requirements-reports-applicants-and-advisors,data/raw/aamc/msar_reports/10_msar004-daca-applications-from-daca-status.pdf,37,68,489.842,GA,Medical College of Georgia at Augusta University,Medical College of Georgia at Augusta University,,
aamc_msar_daca_policies,AAMC MSAR Advisor Reports,https://students-residents.aamc.org/medical-school-admission-requirements/medical-school-admission-requirements-reports-applicants-and-advisors,data/raw/aamc/msar_reports/10_msar004-daca-applications-from-daca-status.pdf,38,68,471.122,GA,Mercer University School of Medicine,Mercer University School of Medicine,,
aamc_msar_daca_policies,AAMC MSAR Advisor Reports,https://students-residents.aamc.org/medical-school-admission-requirements/medical-school-admission-requirements-reports-applicants-and-advisors,data/raw/aamc/msar_reports/10_msar004-daca-applications-from-daca-status.pdf,39,68,452.402,GA,Morehouse School of Medicine,Morehouse School of Medicine,,
aamc_msar_daca_policies,AAMC MSAR Advisor Reports,https://students-residents.aamc.org/medical-school-admission-requirements/medical-school-admission-requirements-reports-applicants-and-advisors,data/raw/aamc/msar_reports/10_msar004-daca-applications-from-daca-status.pdf,40,68,433.682,GA,University of Georgia School of Medicine,University of Georgia School of Medicine,,
aamc_msar_daca_policies,AAMC MSAR Advisor Reports,https://students-residents.aamc.org/medical-school-admission-requirements/medical-school-admission-requirements-reports-applicants-and-advisors,data/raw/aamc/msar_reports/10_msar004-daca-applications-from-daca-status.pdf,41,68,414.962,HI,"University of Hawaii, John A. Burns School of Medicine","University of Hawaii, John A. Burns School of Medicine",See JABSOM admissions webpages for more details.,
aamc_msar_daca_policies,AAMC MSAR Advisor Reports,https://students-residents.aamc.org/medical-school-admission-requirements/medical-school-admission-requirements-reports-applicants-and-advisors,data/raw/aamc/msar_reports/10_msar004-daca-applications-from-daca-status.pdf,42,68,391.962,IA,University of Iowa Roy J. and Lucille A. Carver College of Medicine,University of Iowa Roy J. and Lucille A. Carver College of Medicine,,
aamc_msar_daca_policies,AAMC MSAR Advisor Reports,https://students-residents.aamc.org/medical-school-admission-requirements/medical-school-admission-requirements-reports-applicants-and-advisors,data/raw/aamc/msar_reports/10_msar004-daca-applications-from-daca-status.pdf,43,68,373.242,IL,Carle Illinois College of Medicine,Carle Illinois College of Medicine,x,
aamc_msar_daca_policies,AAMC MSAR Advisor Reports,https://students-residents.aamc.org/medical-school-admission-requirements/medical-school-admission-requirements-reports-applicants-and-advisors,data/raw/aamc/msar_reports/10_msar004-daca-applications-from-daca-status.pdf,44,68,350.242,IL,Chicago Medical School at Rosalind Franklin University of Medicine & Science,Chicago Medical School at Rosalind Franklin University of Medicine & Science,Must have DACA Status at the time of application to be considered.,
aamc_msar_daca_policies,AAMC MSAR Advisor Reports,https://students-residents.aamc.org/medical-school-admission-requirements/medical-school-admission-requirements-reports-applicants-and-advisors,data/raw/aamc/msar_reports/10_msar004-daca-applications-from-daca-status.pdf,45,68,331.522,IL,Loyola University Chicago Stritch School of Medicine,Loyola University Chicago Stritch School of Medicine,http://ssom.luc.edu/daca/,
aamc_msar_daca_policies,AAMC MSAR Advisor Reports,https://students-residents.aamc.org/medical-school-admission-requirements/medical-school-admission-requirements-reports-applicants-and-advisors,data/raw/aamc/msar_reports/10_msar004-daca-applications-from-daca-status.pdf,46,68,293.554,IL,Northwestern University The Feinberg School of Medicine,Northwestern University The Feinberg School of Medicine,"Students with DACA status are ineligible for most federal assistance programs, and thus must secure private funding through a participating lender with a US-based co-signer.",
aamc_msar_daca_policies,AAMC MSAR Advisor Reports,https://students-residents.aamc.org/medical-school-admission-requirements/medical-school-admission-requirements-reports-applicants-and-advisors,data/raw/aamc/msar_reports/10_msar004-daca-applications-from-daca-status.pdf,47,68,266.241,IL,Rush Medical College of Rush University Medical Center,Rush Medical College of Rush University Medical Center,RMC welcomes applicants of Deferred Action for Childhood Arrivals (DACA) status.,
aamc_msar_daca_policies,AAMC MSAR Advisor Reports,https://students-residents.aamc.org/medical-school-admission-requirements/medical-school-admission-requirements-reports-applicants-and-advisors,data/raw/aamc/msar_reports/10_msar004-daca-applications-from-daca-status.pdf,48,68,238.929,IL,Southern Illinois University School of Medicine,Southern Illinois University School of Medicine,Must be an Illinois resident Illinois resident with Deferred Action for Childhood Arrivals (DACA) status.,
aamc_msar_daca_policies,AAMC MSAR Advisor Reports,https://students-residents.aamc.org/medical-school-admission-requirements/medical-school-admission-requirements-reports-applicants-and-advisors,data/raw/aamc/msar_reports/10_msar004-daca-applications-from-daca-status.pdf,49,68,215.929,IL,University of Chicago Division of the Biological Sciences The Pritzker School of Medicine,University of Chicago Division of the Biological Sciences The Pritzker School of Medicine,We accept applications from DACA applicants.,
aamc_msar_daca_policies,AAMC MSAR Advisor Reports,https://students-residents.aamc.org/medical-school-admission-requirements/medical-school-admission-requirements-reports-applicants-and-advisors,data/raw/aamc/msar_reports/10_msar004-daca-applications-from-daca-status.pdf,50,68,188.616,IL,University of Illinois College of Medicine,University of Illinois College of Medicine,We accept applicants with DACA status. Please see the UI COM website for additional details.,
aamc_msar_daca_policies,AAMC MSAR Advisor Reports,https://students-residents.aamc.org/medical-school-admission-requirements/medical-school-admission-requirements-reports-applicants-and-advisors,data/raw/aamc/msar_reports/10_msar004-daca-applications-from-daca-status.pdf,51,68,169.896,IN,Indiana University School of Medicine,Indiana University School of Medicine,,
aamc_msar_daca_policies,AAMC MSAR Advisor Reports,https://students-residents.aamc.org/medical-school-admission-requirements/medical-school-admission-requirements-reports-applicants-and-advisors,data/raw/aamc/msar_reports/10_msar004-daca-applications-from-daca-status.pdf,52,68,142.584,KS,University of Kansas School of Medicine,University of Kansas School of Medicine,An applicant who is not a citizen must submit a photocopy of his or her permanent resident visa card or DACA approvals.,
aamc_msar_daca_policies,AAMC MSAR Advisor Reports,https://students-residents.aamc.org/medical-school-admission-requirements/medical-school-admission-requirements-reports-applicants-and-advisors,data/raw/aamc/msar_reports/10_msar004-daca-applications-from-daca-status.pdf,53,68,104.616,KY,University of Kentucky College of Medicine,University of Kentucky College of Medicine,Consideration for those who have graduated from a KY high school or attended a KY college/university. DACA students are not eligible for federal loans or institutional scholarships.,
aamc_msar_daca_policies,AAMC MSAR Advisor Reports,https://students-residents.aamc.org/medical-school-admission-requirements/medical-school-admission-requirements-reports-applicants-and-advisors,data/raw/aamc/msar_reports/10_msar004-daca-applications-from-daca-status.pdf,54,68,85.896,KY,University of Louisville School of Medicine,University of Louisville School of Medicine,https://medicine.louisville.edu/admission/md-program-admissions,
aamc_msar_daca_policies,AAMC MSAR Advisor Reports,https://students-residents.aamc.org/medical-school-admission-requirements/medical-school-admission-requirements-reports-applicants-and-advisors,data/raw/aamc/msar_reports/10_msar004-daca-applications-from-daca-status.pdf,55,68,62.896,LA,Louisiana State University School of Medicine in New Orleans,Louisiana State University School of Medicine in New Orleans,,
aamc_msar_daca_policies,AAMC MSAR Advisor Reports,https://students-residents.aamc.org/medical-school-admission-requirements/medical-school-admission-requirements-reports-applicants-and-advisors,data/raw/aamc/msar_reports/10_msar004-daca-applications-from-daca-status.pdf,56,124,671.723,LA,Louisiana State University School of Medicine in Shreveport,Louisiana State University School of Medicine in Shreveport,,
aamc_msar_daca_policies,AAMC MSAR Advisor Reports,https://students-residents.aamc.org/medical-school-admission-requirements/medical-school-admission-requirements-reports-applicants-and-advisors,data/raw/aamc/msar_reports/10_msar004-daca-applications-from-daca-status.pdf,57,124,633.755,LA,Tulane University School of Medicine,Tulane University School of Medicine,"The admissions process is identical for domestic and international students. All applicants will receive a full review of their file, regardless of citizenship or immigration status.",
aamc_msar_daca_policies,AAMC MSAR Advisor Reports,https://students-residents.aamc.org/medical-school-admission-requirements/medical-school-admission-requirements-reports-applicants-and-advisors,data/raw/aamc/msar_reports/10_msar004-daca-applications-from-daca-status.pdf,58,124,606.443,MA,Boston University Aram V. Chobanian & Edward Avedisian School of Medicine,Boston University Aram V. Chobanian & Edward Avedisian School of Medicine,Chobanian & Avedisian SOM has extremely limited financial resources for DACA status students.,
aamc_msar_daca_policies,AAMC MSAR Advisor Reports,https://students-residents.aamc.org/medical-school-admission-requirements/medical-school-admission-requirements-reports-applicants-and-advisors,data/raw/aamc/msar_reports/10_msar004-daca-applications-from-daca-status.pdf,59,124,587.723,MA,Harvard Medical School,Harvard Medical School,Please see our website for more information.,
aamc_msar_daca_policies,AAMC MSAR Advisor Reports,https://students-residents.aamc.org/medical-school-admission-requirements/medical-school-admission-requirements-reports-applicants-and-advisors,data/raw/aamc/msar_reports/10_msar004-daca-applications-from-daca-status.pdf,60,124,569.003,MA,Tufts University School of Medicine,Tufts University School of Medicine,https://medicine.tufts.edu/admissions-aid/info-for/daca-applicants,
aamc_msar_daca_policies,AAMC MSAR Advisor Reports,https://students-residents.aamc.org/medical-school-admission-requirements/medical-school-admission-requirements-reports-applicants-and-advisors,data/raw/aamc/msar_reports/10_msar004-daca-applications-from-daca-status.pdf,61,124,546.002,MA,University of Massachusetts T.H. Chan School of Medicine,University of Massachusetts T.H. Chan School of Medicine,Applicants must provide official proof of DACA status.,
aamc_msar_daca_policies,AAMC MSAR Advisor Reports,https://students-residents.aamc.org/medical-school-admission-requirements/medical-school-admission-requirements-reports-applicants-and-advisors,data/raw/aamc/msar_reports/10_msar004-daca-applications-from-daca-status.pdf,62,124,527.282,MD,Johns Hopkins University School of Medicine,Johns Hopkins University School of Medicine,Yes: All applicants,
aamc_msar_daca_policies,AAMC MSAR Advisor Reports,https://students-residents.aamc.org/medical-school-admission-requirements/medical-school-admission-requirements-reports-applicants-and-advisors,data/raw/aamc/msar_reports/10_msar004-daca-applications-from-daca-status.pdf,63,124,504.282,MD,Uniformed Services University of the Health Sciences F. Edward Hebert School of Medicine,Uniformed Services University of the Health Sciences F. Edward Hebert School of Medicine,,
aamc_msar_daca_policies,AAMC MSAR Advisor Reports,https://students-residents.aamc.org/medical-school-admission-requirements/medical-school-admission-requirements-reports-applicants-and-advisors,data/raw/aamc/msar_reports/10_msar004-daca-applications-from-daca-status.pdf,64,124,485.562,MD,University of Maryland School of Medicine,University of Maryland School of Medicine,Maryland In-State DACA students are eligible for consideration,
aamc_msar_daca_policies,AAMC MSAR Advisor Reports,https://students-residents.aamc.org/medical-school-admission-requirements/medical-school-admission-requirements-reports-applicants-and-advisors,data/raw/aamc/msar_reports/10_msar004-daca-applications-from-daca-status.pdf,65,124,466.842,MI,Central Michigan University College of Medicine,Central Michigan University College of Medicine,,
aamc_msar_daca_policies,AAMC MSAR Advisor Reports,https://students-residents.aamc.org/medical-school-admission-requirements/medical-school-admission-requirements-reports-applicants-and-advisors,data/raw/aamc/msar_reports/10_msar004-daca-applications-from-daca-status.pdf,66,124,448.122,MI,Michigan State University College of Human Medicine,Michigan State University College of Human Medicine,Preference given to DACA in-state residents.,
aamc_msar_daca_policies,AAMC MSAR Advisor Reports,https://students-residents.aamc.org/medical-school-admission-requirements/medical-school-admission-requirements-reports-applicants-and-advisors,data/raw/aamc/msar_reports/10_msar004-daca-applications-from-daca-status.pdf,67,124,425.122,MI,Oakland University William Beaumont School of Medicine,Oakland University William Beaumont School of Medicine,,
aamc_msar_daca_policies,AAMC MSAR Advisor Reports,https://students-residents.aamc.org/medical-school-admission-requirements/medical-school-admission-requirements-reports-applicants-and-advisors,data/raw/aamc/msar_reports/10_msar004-daca-applications-from-daca-status.pdf,68,124,397.809,MI,University of Michigan Medical School,University of Michigan Medical School,https://medschool.umich.edu/programs-admissions/md-program/md- admissions/md-admissions-requirements,
aamc_msar_daca_policies,AAMC MSAR Advisor Reports,https://students-residents.aamc.org/medical-school-admission-requirements/medical-school-admission-requirements-reports-applicants-and-advisors,data/raw/aamc/msar_reports/10_msar004-daca-applications-from-daca-status.pdf,69,124,379.089,MI,Wayne State University School of Medicine,Wayne State University School of Medicine,,
aamc_msar_daca_policies,AAMC MSAR Advisor Reports,https://students-residents.aamc.org/medical-school-admission-requirements/medical-school-admission-requirements-reports-applicants-and-advisors,data/raw/aamc/msar_reports/10_msar004-daca-applications-from-daca-status.pdf,70,124,356.089,MI,Western Michigan University Homer Stryker M.D. School of Medicine,Western Michigan University Homer Stryker M.D. School of Medicine,,
aamc_msar_daca_policies,AAMC MSAR Advisor Reports,https://students-residents.aamc.org/medical-school-admission-requirements/medical-school-admission-requirements-reports-applicants-and-advisors,data/raw/aamc/msar_reports/10_msar004-daca-applications-from-daca-status.pdf,71,124,337.369,MN,Mayo Clinic Alix School of Medicine,Mayo Clinic Alix School of Medicine,DACA recipients are eligible to apply.,
aamc_msar_daca_policies,AAMC MSAR Advisor Reports,https://students-residents.aamc.org/medical-school-admission-requirements/medical-school-admission-requirements-reports-applicants-and-advisors,data/raw/aamc/msar_reports/10_msar004-daca-applications-from-daca-status.pdf,72,124,310.057,MN,University of Minnesota Medical School,University of Minnesota Medical School,Please contact the Office of Admissions if you are a Minnesota resident with DACA designation.,
aamc_msar_daca_policies,AAMC MSAR Advisor Reports,https://students-residents.aamc.org/medical-school-admission-requirements/medical-school-admission-requirements-reports-applicants-and-advisors,data/raw/aamc/msar_reports/10_msar004-daca-applications-from-daca-status.pdf,73,124,282.745,MO,Saint Louis University School of Medicine,Saint Louis University School of Medicine,DACA applicants are considered international students and are subject to additional financial requirements.,
aamc_msar_daca_policies,AAMC MSAR Advisor Reports,https://students-residents.aamc.org/medical-school-admission-requirements/medical-school-admission-requirements-reports-applicants-and-advisors,data/raw/aamc/msar_reports/10_msar004-daca-applications-from-daca-status.pdf,74,124,264.025,MO,University of Missouri-Columbia School of Medicine,University of Missouri-Columbia School of Medicine,,
aamc_msar_daca_policies,AAMC MSAR Advisor Reports,https://students-residents.aamc.org/medical-school-admission-requirements/medical-school-admission-requirements-reports-applicants-and-advisors,data/raw/aamc/msar_reports/10_msar004-daca-applications-from-daca-status.pdf,75,124,245.305,MO,University of Missouri-Kansas City School of Medicine,University of Missouri-Kansas City School of Medicine,,
aamc_msar_daca_policies,AAMC MSAR Advisor Reports,https://students-residents.aamc.org/medical-school-admission-requirements/medical-school-admission-requirements-reports-applicants-and-advisors,data/raw/aamc/msar_reports/10_msar004-daca-applications-from-daca-status.pdf,76,124,226.585,MO,Washington University in St. Louis School of Medicine,Washington University in St. Louis School of Medicine,Applicants are considered regardless of citizenship status.,
aamc_msar_daca_policies,AAMC MSAR Advisor Reports,https://students-residents.aamc.org/medical-school-admission-requirements/medical-school-admission-requirements-reports-applicants-and-advisors,data/raw/aamc/msar_reports/10_msar004-daca-applications-from-daca-status.pdf,77,124,207.865,MS,University of Mississippi School of Medicine,University of Mississippi School of Medicine,,
aamc_msar_daca_policies,AAMC MSAR Advisor Reports,https://students-residents.aamc.org/medical-school-admission-requirements/medical-school-admission-requirements-reports-applicants-and-advisors,data/raw/aamc/msar_reports/10_msar004-daca-applications-from-daca-status.pdf,78,124,189.145,NC,Brody School of Medicine at East Carolina University,Brody School of Medicine at East Carolina University,,
aamc_msar_daca_policies,AAMC MSAR Advisor Reports,https://students-residents.aamc.org/medical-school-admission-requirements/medical-school-admission-requirements-reports-applicants-and-advisors,data/raw/aamc/msar_reports/10_msar004-daca-applications-from-daca-status.pdf,79,124,170.425,NC,Duke University School of Medicine,Duke University School of Medicine,We consider DACA Status Applicants,
aamc_msar_daca_policies,AAMC MSAR Advisor Reports,https://students-residents.aamc.org/medical-school-admission-requirements/medical-school-admission-requirements-reports-applicants-and-advisors,data/raw/aamc/msar_reports/10_msar004-daca-applications-from-daca-status.pdf,80,124,143.112,NC,Methodist University Cape Fear Valley Health School of Medicine,Methodist University Cape Fear Valley Health School of Medicine,All candidates must hold US Citizenship or permanent residency and have a bachelor's or advanced degree from a US-accredited institution.,
aamc_msar_daca_policies,AAMC MSAR Advisor Reports,https://students-residents.aamc.org/medical-school-admission-requirements/medical-school-admission-requirements-reports-applicants-and-advisors,data/raw/aamc/msar_reports/10_msar004-daca-applications-from-daca-status.pdf,81,124,105.144,NC,University of North Carolina at Chapel Hill School of Medicine,University of North Carolina at Chapel Hill School of Medicine,Yes. Considered part of the out-of-state applicant pool. GPA and MCAT criteria can be found at: https://www.med.unc.edu/admit/requirements/admissions-process/,
aamc_msar_daca_policies,AAMC MSAR Advisor Reports,https://students-residents.aamc.org/medical-school-admission-requirements/medical-school-admission-requirements-reports-applicants-and-advisors,data/raw/aamc/msar_reports/10_msar004-daca-applications-from-daca-status.pdf,82,124,86.424,NC,Wake Forest University School of Medicine,Wake Forest University School of Medicine,,
aamc_msar_daca_policies,AAMC MSAR Advisor Reports,https://students-residents.aamc.org/medical-school-admission-requirements/medical-school-admission-requirements-reports-applicants-and-advisors,data/raw/aamc/msar_reports/10_msar004-daca-applications-from-daca-status.pdf,83,124,63.424,ND,University of North Dakota School of Medicine and Health Sciences,University of North Dakota School of Medicine and Health Sciences,,
aamc_msar_daca_policies,AAMC MSAR Advisor Reports,https://students-residents.aamc.org/medical-school-admission-requirements/medical-school-admission-requirements-reports-applicants-and-advisors,data/raw/aamc/msar_reports/10_msar004-daca-applications-from-daca-status.pdf,84,182,667.411,NE,Creighton University School of Medicine,Creighton University School of Medicine,DACA students that graduated from Creighton University with their Undergraduate degree are eligible.,
aamc_msar_daca_policies,AAMC MSAR Advisor Reports,https://students-residents.aamc.org/medical-school-admission-requirements/medical-school-admission-requirements-reports-applicants-and-advisors,data/raw/aamc/msar_reports/10_msar004-daca-applications-from-daca-status.pdf,85,182,648.691,NE,University of Nebraska College of Medicine,University of Nebraska College of Medicine,,
aamc_msar_daca_policies,AAMC MSAR Advisor Reports,https://students-residents.aamc.org/medical-school-admission-requirements/medical-school-admission-requirements-reports-applicants-and-advisors,data/raw/aamc/msar_reports/10_msar004-daca-applications-from-daca-status.pdf,86,182,621.379,NH,Geisel School of Medicine at Dartmouth,Geisel School of Medicine at Dartmouth,DACA students are eligible to apply. The review process is the same regardless of citizenship.,
aamc_msar_daca_policies,AAMC MSAR Advisor Reports,https://students-residents.aamc.org/medical-school-admission-requirements/medical-school-admission-requirements-reports-applicants-and-advisors,data/raw/aamc/msar_reports/10_msar004-daca-applications-from-daca-status.pdf,87,182,602.659,NJ,Cooper Medical School of Rowan University,Cooper Medical School of Rowan University,Must be US citizen or Permanent Resident,
aamc_msar_daca_policies,AAMC MSAR Advisor Reports,https://students-residents.aamc.org/medical-school-admission-requirements/medical-school-admission-requirements-reports-applicants-and-advisors,data/raw/aamc/msar_reports/10_msar004-daca-applications-from-daca-status.pdf,88,182,583.939,NJ,Hackensack Meridian School of Medicine,Hackensack Meridian School of Medicine,,
aamc_msar_daca_policies,AAMC MSAR Advisor Reports,https://students-residents.aamc.org/medical-school-admission-requirements/medical-school-admission-requirements-reports-applicants-and-advisors,data/raw/aamc/msar_reports/10_msar004-daca-applications-from-daca-status.pdf,89,182,565.219,NJ,Rutgers New Jersey Medical School,Rutgers New Jersey Medical School,DACA applicants are considered.,
aamc_msar_daca_policies,AAMC MSAR Advisor Reports,https://students-residents.aamc.org/medical-school-admission-requirements/medical-school-admission-requirements-reports-applicants-and-advisors,data/raw/aamc/msar_reports/10_msar004-daca-applications-from-daca-status.pdf,90,182,546.499,NJ,"Rutgers, Robert Wood Johnson Medical School","Rutgers, Robert Wood Johnson Medical School",,
aamc_msar_daca_policies,AAMC MSAR Advisor Reports,https://students-residents.aamc.org/medical-school-admission-requirements/medical-school-admission-requirements-reports-applicants-and-advisors,data/raw/aamc/msar_reports/10_msar004-daca-applications-from-daca-status.pdf,91,182,519.187,NM,University of New Mexico School of Medicine,University of New Mexico School of Medicine,DACA status applicants must meet one of our strong-ties to the state criteria to gain consideration for admissions.,
aamc_msar_daca_policies,AAMC MSAR Advisor Reports,https://students-residents.aamc.org/medical-school-admission-requirements/medical-school-admission-requirements-reports-applicants-and-advisors,data/raw/aamc/msar_reports/10_msar004-daca-applications-from-daca-status.pdf,92,182,481.218,NV,Kirk Kerkorian School of Medicine at UNLV,Kirk Kerkorian School of Medicine at UNLV,DACA applicants will be reviewed on a case by case basis with preference given to Nevada residents who hold specific documents to aid with degree matriculation and training.,
aamc_msar_daca_policies,AAMC MSAR Advisor Reports,https://students-residents.aamc.org/medical-school-admission-requirements/medical-school-admission-requirements-reports-applicants-and-advisors,data/raw/aamc/msar_reports/10_msar004-daca-applications-from-daca-status.pdf,93,182,462.498,NV,Roseman University College of Medicine,Roseman University College of Medicine,,
aamc_msar_daca_policies,AAMC MSAR Advisor Reports,https://students-residents.aamc.org/medical-school-admission-requirements/medical-school-admission-requirements-reports-applicants-and-advisors,data/raw/aamc/msar_reports/10_msar004-daca-applications-from-daca-status.pdf,94,182,443.778,NV,"University of Nevada, Reno School of Medicine","University of Nevada, Reno School of Medicine",We welcome DACA applicants who meet our residency criteria.,
aamc_msar_daca_policies,AAMC MSAR Advisor Reports,https://students-residents.aamc.org/medical-school-admission-requirements/medical-school-admission-requirements-reports-applicants-and-advisors,data/raw/aamc/msar_reports/10_msar004-daca-applications-from-daca-status.pdf,95,182,425.058,NY,Albany Medical College,Albany Medical College,,
aamc_msar_daca_policies,AAMC MSAR Advisor Reports,https://students-residents.aamc.org/medical-school-admission-requirements/medical-school-admission-requirements-reports-applicants-and-advisors,data/raw/aamc/msar_reports/10_msar004-daca-applications-from-daca-status.pdf,96,182,406.338,NY,Albert Einstein College of Medicine,Albert Einstein College of Medicine,Applicants are ineligible who have applied twice before.,
aamc_msar_daca_policies,AAMC MSAR Advisor Reports,https://students-residents.aamc.org/medical-school-admission-requirements/medical-school-admission-requirements-reports-applicants-and-advisors,data/raw/aamc/msar_reports/10_msar004-daca-applications-from-daca-status.pdf,97,182,383.338,NY,Columbia University Vagelos College of Physicians and Surgeons,Columbia University Vagelos College of Physicians and Surgeons,All applicants,
aamc_msar_daca_policies,AAMC MSAR Advisor Reports,https://students-residents.aamc.org/medical-school-admission-requirements/medical-school-admission-requirements-reports-applicants-and-advisors,data/raw/aamc/msar_reports/10_msar004-daca-applications-from-daca-status.pdf,98,182,364.618,NY,CUNY School of Medicine,CUNY School of Medicine,None,
aamc_msar_daca_policies,AAMC MSAR Advisor Reports,https://students-residents.aamc.org/medical-school-admission-requirements/medical-school-admission-requirements-reports-applicants-and-advisors,data/raw/aamc/msar_reports/10_msar004-daca-applications-from-daca-status.pdf,99,182,341.618,NY,Donald and Barbara Zucker School of Medicine at Hofstra/Northwell,Donald and Barbara Zucker School of Medicine at Hofstra/Northwell,We accept applications from those who hold DACA status,
aamc_msar_daca_policies,AAMC MSAR Advisor Reports,https://students-residents.aamc.org/medical-school-admission-requirements/medical-school-admission-requirements-reports-applicants-and-advisors,data/raw/aamc/msar_reports/10_msar004-daca-applications-from-daca-status.pdf,100,182,322.898,NY,Icahn School of Medicine at Mount Sinai,Icahn School of Medicine at Mount Sinai,http://icahn.mssm.edu/education/financial-aid/application/daca,
aamc_msar_daca_policies,AAMC MSAR Advisor Reports,https://students-residents.aamc.org/medical-school-admission-requirements/medical-school-admission-requirements-reports-applicants-and-advisors,data/raw/aamc/msar_reports/10_msar004-daca-applications-from-daca-status.pdf,101,182,299.898,NY,Jacobs School of Medicine and Biomedical Sciences at the University at Buffalo,Jacobs School of Medicine and Biomedical Sciences at the University at Buffalo,Financial Aid may not be available.,
aamc_msar_daca_policies,AAMC MSAR Advisor Reports,https://students-residents.aamc.org/medical-school-admission-requirements/medical-school-admission-requirements-reports-applicants-and-advisors,data/raw/aamc/msar_reports/10_msar004-daca-applications-from-daca-status.pdf,102,182,272.585,NY,New York Medical College,New York Medical College,NYMC is unable to provide scholarship funding or government-funded loads for DACA applicants.,
aamc_msar_daca_policies,AAMC MSAR Advisor Reports,https://students-residents.aamc.org/medical-school-admission-requirements/medical-school-admission-requirements-reports-applicants-and-advisors,data/raw/aamc/msar_reports/10_msar004-daca-applications-from-daca-status.pdf,103,182,245.273,NY,NYU Grossman Long Island School of Medicine,NYU Grossman Long Island School of Medicine,Applicants with DACA status with a bachelors from a US or Canadian degree granting college or university are eligible to apply.,
aamc_msar_daca_policies,AAMC MSAR Advisor Reports,https://students-residents.aamc.org/medical-school-admission-requirements/medical-school-admission-requirements-reports-applicants-and-advisors,data/raw/aamc/msar_reports/10_msar004-daca-applications-from-daca-status.pdf,104,182,217.961,NY,NYU Grossman School of Medicine,NYU Grossman School of Medicine,Must have a bachelor ’ s degree from an accredited college or university in the United States or Canada,
aamc_msar_daca_policies,AAMC MSAR Advisor Reports,https://students-residents.aamc.org/medical-school-admission-requirements/medical-school-admission-requirements-reports-applicants-and-advisors,data/raw/aamc/msar_reports/10_msar004-daca-applications-from-daca-status.pdf,105,182,194.960,NY,Renaissance School of Medicine at Stony Brook University,Renaissance School of Medicine at Stony Brook University,Applications are accepted from DACA applicants.,
aamc_msar_daca_policies,AAMC MSAR Advisor Reports,https://students-residents.aamc.org/medical-school-admission-requirements/medical-school-admission-requirements-reports-applicants-and-advisors,data/raw/aamc/msar_reports/10_msar004-daca-applications-from-daca-status.pdf,106,182,162.960,NY,State University of New York Upstate Medical University Alan and Marlene Norton College of Medicine,State University of New York Upstate Medical University Alan and Marlene Norton College of Medicine,http://www.upstate.edu/com/admissions/index.php,
aamc_msar_daca_policies,AAMC MSAR Advisor Reports,https://students-residents.aamc.org/medical-school-admission-requirements/medical-school-admission-requirements-reports-applicants-and-advisors,data/raw/aamc/msar_reports/10_msar004-daca-applications-from-daca-status.pdf,107,182,139.960,NY,SUNY Downstate Health Sciences University College of Medicine,SUNY Downstate Health Sciences University College of Medicine,Admissions preference is given to US citizens & permanent residents.,
aamc_msar_daca_policies,AAMC MSAR Advisor Reports,https://students-residents.aamc.org/medical-school-admission-requirements/medical-school-admission-requirements-reports-applicants-and-advisors,data/raw/aamc/msar_reports/10_msar004-daca-applications-from-daca-status.pdf,108,182,116.960,NY,University of Rochester School of Medicine and Dentistry,University of Rochester School of Medicine and Dentistry,,
aamc_msar_daca_policies,AAMC MSAR Advisor Reports,https://students-residents.aamc.org/medical-school-admission-requirements/medical-school-admission-requirements-reports-applicants-and-advisors,data/raw/aamc/msar_reports/10_msar004-daca-applications-from-daca-status.pdf,109,182,98.240,NY,Weill Cornell Medicine,Weill Cornell Medicine,All applicants,
aamc_msar_daca_policies,AAMC MSAR Advisor Reports,https://students-residents.aamc.org/medical-school-admission-requirements/medical-school-admission-requirements-reports-applicants-and-advisors,data/raw/aamc/msar_reports/10_msar004-daca-applications-from-daca-status.pdf,110,182,60.271,OH,Case Western Reserve University School of Medicine,Case Western Reserve University School of Medicine,There is no difference in our admissions processes for DACA applicants for the University Program and College Program. MSTP does not accept applicants with DACA status.,
aamc_msar_daca_policies,AAMC MSAR Advisor Reports,https://students-residents.aamc.org/medical-school-admission-requirements/medical-school-admission-requirements-reports-applicants-and-advisors,data/raw/aamc/msar_reports/10_msar004-daca-applications-from-daca-status.pdf,111,238,676.003,OH,Northeast Ohio Medical University,Northeast Ohio Medical University,,
aamc_msar_daca_policies,AAMC MSAR Advisor Reports,https://students-residents.aamc.org/medical-school-admission-requirements/medical-school-admission-requirements-reports-applicants-and-advisors,data/raw/aamc/msar_reports/10_msar004-daca-applications-from-daca-status.pdf,112,238,657.283,OH,Ohio State University College of Medicine,Ohio State University College of Medicine,DACA students considered,
aamc_msar_daca_policies,AAMC MSAR Advisor Reports,https://students-residents.aamc.org/medical-school-admission-requirements/medical-school-admission-requirements-reports-applicants-and-advisors,data/raw/aamc/msar_reports/10_msar004-daca-applications-from-daca-status.pdf,113,238,634.283,OH,The University of Toledo College of Medicine and Life Sciences,The University of Toledo College of Medicine and Life Sciences,,
aamc_msar_daca_policies,AAMC MSAR Advisor Reports,https://students-residents.aamc.org/medical-school-admission-requirements/medical-school-admission-requirements-reports-applicants-and-advisors,data/raw/aamc/msar_reports/10_msar004-daca-applications-from-daca-status.pdf,114,238,615.563,OH,University of Cincinnati College of Medicine,University of Cincinnati College of Medicine,,
aamc_msar_daca_policies,AAMC MSAR Advisor Reports,https://students-residents.aamc.org/medical-school-admission-requirements/medical-school-admission-requirements-reports-applicants-and-advisors,data/raw/aamc/msar_reports/10_msar004-daca-applications-from-daca-status.pdf,115,238,588.251,OH,Wright State University Boonshoft School of Medicine,Wright State University Boonshoft School of Medicine,See https://medicine.wright.edu/admissions/prerequisites-and-application for more information.,
aamc_msar_daca_policies,AAMC MSAR Advisor Reports,https://students-residents.aamc.org/medical-school-admission-requirements/medical-school-admission-requirements-reports-applicants-and-advisors,data/raw/aamc/msar_reports/10_msar004-daca-applications-from-daca-status.pdf,116,238,569.531,OK,University of Oklahoma College of Medicine,University of Oklahoma College of Medicine,Must be a U.S. citizen or hold a permanent visa at the time of application,
aamc_msar_daca_policies,AAMC MSAR Advisor Reports,https://students-residents.aamc.org/medical-school-admission-requirements/medical-school-admission-requirements-reports-applicants-and-advisors,data/raw/aamc/msar_reports/10_msar004-daca-applications-from-daca-status.pdf,117,238,542.218,OR,Oregon Health & Science University School of Medicine,Oregon Health & Science University School of Medicine,"DACA status considered for MD program, not considered for combined degree programs.",
aamc_msar_daca_policies,AAMC MSAR Advisor Reports,https://students-residents.aamc.org/medical-school-admission-requirements/medical-school-admission-requirements-reports-applicants-and-advisors,data/raw/aamc/msar_reports/10_msar004-daca-applications-from-daca-status.pdf,118,238,523.498,PA,Drexel University College of Medicine,Drexel University College of Medicine,,
aamc_msar_daca_policies,AAMC MSAR Advisor Reports,https://students-residents.aamc.org/medical-school-admission-requirements/medical-school-admission-requirements-reports-applicants-and-advisors,data/raw/aamc/msar_reports/10_msar004-daca-applications-from-daca-status.pdf,119,238,496.186,PA,Geisinger Commonwealth School of Medicine,Geisinger Commonwealth School of Medicine,"To be considered for admission, applicants must be either US Citizens or Permanent Resident",
aamc_msar_daca_policies,AAMC MSAR Advisor Reports,https://students-residents.aamc.org/medical-school-admission-requirements/medical-school-admission-requirements-reports-applicants-and-advisors,data/raw/aamc/msar_reports/10_msar004-daca-applications-from-daca-status.pdf,120,238,477.466,PA,Lewis Katz School of Medicine at Temple University,Lewis Katz School of Medicine at Temple University,,
aamc_msar_daca_policies,AAMC MSAR Advisor Reports,https://students-residents.aamc.org/medical-school-admission-requirements/medical-school-admission-requirements-reports-applicants-and-advisors,data/raw/aamc/msar_reports/10_msar004-daca-applications-from-daca-status.pdf,121,238,458.746,PA,Pennsylvania State University College of Medicine,Pennsylvania State University College of Medicine,DACA status applicants are eligible to apply. See the admissions website.,
aamc_msar_daca_policies,AAMC MSAR Advisor Reports,https://students-residents.aamc.org/medical-school-admission-requirements/medical-school-admission-requirements-reports-applicants-and-advisors,data/raw/aamc/msar_reports/10_msar004-daca-applications-from-daca-status.pdf,122,238,435.746,PA,Perelman School of Medicine at the University of Pennsylvania,Perelman School of Medicine at the University of Pennsylvania,Limited funding for non-US citizens,
aamc_msar_daca_policies,AAMC MSAR Advisor Reports,https://students-residents.aamc.org/medical-school-admission-requirements/medical-school-admission-requirements-reports-applicants-and-advisors,data/raw/aamc/msar_reports/10_msar004-daca-applications-from-daca-status.pdf,123,238,408.434,PA,Sidney Kimmel Medical College at Thomas Jefferson University,Sidney Kimmel Medical College at Thomas Jefferson University,Must have earned a baccalaureate degree from a US or Canadian university,
aamc_msar_daca_policies,AAMC MSAR Advisor Reports,https://students-residents.aamc.org/medical-school-admission-requirements/medical-school-admission-requirements-reports-applicants-and-advisors,data/raw/aamc/msar_reports/10_msar004-daca-applications-from-daca-status.pdf,124,238,389.713,PA,University of Pittsburgh School of Medicine,University of Pittsburgh School of Medicine,,
aamc_msar_daca_policies,AAMC MSAR Advisor Reports,https://students-residents.aamc.org/medical-school-admission-requirements/medical-school-admission-requirements-reports-applicants-and-advisors,data/raw/aamc/msar_reports/10_msar004-daca-applications-from-daca-status.pdf,125,238,370.993,PR,Ponce Health Sciences University School of Medicine,Ponce Health Sciences University School of Medicine,Must present official documentation,
aamc_msar_daca_policies,AAMC MSAR Advisor Reports,https://students-residents.aamc.org/medical-school-admission-requirements/medical-school-admission-requirements-reports-applicants-and-advisors,data/raw/aamc/msar_reports/10_msar004-daca-applications-from-daca-status.pdf,126,238,343.681,PR,San Juan Bautista School of Medicine,San Juan Bautista School of Medicine,They must meet the same admission requirements as international applicants,
aamc_msar_daca_policies,AAMC MSAR Advisor Reports,https://students-residents.aamc.org/medical-school-admission-requirements/medical-school-admission-requirements-reports-applicants-and-advisors,data/raw/aamc/msar_reports/10_msar004-daca-applications-from-daca-status.pdf,127,238,324.961,PR,Universidad Central del Caribe School of Medicine,Universidad Central del Caribe School of Medicine,,
aamc_msar_daca_policies,AAMC MSAR Advisor Reports,https://students-residents.aamc.org/medical-school-admission-requirements/medical-school-admission-requirements-reports-applicants-and-advisors,data/raw/aamc/msar_reports/10_msar004-daca-applications-from-daca-status.pdf,128,238,306.241,PR,University of Puerto Rico School of Medicine,University of Puerto Rico School of Medicine,,
aamc_msar_daca_policies,AAMC MSAR Advisor Reports,https://students-residents.aamc.org/medical-school-admission-requirements/medical-school-admission-requirements-reports-applicants-and-advisors,data/raw/aamc/msar_reports/10_msar004-daca-applications-from-daca-status.pdf,129,238,287.521,RI,The Warren Alpert Medical School of Brown University,The Warren Alpert Medical School of Brown University,"All applicants can apply, but financial aid is limited.",
aamc_msar_daca_policies,AAMC MSAR Advisor Reports,https://students-residents.aamc.org/medical-school-admission-requirements/medical-school-admission-requirements-reports-applicants-and-advisors,data/raw/aamc/msar_reports/10_msar004-daca-applications-from-daca-status.pdf,130,238,249.553,SC,Medical University of South Carolina College of Medicine,Medical University of South Carolina College of Medicine,Applicants holding DACA status may apply to the MD program and be considered for admission to the College of Medicine under the same policies and procedures as other applicants.,
aamc_msar_daca_policies,AAMC MSAR Advisor Reports,https://students-residents.aamc.org/medical-school-admission-requirements/medical-school-admission-requirements-reports-applicants-and-advisors,data/raw/aamc/msar_reports/10_msar004-daca-applications-from-daca-status.pdf,131,238,226.553,SC,University of South Carolina School of Medicine Columbia,University of South Carolina School of Medicine Columbia,,
aamc_msar_daca_policies,AAMC MSAR Advisor Reports,https://students-residents.aamc.org/medical-school-admission-requirements/medical-school-admission-requirements-reports-applicants-and-advisors,data/raw/aamc/msar_reports/10_msar004-daca-applications-from-daca-status.pdf,132,238,203.552,SC,University of South Carolina School of Medicine Greenville,University of South Carolina School of Medicine Greenville,,
aamc_msar_daca_policies,AAMC MSAR Advisor Reports,https://students-residents.aamc.org/medical-school-admission-requirements/medical-school-admission-requirements-reports-applicants-and-advisors,data/raw/aamc/msar_reports/10_msar004-daca-applications-from-daca-status.pdf,133,238,184.832,SD,"University of South Dakota, Sanford School of Medicine","University of South Dakota, Sanford School of Medicine",,
aamc_msar_daca_policies,AAMC MSAR Advisor Reports,https://students-residents.aamc.org/medical-school-admission-requirements/medical-school-admission-requirements-reports-applicants-and-advisors,data/raw/aamc/msar_reports/10_msar004-daca-applications-from-daca-status.pdf,134,238,161.832,TN,East Tennessee State University James H. Quillen College of Medicine,East Tennessee State University James H. Quillen College of Medicine,,
aamc_msar_daca_policies,AAMC MSAR Advisor Reports,https://students-residents.aamc.org/medical-school-admission-requirements/medical-school-admission-requirements-reports-applicants-and-advisors,data/raw/aamc/msar_reports/10_msar004-daca-applications-from-daca-status.pdf,135,238,143.112,TN,Meharry Medical College,Meharry Medical College,N/A,
aamc_msar_daca_policies,AAMC MSAR Advisor Reports,https://students-residents.aamc.org/medical-school-admission-requirements/medical-school-admission-requirements-reports-applicants-and-advisors,data/raw/aamc/msar_reports/10_msar004-daca-applications-from-daca-status.pdf,136,238,115.800,TN,"Thomas F. Frist, Jr. College of Medicine at Belmont University","Thomas F. Frist, Jr. College of Medicine at Belmont University",DACA Status applicants have the same admissions process as all other applicants.,
aamc_msar_daca_policies,AAMC MSAR Advisor Reports,https://students-residents.aamc.org/medical-school-admission-requirements/medical-school-admission-requirements-reports-applicants-and-advisors,data/raw/aamc/msar_reports/10_msar004-daca-applications-from-daca-status.pdf,137,238,92.799,TN,University of Tennessee Health Science Center College of Medicine,University of Tennessee Health Science Center College of Medicine,,
aamc_msar_daca_policies,AAMC MSAR Advisor Reports,https://students-residents.aamc.org/medical-school-admission-requirements/medical-school-admission-requirements-reports-applicants-and-advisors,data/raw/aamc/msar_reports/10_msar004-daca-applications-from-daca-status.pdf,138,238,65.487,TN,Vanderbilt University School of Medicine,Vanderbilt University School of Medicine,"We accept applications from any applicant who meets our academic and other prerequisites, without regard to citizenship or immigration status.",
aamc_msar_daca_policies,AAMC MSAR Advisor Reports,https://students-residents.aamc.org/medical-school-admission-requirements/medical-school-admission-requirements-reports-applicants-and-advisors,data/raw/aamc/msar_reports/10_msar004-daca-applications-from-daca-status.pdf,139,238,46.767,TX,Anne Burnett Marion School of Medicine at TCU,Anne Burnett Marion School of Medicine at TCU,,
aamc_msar_daca_policies,AAMC MSAR Advisor Reports,https://students-residents.aamc.org/medical-school-admission-requirements/medical-school-admission-requirements-reports-applicants-and-advisors,data/raw/aamc/msar_reports/10_msar004-daca-applications-from-daca-status.pdf,140,298,676.004,TX,Baylor College of Medicine,Baylor College of Medicine,,
aamc_msar_daca_policies,AAMC MSAR Advisor Reports,https://students-residents.aamc.org/medical-school-admission-requirements/medical-school-admission-requirements-reports-applicants-and-advisors,data/raw/aamc/msar_reports/10_msar004-daca-applications-from-daca-status.pdf,141,298,653.003,TX,McGovern Medical School at the University of Texas Health Science Center at Houston,McGovern Medical School at the University of Texas Health Science Center at Houston,,
aamc_msar_daca_policies,AAMC MSAR Advisor Reports,https://students-residents.aamc.org/medical-school-admission-requirements/medical-school-admission-requirements-reports-applicants-and-advisors,data/raw/aamc/msar_reports/10_msar004-daca-applications-from-daca-status.pdf,142,298,625.691,TX,Texas A&M University School of Medicine,Texas A&M University School of Medicine,Requires current DACA status to apply and at the time of medical school enrollment. Official documentation is required.,
aamc_msar_daca_policies,AAMC MSAR Advisor Reports,https://students-residents.aamc.org/medical-school-admission-requirements/medical-school-admission-requirements-reports-applicants-and-advisors,data/raw/aamc/msar_reports/10_msar004-daca-applications-from-daca-status.pdf,143,298,602.691,TX,Texas Tech University Health Sciences Center Paul L. Foster School of Medicine,Texas Tech University Health Sciences Center Paul L. Foster School of Medicine,,
aamc_msar_daca_policies,AAMC MSAR Advisor Reports,https://students-residents.aamc.org/medical-school-admission-requirements/medical-school-admission-requirements-reports-applicants-and-advisors,data/raw/aamc/msar_reports/10_msar004-daca-applications-from-daca-status.pdf,144,298,579.690,TX,Texas Tech University Health Sciences Center School of Medicine,Texas Tech University Health Sciences Center School of Medicine,"At this time, we do not accept DACA students to our medical school.",
aamc_msar_daca_policies,AAMC MSAR Advisor Reports,https://students-residents.aamc.org/medical-school-admission-requirements/medical-school-admission-requirements-reports-applicants-and-advisors,data/raw/aamc/msar_reports/10_msar004-daca-applications-from-daca-status.pdf,145,298,560.970,TX,The University of Texas at Tyler School of Medicine,The University of Texas at Tyler School of Medicine,Must be a permanent U.S. resident.,
aamc_msar_daca_policies,AAMC MSAR Advisor Reports,https://students-residents.aamc.org/medical-school-admission-requirements/medical-school-admission-requirements-reports-applicants-and-advisors,data/raw/aamc/msar_reports/10_msar004-daca-applications-from-daca-status.pdf,146,298,528.970,TX,The University of Texas Health Science Center at San Antonio Joe R. and Teresa Lozano Long School of Medicine,The University of Texas Health Science Center at San Antonio Joe R. and Teresa Lozano Long School of Medicine,Students with DACA status are considered eligible.,
aamc_msar_daca_policies,AAMC MSAR Advisor Reports,https://students-residents.aamc.org/medical-school-admission-requirements/medical-school-admission-requirements-reports-applicants-and-advisors,data/raw/aamc/msar_reports/10_msar004-daca-applications-from-daca-status.pdf,147,298,505.970,TX,University of Houston Tilman J. Fertitta Family College of Medicine,University of Houston Tilman J. Fertitta Family College of Medicine,,
aamc_msar_daca_policies,AAMC MSAR Advisor Reports,https://students-residents.aamc.org/medical-school-admission-requirements/medical-school-admission-requirements-reports-applicants-and-advisors,data/raw/aamc/msar_reports/10_msar004-daca-applications-from-daca-status.pdf,148,298,487.250,TX,University of Texas at Austin Dell Medical School,University of Texas at Austin Dell Medical School,,
aamc_msar_daca_policies,AAMC MSAR Advisor Reports,https://students-residents.aamc.org/medical-school-admission-requirements/medical-school-admission-requirements-reports-applicants-and-advisors,data/raw/aamc/msar_reports/10_msar004-daca-applications-from-daca-status.pdf,149,298,464.250,TX,University of Texas Medical Branch John Sealy School of Medicine,University of Texas Medical Branch John Sealy School of Medicine,,
aamc_msar_daca_policies,AAMC MSAR Advisor Reports,https://students-residents.aamc.org/medical-school-admission-requirements/medical-school-admission-requirements-reports-applicants-and-advisors,data/raw/aamc/msar_reports/10_msar004-daca-applications-from-daca-status.pdf,150,298,441.249,TX,University of Texas Rio Grande Valley School of Medicine,University of Texas Rio Grande Valley School of Medicine,,
aamc_msar_daca_policies,AAMC MSAR Advisor Reports,https://students-residents.aamc.org/medical-school-admission-requirements/medical-school-admission-requirements-reports-applicants-and-advisors,data/raw/aamc/msar_reports/10_msar004-daca-applications-from-daca-status.pdf,151,298,422.529,TX,University of Texas Southwestern Medical School,University of Texas Southwestern Medical School,,
aamc_msar_daca_policies,AAMC MSAR Advisor Reports,https://students-residents.aamc.org/medical-school-admission-requirements/medical-school-admission-requirements-reports-applicants-and-advisors,data/raw/aamc/msar_reports/10_msar004-daca-applications-from-daca-status.pdf,152,298,399.529,UT,Spencer Fox Eccles School of Medicine at the University of Utah,Spencer Fox Eccles School of Medicine at the University of Utah,https://medicine.utah.edu/programs/md/admissions/residency,
aamc_msar_daca_policies,AAMC MSAR Advisor Reports,https://students-residents.aamc.org/medical-school-admission-requirements/medical-school-admission-requirements-reports-applicants-and-advisors,data/raw/aamc/msar_reports/10_msar004-daca-applications-from-daca-status.pdf,153,298,380.809,VA,Eastern Virginia Medical School,Eastern Virginia Medical School,,
aamc_msar_daca_policies,AAMC MSAR Advisor Reports,https://students-residents.aamc.org/medical-school-admission-requirements/medical-school-admission-requirements-reports-applicants-and-advisors,data/raw/aamc/msar_reports/10_msar004-daca-applications-from-daca-status.pdf,154,298,362.089,VA,University of Virginia School of Medicine,University of Virginia School of Medicine,We follow the admissions policies of the University of Virginia.,
aamc_msar_daca_policies,AAMC MSAR Advisor Reports,https://students-residents.aamc.org/medical-school-admission-requirements/medical-school-admission-requirements-reports-applicants-and-advisors,data/raw/aamc/msar_reports/10_msar004-daca-applications-from-daca-status.pdf,155,298,343.369,VA,Virginia Commonwealth University School of Medicine,Virginia Commonwealth University School of Medicine,Will be accepted on a case-by-case basis.,
aamc_msar_daca_policies,AAMC MSAR Advisor Reports,https://students-residents.aamc.org/medical-school-admission-requirements/medical-school-admission-requirements-reports-applicants-and-advisors,data/raw/aamc/msar_reports/10_msar004-daca-applications-from-daca-status.pdf,156,298,324.649,VA,Virginia Tech Carilion School of Medicine,Virginia Tech Carilion School of Medicine,,
aamc_msar_daca_policies,AAMC MSAR Advisor Reports,https://students-residents.aamc.org/medical-school-admission-requirements/medical-school-admission-requirements-reports-applicants-and-advisors,data/raw/aamc/msar_reports/10_msar004-daca-applications-from-daca-status.pdf,157,298,297.337,VT,"Robert Larner, M.D., College of Medicine at the University of Vermont","Robert Larner, M.D., College of Medicine at the University of Vermont",Students are responsible for finding funding sources. Only partial scholarships available.,
aamc_msar_daca_policies,AAMC MSAR Advisor Reports,https://students-residents.aamc.org/medical-school-admission-requirements/medical-school-admission-requirements-reports-applicants-and-advisors,data/raw/aamc/msar_reports/10_msar004-daca-applications-from-daca-status.pdf,158,298,259.368,WA,University of Washington School of Medicine,University of Washington School of Medicine,WWAMI DACA students are considered for the MD only program if they are verified in their state as eligible for WWAMI funding. Students should check with their respective state certifying officers.,
aamc_msar_daca_policies,AAMC MSAR Advisor Reports,https://students-residents.aamc.org/medical-school-admission-requirements/medical-school-admission-requirements-reports-applicants-and-advisors,data/raw/aamc/msar_reports/10_msar004-daca-applications-from-daca-status.pdf,159,298,236.368,WA,Washington State University Elson S. Floyd College of Medicine,Washington State University Elson S. Floyd College of Medicine,,
aamc_msar_daca_policies,AAMC MSAR Advisor Reports,https://students-residents.aamc.org/medical-school-admission-requirements/medical-school-admission-requirements-reports-applicants-and-advisors,data/raw/aamc/msar_reports/10_msar004-daca-applications-from-daca-status.pdf,160,298,198.400,WI,Medical College of Wisconsin,Medical College of Wisconsin,"MCW will accept applications from US Citizens, US Permanent Residents, and DACA recipients only. All must meet eligibility requirements. DACA recipients must complete a Certification of Finances form.",
aamc_msar_daca_policies,AAMC MSAR Advisor Reports,https://students-residents.aamc.org/medical-school-admission-requirements/medical-school-admission-requirements-reports-applicants-and-advisors,data/raw/aamc/msar_reports/10_msar004-daca-applications-from-daca-status.pdf,161,298,175.400,WI,University of Wisconsin School of Medicine and Public Health,University of Wisconsin School of Medicine and Public Health,Please note that federal financial aid is not available.,
aamc_msar_daca_policies,AAMC MSAR Advisor Reports,https://students-residents.aamc.org/medical-school-admission-requirements/medical-school-admission-requirements-reports-applicants-and-advisors,data/raw/aamc/msar_reports/10_msar004-daca-applications-from-daca-status.pdf,162,298,152.399,WV,Marshall University Joan C. Edwards School of Medicine,Marshall University Joan C. Edwards School of Medicine,,
aamc_msar_daca_policies,AAMC MSAR Advisor Reports,https://students-residents.aamc.org/medical-school-admission-requirements/medical-school-admission-requirements-reports-applicants-and-advisors,data/raw/aamc/msar_reports/10_msar004-daca-applications-from-daca-status.pdf,163,298,133.679,WV,West Virginia University School of Medicine,West Virginia University School of Medicine,All applicants,
aamc_msar_daca_policies,AAMC MSAR Advisor Reports,https://students-residents.aamc.org/medical-school-admission-requirements/medical-school-admission-requirements-reports-applicants-and-advisors,data/raw/aamc/msar_reports/10_msar004-daca-applications-from-daca-status.pdf,164,348,676.004,BC,University of British Columbia Faculty of Medicine,University of British Columbia Faculty of Medicine,,
aamc_msar_daca_policies,AAMC MSAR Advisor Reports,https://students-residents.aamc.org/medical-school-admission-requirements/medical-school-admission-requirements-reports-applicants-and-advisors,data/raw/aamc/msar_reports/10_msar004-daca-applications-from-daca-status.pdf,165,348,653.003,MB,"Max Rady College of Medicine, Rady Faculty of Health Sciences, University of Manitoba","Max Rady College of Medicine, Rady Faculty of Health Sciences, University of Manitoba",,
aamc_msar_daca_policies,AAMC MSAR Advisor Reports,https://students-residents.aamc.org/medical-school-admission-requirements/medical-school-admission-requirements-reports-applicants-and-advisors,data/raw/aamc/msar_reports/10_msar004-daca-applications-from-daca-status.pdf,166,348,630.003,NL,Memorial University of Newfoundland Faculty of Medicine,Memorial University of Newfoundland Faculty of Medicine,,
aamc_msar_daca_policies,AAMC MSAR Advisor Reports,https://students-residents.aamc.org/medical-school-admission-requirements/medical-school-admission-requirements-reports-applicants-and-advisors,data/raw/aamc/msar_reports/10_msar004-daca-applications-from-daca-status.pdf,167,348,611.283,NS,Dalhousie University Faculty of Medicine,Dalhousie University Faculty of Medicine,,
aamc_msar_daca_policies,AAMC MSAR Advisor Reports,https://students-residents.aamc.org/medical-school-admission-requirements/medical-school-admission-requirements-reports-applicants-and-advisors,data/raw/aamc/msar_reports/10_msar004-daca-applications-from-daca-status.pdf,168,348,588.283,ON,McMaster University Michael G. DeGroote School of Medicine,McMaster University Michael G. DeGroote School of Medicine,,
aamc_msar_daca_policies,AAMC MSAR Advisor Reports,https://students-residents.aamc.org/medical-school-admission-requirements/medical-school-admission-requirements-reports-applicants-and-advisors,data/raw/aamc/msar_reports/10_msar004-daca-applications-from-daca-status.pdf,169,348,569.563,ON,Northern Ontario School of Medicine,Northern Ontario School of Medicine,,
aamc_msar_daca_policies,AAMC MSAR Advisor Reports,https://students-residents.aamc.org/medical-school-admission-requirements/medical-school-admission-requirements-reports-applicants-and-advisors,data/raw/aamc/msar_reports/10_msar004-daca-applications-from-daca-status.pdf,170,348,550.843,ON,Queen's University Faculty of Health Sciences,Queen's University Faculty of Health Sciences,,
aamc_msar_daca_policies,AAMC MSAR Advisor Reports,https://students-residents.aamc.org/medical-school-admission-requirements/medical-school-admission-requirements-reports-applicants-and-advisors,data/raw/aamc/msar_reports/10_msar004-daca-applications-from-daca-status.pdf,171,348,527.842,ON,The University of Western Ontario - Schulich School of Medicine & Dentistry,The University of Western Ontario - Schulich School of Medicine & Dentistry,,
aamc_msar_daca_policies,AAMC MSAR Advisor Reports,https://students-residents.aamc.org/medical-school-admission-requirements/medical-school-admission-requirements-reports-applicants-and-advisors,data/raw/aamc/msar_reports/10_msar004-daca-applications-from-daca-status.pdf,172,348,509.122,ON,Toronto Metropolitan University School of Medicine,Toronto Metropolitan University School of Medicine,,
aamc_msar_daca_policies,AAMC MSAR Advisor Reports,https://students-residents.aamc.org/medical-school-admission-requirements/medical-school-admission-requirements-reports-applicants-and-advisors,data/raw/aamc/msar_reports/10_msar004-daca-applications-from-daca-status.pdf,173,348,490.402,ON,University of Ottawa Faculty of Medicine,University of Ottawa Faculty of Medicine,,
aamc_msar_daca_policies,AAMC MSAR Advisor Reports,https://students-residents.aamc.org/medical-school-admission-requirements/medical-school-admission-requirements-reports-applicants-and-advisors,data/raw/aamc/msar_reports/10_msar004-daca-applications-from-daca-status.pdf,174,348,471.682,ON,University of Toronto Temerty Faculty of Medicine,University of Toronto Temerty Faculty of Medicine,,
aamc_msar_daca_policies,AAMC MSAR Advisor Reports,https://students-residents.aamc.org/medical-school-admission-requirements/medical-school-admission-requirements-reports-applicants-and-advisors,data/raw/aamc/msar_reports/10_msar004-daca-applications-from-daca-status.pdf,175,348,452.962,QC,Universite de Montreal Faculty of Medicine,Universite de Montreal Faculty of Medicine,,
aamc_msar_daca_policies,AAMC MSAR Advisor Reports,https://students-residents.aamc.org/medical-school-admission-requirements/medical-school-admission-requirements-reports-applicants-and-advisors,data/raw/aamc/msar_reports/10_msar004-daca-applications-from-daca-status.pdf,176,348,434.242,SK,University of Saskatchewan College of Medicine,University of Saskatchewan College of Medicine,,
