source_key,source_name,source_url,pdf_file,source_row_number,stream_index,row_y,state,school_name_raw,school_name_clean,in_state_deposit,out_state_deposit,deposit_refundable_by,deposit_due,notes
aamc_msar_deposit_information,AAMC MSAR Advisor Reports,https://students-residents.aamc.org/medical-school-admission-requirements/medical-school-admission-requirements-reports-applicants-and-advisors,data/raw/aamc/msar_reports/18_msar001-msar-deposit-information-1.pdf,1,4,648.724,AL,Frederick P. Whiddon College of Medicine at the University of South Alabama,Frederick P. Whiddon College of Medicine at the University of South Alabama,$100,$100,,"April 30, 2026","Boolean deposit fields are rendered as symbols, not plain text; amount and date fields are parsed."
aamc_msar_deposit_information,AAMC MSAR Advisor Reports,https://students-residents.aamc.org/medical-school-admission-requirements/medical-school-admission-requirements-reports-applicants-and-advisors,data/raw/aamc/msar_reports/18_msar001-msar-deposit-information-1.pdf,2,4,620.973,AL,University of Alabama at Birmingham Marnix E. Heersink School of Medicine,University of Alabama at Birmingham Marnix E. Heersink School of Medicine,$100,$100,"April 30, 2026","April 30, 2026","Boolean deposit fields are rendered as symbols, not plain text; amount and date fields are parsed."
aamc_msar_deposit_information,AAMC MSAR Advisor Reports,https://students-residents.aamc.org/medical-school-admission-requirements/medical-school-admission-requirements-reports-applicants-and-advisors,data/raw/aamc/msar_reports/18_msar001-msar-deposit-information-1.pdf,3,4,593.223,AR,Alice L. Walton School of Medicine,Alice L. Walton School of Medicine,,,,,"Boolean deposit fields are rendered as symbols, not plain text; amount and date fields are parsed."
aamc_msar_deposit_information,AAMC MSAR Advisor Reports,https://students-residents.aamc.org/medical-school-admission-requirements/medical-school-admission-requirements-reports-applicants-and-advisors,data/raw/aamc/msar_reports/18_msar001-msar-deposit-information-1.pdf,4,4,565.473,AR,University of Arkansas for Medical Sciences College of Medicine,University of Arkansas for Medical Sciences College of Medicine,,,,,"Boolean deposit fields are rendered as symbols, not plain text; amount and date fields are parsed."
aamc_msar_deposit_information,AAMC MSAR Advisor Reports,https://students-residents.aamc.org/medical-school-admission-requirements/medical-school-admission-requirements-reports-applicants-and-advisors,data/raw/aamc/msar_reports/18_msar001-msar-deposit-information-1.pdf,5,4,534.473,AZ,Arizona State University School of Medicine and Advanced Medical Engineering (SOMME),Arizona State University School of Medicine and Advanced Medical Engineering (SOMME),,,,,"Boolean deposit fields are rendered as symbols, not plain text; amount and date fields are parsed."
aamc_msar_deposit_information,AAMC MSAR Advisor Reports,https://students-residents.aamc.org/medical-school-admission-requirements/medical-school-admission-requirements-reports-applicants-and-advisors,data/raw/aamc/msar_reports/18_msar001-msar-deposit-information-1.pdf,6,4,506.722,AZ,University of Arizona College of Medicine,University of Arizona College of Medicine,,,,,"Boolean deposit fields are rendered as symbols, not plain text; amount and date fields are parsed."
aamc_msar_deposit_information,AAMC MSAR Advisor Reports,https://students-residents.aamc.org/medical-school-admission-requirements/medical-school-admission-requirements-reports-applicants-and-advisors,data/raw/aamc/msar_reports/18_msar001-msar-deposit-information-1.pdf,7,4,478.972,AZ,University of Arizona College of Medicine - Phoenix,University of Arizona College of Medicine - Phoenix,,,,,"Boolean deposit fields are rendered as symbols, not plain text; amount and date fields are parsed."
aamc_msar_deposit_information,AAMC MSAR Advisor Reports,https://students-residents.aamc.org/medical-school-admission-requirements/medical-school-admission-requirements-reports-applicants-and-advisors,data/raw/aamc/msar_reports/18_msar001-msar-deposit-information-1.pdf,8,4,451.222,CA,California Northstate University College of Medicine,California Northstate University College of Medicine,$100,$100,,"April 30, 2026","Boolean deposit fields are rendered as symbols, not plain text; amount and date fields are parsed."
aamc_msar_deposit_information,AAMC MSAR Advisor Reports,https://students-residents.aamc.org/medical-school-admission-requirements/medical-school-admission-requirements-reports-applicants-and-advisors,data/raw/aamc/msar_reports/18_msar001-msar-deposit-information-1.pdf,9,4,423.472,CA,California University of Science and Medicine-School of Medicine,California University of Science and Medicine-School of Medicine,$100,$100,,"July 1, 2026","Boolean deposit fields are rendered as symbols, not plain text; amount and date fields are parsed."
aamc_msar_deposit_information,AAMC MSAR Advisor Reports,https://students-residents.aamc.org/medical-school-admission-requirements/medical-school-admission-requirements-reports-applicants-and-advisors,data/raw/aamc/msar_reports/18_msar001-msar-deposit-information-1.pdf,10,4,395.721,CA,Charles R. Drew University of Medicine and Science College of Medicine,Charles R. Drew University of Medicine and Science College of Medicine,$50,$50,,"April 29, 2026","Boolean deposit fields are rendered as symbols, not plain text; amount and date fields are parsed."
aamc_msar_deposit_information,AAMC MSAR Advisor Reports,https://students-residents.aamc.org/medical-school-admission-requirements/medical-school-admission-requirements-reports-applicants-and-advisors,data/raw/aamc/msar_reports/18_msar001-msar-deposit-information-1.pdf,11,4,367.971,CA,Kaiser Permanente Bernard J. Tyson School of Medicine,Kaiser Permanente Bernard J. Tyson School of Medicine,$100,$100,"July 27, 2026","May 30, 2025","Boolean deposit fields are rendered as symbols, not plain text; amount and date fields are parsed."
aamc_msar_deposit_information,AAMC MSAR Advisor Reports,https://students-residents.aamc.org/medical-school-admission-requirements/medical-school-admission-requirements-reports-applicants-and-advisors,data/raw/aamc/msar_reports/18_msar001-msar-deposit-information-1.pdf,12,4,340.221,CA,Keck School of Medicine of the University of Southern California,Keck School of Medicine of the University of Southern California,,,,,"Boolean deposit fields are rendered as symbols, not plain text; amount and date fields are parsed."
aamc_msar_deposit_information,AAMC MSAR Advisor Reports,https://students-residents.aamc.org/medical-school-admission-requirements/medical-school-admission-requirements-reports-applicants-and-advisors,data/raw/aamc/msar_reports/18_msar001-msar-deposit-information-1.pdf,13,4,312.471,CA,Loma Linda University School of Medicine,Loma Linda University School of Medicine,,,,,"Boolean deposit fields are rendered as symbols, not plain text; amount and date fields are parsed."
aamc_msar_deposit_information,AAMC MSAR Advisor Reports,https://students-residents.aamc.org/medical-school-admission-requirements/medical-school-admission-requirements-reports-applicants-and-advisors,data/raw/aamc/msar_reports/18_msar001-msar-deposit-information-1.pdf,14,4,284.720,CA,Stanford University School of Medicine,Stanford University School of Medicine,,,,,"Boolean deposit fields are rendered as symbols, not plain text; amount and date fields are parsed."
aamc_msar_deposit_information,AAMC MSAR Advisor Reports,https://students-residents.aamc.org/medical-school-admission-requirements/medical-school-admission-requirements-reports-applicants-and-advisors,data/raw/aamc/msar_reports/18_msar001-msar-deposit-information-1.pdf,15,4,256.970,CA,"University of California, Davis, School of Medicine","University of California, Davis, School of Medicine",,,,,"Boolean deposit fields are rendered as symbols, not plain text; amount and date fields are parsed."
aamc_msar_deposit_information,AAMC MSAR Advisor Reports,https://students-residents.aamc.org/medical-school-admission-requirements/medical-school-admission-requirements-reports-applicants-and-advisors,data/raw/aamc/msar_reports/18_msar001-msar-deposit-information-1.pdf,16,4,229.220,CA,"University of California, Irvine, School of Medicine","University of California, Irvine, School of Medicine",,,,,"Boolean deposit fields are rendered as symbols, not plain text; amount and date fields are parsed."
aamc_msar_deposit_information,AAMC MSAR Advisor Reports,https://students-residents.aamc.org/medical-school-admission-requirements/medical-school-admission-requirements-reports-applicants-and-advisors,data/raw/aamc/msar_reports/18_msar001-msar-deposit-information-1.pdf,17,4,201.470,CA,"University of California, Los Angeles David Geffen School of Medicine","University of California, Los Angeles David Geffen School of Medicine",,,,,"Boolean deposit fields are rendered as symbols, not plain text; amount and date fields are parsed."
aamc_msar_deposit_information,AAMC MSAR Advisor Reports,https://students-residents.aamc.org/medical-school-admission-requirements/medical-school-admission-requirements-reports-applicants-and-advisors,data/raw/aamc/msar_reports/18_msar001-msar-deposit-information-1.pdf,18,4,173.719,CA,"University of California, Riverside School of Medicine","University of California, Riverside School of Medicine",,,,,"Boolean deposit fields are rendered as symbols, not plain text; amount and date fields are parsed."
aamc_msar_deposit_information,AAMC MSAR Advisor Reports,https://students-residents.aamc.org/medical-school-admission-requirements/medical-school-admission-requirements-reports-applicants-and-advisors,data/raw/aamc/msar_reports/18_msar001-msar-deposit-information-1.pdf,19,4,145.969,CA,"University of California, San Diego School of Medicine","University of California, San Diego School of Medicine",,,,,"Boolean deposit fields are rendered as symbols, not plain text; amount and date fields are parsed."
aamc_msar_deposit_information,AAMC MSAR Advisor Reports,https://students-residents.aamc.org/medical-school-admission-requirements/medical-school-admission-requirements-reports-applicants-and-advisors,data/raw/aamc/msar_reports/18_msar001-msar-deposit-information-1.pdf,20,4,118.219,CA,"University of California, San Francisco, School of Medicine","University of California, San Francisco, School of Medicine",,,,,"Boolean deposit fields are rendered as symbols, not plain text; amount and date fields are parsed."
aamc_msar_deposit_information,AAMC MSAR Advisor Reports,https://students-residents.aamc.org/medical-school-admission-requirements/medical-school-admission-requirements-reports-applicants-and-advisors,data/raw/aamc/msar_reports/18_msar001-msar-deposit-information-1.pdf,21,4,90.468,CO,University of Colorado School of Medicine,University of Colorado School of Medicine,$200,$200,"June 22, 2026","June 22, 2026","Boolean deposit fields are rendered as symbols, not plain text; amount and date fields are parsed."
aamc_msar_deposit_information,AAMC MSAR Advisor Reports,https://students-residents.aamc.org/medical-school-admission-requirements/medical-school-admission-requirements-reports-applicants-and-advisors,data/raw/aamc/msar_reports/18_msar001-msar-deposit-information-1.pdf,22,4,62.718,CT,Frank H. Netter MD School of Medicine at Quinnipiac University,Frank H. Netter MD School of Medicine at Quinnipiac University,$100,$100,"April 30, 2026",,"Boolean deposit fields are rendered as symbols, not plain text; amount and date fields are parsed."
aamc_msar_deposit_information,AAMC MSAR Advisor Reports,https://students-residents.aamc.org/medical-school-admission-requirements/medical-school-admission-requirements-reports-applicants-and-advisors,data/raw/aamc/msar_reports/18_msar001-msar-deposit-information-1.pdf,23,144,651.974,CT,University of Connecticut School of Medicine,University of Connecticut School of Medicine,$100,$100,"April 30, 2026",,"Boolean deposit fields are rendered as symbols, not plain text; amount and date fields are parsed."
aamc_msar_deposit_information,AAMC MSAR Advisor Reports,https://students-residents.aamc.org/medical-school-admission-requirements/medical-school-admission-requirements-reports-applicants-and-advisors,data/raw/aamc/msar_reports/18_msar001-msar-deposit-information-1.pdf,24,144,624.223,CT,Yale School of Medicine,Yale School of Medicine,$100,$100,,"April 30, 2025","Boolean deposit fields are rendered as symbols, not plain text; amount and date fields are parsed."
aamc_msar_deposit_information,AAMC MSAR Advisor Reports,https://students-residents.aamc.org/medical-school-admission-requirements/medical-school-admission-requirements-reports-applicants-and-advisors,data/raw/aamc/msar_reports/18_msar001-msar-deposit-information-1.pdf,25,144,596.473,DC,George Washington University School of Medicine & Health Sciences,George Washington University School of Medicine & Health Sciences,,,,,"Boolean deposit fields are rendered as symbols, not plain text; amount and date fields are parsed."
aamc_msar_deposit_information,AAMC MSAR Advisor Reports,https://students-residents.aamc.org/medical-school-admission-requirements/medical-school-admission-requirements-reports-applicants-and-advisors,data/raw/aamc/msar_reports/18_msar001-msar-deposit-information-1.pdf,26,144,568.723,DC,Georgetown University School of Medicine,Georgetown University School of Medicine,$500,$500,"April 30, 2026","April 30, 2026","Boolean deposit fields are rendered as symbols, not plain text; amount and date fields are parsed."
aamc_msar_deposit_information,AAMC MSAR Advisor Reports,https://students-residents.aamc.org/medical-school-admission-requirements/medical-school-admission-requirements-reports-applicants-and-advisors,data/raw/aamc/msar_reports/18_msar001-msar-deposit-information-1.pdf,27,144,540.973,DC,Howard University College of Medicine,Howard University College of Medicine,$100,$100,"May 1, 2026","April 15, 2026","Boolean deposit fields are rendered as symbols, not plain text; amount and date fields are parsed."
aamc_msar_deposit_information,AAMC MSAR Advisor Reports,https://students-residents.aamc.org/medical-school-admission-requirements/medical-school-admission-requirements-reports-applicants-and-advisors,data/raw/aamc/msar_reports/18_msar001-msar-deposit-information-1.pdf,28,144,513.222,FL,Charles E. Schmidt College of Medicine at Florida Atlantic University,Charles E. Schmidt College of Medicine at Florida Atlantic University,$100,$100,,"May 15, 2026","Boolean deposit fields are rendered as symbols, not plain text; amount and date fields are parsed."
aamc_msar_deposit_information,AAMC MSAR Advisor Reports,https://students-residents.aamc.org/medical-school-admission-requirements/medical-school-admission-requirements-reports-applicants-and-advisors,data/raw/aamc/msar_reports/18_msar001-msar-deposit-information-1.pdf,29,144,485.472,FL,Florida International University Herbert Wertheim College of Medicine,Florida International University Herbert Wertheim College of Medicine,$100,$100,,"May 1, 2026","Boolean deposit fields are rendered as symbols, not plain text; amount and date fields are parsed."
aamc_msar_deposit_information,AAMC MSAR Advisor Reports,https://students-residents.aamc.org/medical-school-admission-requirements/medical-school-admission-requirements-reports-applicants-and-advisors,data/raw/aamc/msar_reports/18_msar001-msar-deposit-information-1.pdf,30,144,457.722,FL,Florida State University College of Medicine,Florida State University College of Medicine,,,,,"Boolean deposit fields are rendered as symbols, not plain text; amount and date fields are parsed."
aamc_msar_deposit_information,AAMC MSAR Advisor Reports,https://students-residents.aamc.org/medical-school-admission-requirements/medical-school-admission-requirements-reports-applicants-and-advisors,data/raw/aamc/msar_reports/18_msar001-msar-deposit-information-1.pdf,31,144,429.972,FL,Nova Southeastern University Dr. Kiran C. Patel College of Allopathic Medicine,Nova Southeastern University Dr. Kiran C. Patel College of Allopathic Medicine,,,,,"Boolean deposit fields are rendered as symbols, not plain text; amount and date fields are parsed."
aamc_msar_deposit_information,AAMC MSAR Advisor Reports,https://students-residents.aamc.org/medical-school-admission-requirements/medical-school-admission-requirements-reports-applicants-and-advisors,data/raw/aamc/msar_reports/18_msar001-msar-deposit-information-1.pdf,32,144,402.221,FL,University of Central Florida College of Medicine,University of Central Florida College of Medicine,,,,,"Boolean deposit fields are rendered as symbols, not plain text; amount and date fields are parsed."
aamc_msar_deposit_information,AAMC MSAR Advisor Reports,https://students-residents.aamc.org/medical-school-admission-requirements/medical-school-admission-requirements-reports-applicants-and-advisors,data/raw/aamc/msar_reports/18_msar001-msar-deposit-information-1.pdf,33,144,374.471,FL,University of Florida College of Medicine,University of Florida College of Medicine,,,,,"Boolean deposit fields are rendered as symbols, not plain text; amount and date fields are parsed."
aamc_msar_deposit_information,AAMC MSAR Advisor Reports,https://students-residents.aamc.org/medical-school-admission-requirements/medical-school-admission-requirements-reports-applicants-and-advisors,data/raw/aamc/msar_reports/18_msar001-msar-deposit-information-1.pdf,34,144,346.721,FL,University of Miami Leonard M. Miller School of Medicine,University of Miami Leonard M. Miller School of Medicine,$100,$100,,"June 1, 2026","Boolean deposit fields are rendered as symbols, not plain text; amount and date fields are parsed."
aamc_msar_deposit_information,AAMC MSAR Advisor Reports,https://students-residents.aamc.org/medical-school-admission-requirements/medical-school-admission-requirements-reports-applicants-and-advisors,data/raw/aamc/msar_reports/18_msar001-msar-deposit-information-1.pdf,35,144,318.971,FL,USF Health Morsani College of Medicine,USF Health Morsani College of Medicine,,,,,"Boolean deposit fields are rendered as symbols, not plain text; amount and date fields are parsed."
aamc_msar_deposit_information,AAMC MSAR Advisor Reports,https://students-residents.aamc.org/medical-school-admission-requirements/medical-school-admission-requirements-reports-applicants-and-advisors,data/raw/aamc/msar_reports/18_msar001-msar-deposit-information-1.pdf,36,144,291.220,GA,Emory University School of Medicine,Emory University School of Medicine,,,,,"Boolean deposit fields are rendered as symbols, not plain text; amount and date fields are parsed."
aamc_msar_deposit_information,AAMC MSAR Advisor Reports,https://students-residents.aamc.org/medical-school-admission-requirements/medical-school-admission-requirements-reports-applicants-and-advisors,data/raw/aamc/msar_reports/18_msar001-msar-deposit-information-1.pdf,37,144,263.470,GA,Medical College of Georgia at Augusta University,Medical College of Georgia at Augusta University,,,,,"Boolean deposit fields are rendered as symbols, not plain text; amount and date fields are parsed."
aamc_msar_deposit_information,AAMC MSAR Advisor Reports,https://students-residents.aamc.org/medical-school-admission-requirements/medical-school-admission-requirements-reports-applicants-and-advisors,data/raw/aamc/msar_reports/18_msar001-msar-deposit-information-1.pdf,38,144,235.720,GA,Mercer University School of Medicine,Mercer University School of Medicine,$100,,,"April 30, 2026","Boolean deposit fields are rendered as symbols, not plain text; amount and date fields are parsed."
aamc_msar_deposit_information,AAMC MSAR Advisor Reports,https://students-residents.aamc.org/medical-school-admission-requirements/medical-school-admission-requirements-reports-applicants-and-advisors,data/raw/aamc/msar_reports/18_msar001-msar-deposit-information-1.pdf,39,144,207.970,GA,Morehouse School of Medicine,Morehouse School of Medicine,$100,$100,"April 30, 2026",,"Boolean deposit fields are rendered as symbols, not plain text; amount and date fields are parsed."
aamc_msar_deposit_information,AAMC MSAR Advisor Reports,https://students-residents.aamc.org/medical-school-admission-requirements/medical-school-admission-requirements-reports-applicants-and-advisors,data/raw/aamc/msar_reports/18_msar001-msar-deposit-information-1.pdf,40,144,180.219,HI,"University of Hawaii, John A. Burns School of Medicine","University of Hawaii, John A. Burns School of Medicine",,,,,"Boolean deposit fields are rendered as symbols, not plain text; amount and date fields are parsed."
aamc_msar_deposit_information,AAMC MSAR Advisor Reports,https://students-residents.aamc.org/medical-school-admission-requirements/medical-school-admission-requirements-reports-applicants-and-advisors,data/raw/aamc/msar_reports/18_msar001-msar-deposit-information-1.pdf,41,144,152.469,IA,University of Iowa Roy J. and Lucille A. Carver College of Medicine,University of Iowa Roy J. and Lucille A. Carver College of Medicine,,,,,"Boolean deposit fields are rendered as symbols, not plain text; amount and date fields are parsed."
aamc_msar_deposit_information,AAMC MSAR Advisor Reports,https://students-residents.aamc.org/medical-school-admission-requirements/medical-school-admission-requirements-reports-applicants-and-advisors,data/raw/aamc/msar_reports/18_msar001-msar-deposit-information-1.pdf,42,144,124.719,IL,Carle Illinois College of Medicine,Carle Illinois College of Medicine,,,,,"Boolean deposit fields are rendered as symbols, not plain text; amount and date fields are parsed."
aamc_msar_deposit_information,AAMC MSAR Advisor Reports,https://students-residents.aamc.org/medical-school-admission-requirements/medical-school-admission-requirements-reports-applicants-and-advisors,data/raw/aamc/msar_reports/18_msar001-msar-deposit-information-1.pdf,43,144,93.718,IL,Chicago Medical School at Rosalind Franklin University of Medicine & Science,Chicago Medical School at Rosalind Franklin University of Medicine & Science,$100,$100,"April 30, 2026","April 30, 2026","Boolean deposit fields are rendered as symbols, not plain text; amount and date fields are parsed."
aamc_msar_deposit_information,AAMC MSAR Advisor Reports,https://students-residents.aamc.org/medical-school-admission-requirements/medical-school-admission-requirements-reports-applicants-and-advisors,data/raw/aamc/msar_reports/18_msar001-msar-deposit-information-1.pdf,44,144,65.968,IL,Loyola University Chicago Stritch School of Medicine,Loyola University Chicago Stritch School of Medicine,,,,,"Boolean deposit fields are rendered as symbols, not plain text; amount and date fields are parsed."
aamc_msar_deposit_information,AAMC MSAR Advisor Reports,https://students-residents.aamc.org/medical-school-admission-requirements/medical-school-admission-requirements-reports-applicants-and-advisors,data/raw/aamc/msar_reports/18_msar001-msar-deposit-information-1.pdf,45,278,651.973,IL,Northwestern University The Feinberg School of Medicine,Northwestern University The Feinberg School of Medicine,,,,,"Boolean deposit fields are rendered as symbols, not plain text; amount and date fields are parsed."
aamc_msar_deposit_information,AAMC MSAR Advisor Reports,https://students-residents.aamc.org/medical-school-admission-requirements/medical-school-admission-requirements-reports-applicants-and-advisors,data/raw/aamc/msar_reports/18_msar001-msar-deposit-information-1.pdf,46,278,624.223,IL,Rush Medical College of Rush University Medical Center,Rush Medical College of Rush University Medical Center,$100,$100,,"April 30, 2026","Boolean deposit fields are rendered as symbols, not plain text; amount and date fields are parsed."
aamc_msar_deposit_information,AAMC MSAR Advisor Reports,https://students-residents.aamc.org/medical-school-admission-requirements/medical-school-admission-requirements-reports-applicants-and-advisors,data/raw/aamc/msar_reports/18_msar001-msar-deposit-information-1.pdf,47,278,596.473,IL,Southern Illinois University School of Medicine,Southern Illinois University School of Medicine,$100,$100,"April 30, 2026","August 1, 2026","Boolean deposit fields are rendered as symbols, not plain text; amount and date fields are parsed."
aamc_msar_deposit_information,AAMC MSAR Advisor Reports,https://students-residents.aamc.org/medical-school-admission-requirements/medical-school-admission-requirements-reports-applicants-and-advisors,data/raw/aamc/msar_reports/18_msar001-msar-deposit-information-1.pdf,48,278,565.473,IL,University of Chicago Division of the Biological Sciences The Pritzker School of Medicine,University of Chicago Division of the Biological Sciences The Pritzker School of Medicine,,,,,"Boolean deposit fields are rendered as symbols, not plain text; amount and date fields are parsed."
aamc_msar_deposit_information,AAMC MSAR Advisor Reports,https://students-residents.aamc.org/medical-school-admission-requirements/medical-school-admission-requirements-reports-applicants-and-advisors,data/raw/aamc/msar_reports/18_msar001-msar-deposit-information-1.pdf,49,278,537.723,IL,University of Illinois College of Medicine,University of Illinois College of Medicine,,,,,"Boolean deposit fields are rendered as symbols, not plain text; amount and date fields are parsed."
aamc_msar_deposit_information,AAMC MSAR Advisor Reports,https://students-residents.aamc.org/medical-school-admission-requirements/medical-school-admission-requirements-reports-applicants-and-advisors,data/raw/aamc/msar_reports/18_msar001-msar-deposit-information-1.pdf,50,278,509.972,IN,Indiana University School of Medicine,Indiana University School of Medicine,,,,,"Boolean deposit fields are rendered as symbols, not plain text; amount and date fields are parsed."
aamc_msar_deposit_information,AAMC MSAR Advisor Reports,https://students-residents.aamc.org/medical-school-admission-requirements/medical-school-admission-requirements-reports-applicants-and-advisors,data/raw/aamc/msar_reports/18_msar001-msar-deposit-information-1.pdf,51,278,482.222,KS,University of Kansas School of Medicine,University of Kansas School of Medicine,,,,,"Boolean deposit fields are rendered as symbols, not plain text; amount and date fields are parsed."
aamc_msar_deposit_information,AAMC MSAR Advisor Reports,https://students-residents.aamc.org/medical-school-admission-requirements/medical-school-admission-requirements-reports-applicants-and-advisors,data/raw/aamc/msar_reports/18_msar001-msar-deposit-information-1.pdf,52,278,454.472,KY,University of Kentucky College of Medicine,University of Kentucky College of Medicine,,,,,"Boolean deposit fields are rendered as symbols, not plain text; amount and date fields are parsed."
aamc_msar_deposit_information,AAMC MSAR Advisor Reports,https://students-residents.aamc.org/medical-school-admission-requirements/medical-school-admission-requirements-reports-applicants-and-advisors,data/raw/aamc/msar_reports/18_msar001-msar-deposit-information-1.pdf,53,278,426.721,KY,University of Louisville School of Medicine,University of Louisville School of Medicine,,,,,"Boolean deposit fields are rendered as symbols, not plain text; amount and date fields are parsed."
aamc_msar_deposit_information,AAMC MSAR Advisor Reports,https://students-residents.aamc.org/medical-school-admission-requirements/medical-school-admission-requirements-reports-applicants-and-advisors,data/raw/aamc/msar_reports/18_msar001-msar-deposit-information-1.pdf,54,278,398.971,LA,Louisiana State University School of Medicine in New Orleans,Louisiana State University School of Medicine in New Orleans,,,,,"Boolean deposit fields are rendered as symbols, not plain text; amount and date fields are parsed."
aamc_msar_deposit_information,AAMC MSAR Advisor Reports,https://students-residents.aamc.org/medical-school-admission-requirements/medical-school-admission-requirements-reports-applicants-and-advisors,data/raw/aamc/msar_reports/18_msar001-msar-deposit-information-1.pdf,55,278,371.221,LA,Louisiana State University School of Medicine in Shreveport,Louisiana State University School of Medicine in Shreveport,,,,,"Boolean deposit fields are rendered as symbols, not plain text; amount and date fields are parsed."
aamc_msar_deposit_information,AAMC MSAR Advisor Reports,https://students-residents.aamc.org/medical-school-admission-requirements/medical-school-admission-requirements-reports-applicants-and-advisors,data/raw/aamc/msar_reports/18_msar001-msar-deposit-information-1.pdf,56,278,343.471,LA,Tulane University School of Medicine,Tulane University School of Medicine,$100,$100,"April 30, 2026","April 30, 2025","Boolean deposit fields are rendered as symbols, not plain text; amount and date fields are parsed."
aamc_msar_deposit_information,AAMC MSAR Advisor Reports,https://students-residents.aamc.org/medical-school-admission-requirements/medical-school-admission-requirements-reports-applicants-and-advisors,data/raw/aamc/msar_reports/18_msar001-msar-deposit-information-1.pdf,57,278,315.720,MA,Boston University Aram V. Chobanian & Edward Avedisian School of Medicine,Boston University Aram V. Chobanian & Edward Avedisian School of Medicine,$500,$500,,"July 1, 2026","Boolean deposit fields are rendered as symbols, not plain text; amount and date fields are parsed."
aamc_msar_deposit_information,AAMC MSAR Advisor Reports,https://students-residents.aamc.org/medical-school-admission-requirements/medical-school-admission-requirements-reports-applicants-and-advisors,data/raw/aamc/msar_reports/18_msar001-msar-deposit-information-1.pdf,58,278,287.970,MA,Harvard Medical School,Harvard Medical School,,,,,"Boolean deposit fields are rendered as symbols, not plain text; amount and date fields are parsed."
aamc_msar_deposit_information,AAMC MSAR Advisor Reports,https://students-residents.aamc.org/medical-school-admission-requirements/medical-school-admission-requirements-reports-applicants-and-advisors,data/raw/aamc/msar_reports/18_msar001-msar-deposit-information-1.pdf,59,278,260.220,MA,Tufts University School of Medicine,Tufts University School of Medicine,,,,,"Boolean deposit fields are rendered as symbols, not plain text; amount and date fields are parsed."
aamc_msar_deposit_information,AAMC MSAR Advisor Reports,https://students-residents.aamc.org/medical-school-admission-requirements/medical-school-admission-requirements-reports-applicants-and-advisors,data/raw/aamc/msar_reports/18_msar001-msar-deposit-information-1.pdf,60,278,232.470,MA,University of Massachusetts T.H. Chan School of Medicine,University of Massachusetts T.H. Chan School of Medicine,,,,,"Boolean deposit fields are rendered as symbols, not plain text; amount and date fields are parsed."
aamc_msar_deposit_information,AAMC MSAR Advisor Reports,https://students-residents.aamc.org/medical-school-admission-requirements/medical-school-admission-requirements-reports-applicants-and-advisors,data/raw/aamc/msar_reports/18_msar001-msar-deposit-information-1.pdf,61,278,204.719,MD,Johns Hopkins University School of Medicine,Johns Hopkins University School of Medicine,,,,,"Boolean deposit fields are rendered as symbols, not plain text; amount and date fields are parsed."
aamc_msar_deposit_information,AAMC MSAR Advisor Reports,https://students-residents.aamc.org/medical-school-admission-requirements/medical-school-admission-requirements-reports-applicants-and-advisors,data/raw/aamc/msar_reports/18_msar001-msar-deposit-information-1.pdf,62,278,173.719,MD,Uniformed Services University of the Health Sciences F. Edward Hebert School of Medicine,Uniformed Services University of the Health Sciences F. Edward Hebert School of Medicine,,,,,"Boolean deposit fields are rendered as symbols, not plain text; amount and date fields are parsed."
aamc_msar_deposit_information,AAMC MSAR Advisor Reports,https://students-residents.aamc.org/medical-school-admission-requirements/medical-school-admission-requirements-reports-applicants-and-advisors,data/raw/aamc/msar_reports/18_msar001-msar-deposit-information-1.pdf,63,278,145.969,MD,University of Maryland School of Medicine,University of Maryland School of Medicine,,,,,"Boolean deposit fields are rendered as symbols, not plain text; amount and date fields are parsed."
aamc_msar_deposit_information,AAMC MSAR Advisor Reports,https://students-residents.aamc.org/medical-school-admission-requirements/medical-school-admission-requirements-reports-applicants-and-advisors,data/raw/aamc/msar_reports/18_msar001-msar-deposit-information-1.pdf,64,278,118.219,MI,Central Michigan University College of Medicine,Central Michigan University College of Medicine,,,,,"Boolean deposit fields are rendered as symbols, not plain text; amount and date fields are parsed."
aamc_msar_deposit_information,AAMC MSAR Advisor Reports,https://students-residents.aamc.org/medical-school-admission-requirements/medical-school-admission-requirements-reports-applicants-and-advisors,data/raw/aamc/msar_reports/18_msar001-msar-deposit-information-1.pdf,65,278,90.468,MI,Michigan State University College of Human Medicine,Michigan State University College of Human Medicine,$100,$100,"April 30, 2026",,"Boolean deposit fields are rendered as symbols, not plain text; amount and date fields are parsed."
aamc_msar_deposit_information,AAMC MSAR Advisor Reports,https://students-residents.aamc.org/medical-school-admission-requirements/medical-school-admission-requirements-reports-applicants-and-advisors,data/raw/aamc/msar_reports/18_msar001-msar-deposit-information-1.pdf,66,278,62.718,MI,Oakland University William Beaumont School of Medicine,Oakland University William Beaumont School of Medicine,$100,$100,,"April 30, 2026","Boolean deposit fields are rendered as symbols, not plain text; amount and date fields are parsed."
aamc_msar_deposit_information,AAMC MSAR Advisor Reports,https://students-residents.aamc.org/medical-school-admission-requirements/medical-school-admission-requirements-reports-applicants-and-advisors,data/raw/aamc/msar_reports/18_msar001-msar-deposit-information-1.pdf,67,412,651.974,MI,University of Michigan Medical School,University of Michigan Medical School,,,,,"Boolean deposit fields are rendered as symbols, not plain text; amount and date fields are parsed."
aamc_msar_deposit_information,AAMC MSAR Advisor Reports,https://students-residents.aamc.org/medical-school-admission-requirements/medical-school-admission-requirements-reports-applicants-and-advisors,data/raw/aamc/msar_reports/18_msar001-msar-deposit-information-1.pdf,68,412,624.223,MI,Wayne State University School of Medicine,Wayne State University School of Medicine,,,,,"Boolean deposit fields are rendered as symbols, not plain text; amount and date fields are parsed."
aamc_msar_deposit_information,AAMC MSAR Advisor Reports,https://students-residents.aamc.org/medical-school-admission-requirements/medical-school-admission-requirements-reports-applicants-and-advisors,data/raw/aamc/msar_reports/18_msar001-msar-deposit-information-1.pdf,69,412,596.473,MI,Western Michigan University Homer Stryker M.D. School of Medicine,Western Michigan University Homer Stryker M.D. School of Medicine,,,,,"Boolean deposit fields are rendered as symbols, not plain text; amount and date fields are parsed."
aamc_msar_deposit_information,AAMC MSAR Advisor Reports,https://students-residents.aamc.org/medical-school-admission-requirements/medical-school-admission-requirements-reports-applicants-and-advisors,data/raw/aamc/msar_reports/18_msar001-msar-deposit-information-1.pdf,70,412,568.723,MN,Mayo Clinic Alix School of Medicine,Mayo Clinic Alix School of Medicine,,,,,"Boolean deposit fields are rendered as symbols, not plain text; amount and date fields are parsed."
aamc_msar_deposit_information,AAMC MSAR Advisor Reports,https://students-residents.aamc.org/medical-school-admission-requirements/medical-school-admission-requirements-reports-applicants-and-advisors,data/raw/aamc/msar_reports/18_msar001-msar-deposit-information-1.pdf,71,412,540.973,MN,University of Minnesota Medical School,University of Minnesota Medical School,,,,,"Boolean deposit fields are rendered as symbols, not plain text; amount and date fields are parsed."
aamc_msar_deposit_information,AAMC MSAR Advisor Reports,https://students-residents.aamc.org/medical-school-admission-requirements/medical-school-admission-requirements-reports-applicants-and-advisors,data/raw/aamc/msar_reports/18_msar001-msar-deposit-information-1.pdf,72,412,513.222,MO,Saint Louis University School of Medicine,Saint Louis University School of Medicine,,,,,"Boolean deposit fields are rendered as symbols, not plain text; amount and date fields are parsed."
aamc_msar_deposit_information,AAMC MSAR Advisor Reports,https://students-residents.aamc.org/medical-school-admission-requirements/medical-school-admission-requirements-reports-applicants-and-advisors,data/raw/aamc/msar_reports/18_msar001-msar-deposit-information-1.pdf,73,412,485.472,MO,University of Missouri-Columbia School of Medicine,University of Missouri-Columbia School of Medicine,$100,$100,"April 30, 2026","April 30, 2026","Boolean deposit fields are rendered as symbols, not plain text; amount and date fields are parsed."
aamc_msar_deposit_information,AAMC MSAR Advisor Reports,https://students-residents.aamc.org/medical-school-admission-requirements/medical-school-admission-requirements-reports-applicants-and-advisors,data/raw/aamc/msar_reports/18_msar001-msar-deposit-information-1.pdf,74,412,457.722,MO,University of Missouri-Kansas City School of Medicine,University of Missouri-Kansas City School of Medicine,$500,$500,,"December 1, 2025","Boolean deposit fields are rendered as symbols, not plain text; amount and date fields are parsed."
aamc_msar_deposit_information,AAMC MSAR Advisor Reports,https://students-residents.aamc.org/medical-school-admission-requirements/medical-school-admission-requirements-reports-applicants-and-advisors,data/raw/aamc/msar_reports/18_msar001-msar-deposit-information-1.pdf,75,412,429.972,MO,Washington University in St. Louis School of Medicine,Washington University in St. Louis School of Medicine,,,,,"Boolean deposit fields are rendered as symbols, not plain text; amount and date fields are parsed."
aamc_msar_deposit_information,AAMC MSAR Advisor Reports,https://students-residents.aamc.org/medical-school-admission-requirements/medical-school-admission-requirements-reports-applicants-and-advisors,data/raw/aamc/msar_reports/18_msar001-msar-deposit-information-1.pdf,76,412,402.221,MS,University of Mississippi School of Medicine,University of Mississippi School of Medicine,,,,,"Boolean deposit fields are rendered as symbols, not plain text; amount and date fields are parsed."
aamc_msar_deposit_information,AAMC MSAR Advisor Reports,https://students-residents.aamc.org/medical-school-admission-requirements/medical-school-admission-requirements-reports-applicants-and-advisors,data/raw/aamc/msar_reports/18_msar001-msar-deposit-information-1.pdf,77,412,374.471,NC,Brody School of Medicine at East Carolina University,Brody School of Medicine at East Carolina University,$100,$100,,"April 30, 2026","Boolean deposit fields are rendered as symbols, not plain text; amount and date fields are parsed."
aamc_msar_deposit_information,AAMC MSAR Advisor Reports,https://students-residents.aamc.org/medical-school-admission-requirements/medical-school-admission-requirements-reports-applicants-and-advisors,data/raw/aamc/msar_reports/18_msar001-msar-deposit-information-1.pdf,78,412,346.721,NC,Duke University School of Medicine,Duke University School of Medicine,$100,$100,,"April 30, 2026","Boolean deposit fields are rendered as symbols, not plain text; amount and date fields are parsed."
aamc_msar_deposit_information,AAMC MSAR Advisor Reports,https://students-residents.aamc.org/medical-school-admission-requirements/medical-school-admission-requirements-reports-applicants-and-advisors,data/raw/aamc/msar_reports/18_msar001-msar-deposit-information-1.pdf,79,412,318.971,NC,Methodist University Cape Fear Valley Health School of Medicine,Methodist University Cape Fear Valley Health School of Medicine,$100,$100,"April 30, 2026","July 13, 2026","Boolean deposit fields are rendered as symbols, not plain text; amount and date fields are parsed."
aamc_msar_deposit_information,AAMC MSAR Advisor Reports,https://students-residents.aamc.org/medical-school-admission-requirements/medical-school-admission-requirements-reports-applicants-and-advisors,data/raw/aamc/msar_reports/18_msar001-msar-deposit-information-1.pdf,80,412,291.220,NC,University of North Carolina at Chapel Hill School of Medicine,University of North Carolina at Chapel Hill School of Medicine,$100,$100,"April 30, 2025",,"Boolean deposit fields are rendered as symbols, not plain text; amount and date fields are parsed."
aamc_msar_deposit_information,AAMC MSAR Advisor Reports,https://students-residents.aamc.org/medical-school-admission-requirements/medical-school-admission-requirements-reports-applicants-and-advisors,data/raw/aamc/msar_reports/18_msar001-msar-deposit-information-1.pdf,81,412,263.470,NC,Wake Forest University School of Medicine,Wake Forest University School of Medicine,,,,,"Boolean deposit fields are rendered as symbols, not plain text; amount and date fields are parsed."
aamc_msar_deposit_information,AAMC MSAR Advisor Reports,https://students-residents.aamc.org/medical-school-admission-requirements/medical-school-admission-requirements-reports-applicants-and-advisors,data/raw/aamc/msar_reports/18_msar001-msar-deposit-information-1.pdf,82,412,235.720,ND,University of North Dakota School of Medicine and Health Sciences,University of North Dakota School of Medicine and Health Sciences,,,,,"Boolean deposit fields are rendered as symbols, not plain text; amount and date fields are parsed."
aamc_msar_deposit_information,AAMC MSAR Advisor Reports,https://students-residents.aamc.org/medical-school-admission-requirements/medical-school-admission-requirements-reports-applicants-and-advisors,data/raw/aamc/msar_reports/18_msar001-msar-deposit-information-1.pdf,83,412,207.970,NE,Creighton University School of Medicine,Creighton University School of Medicine,$100,$100,"April 30, 2026",,"Boolean deposit fields are rendered as symbols, not plain text; amount and date fields are parsed."
aamc_msar_deposit_information,AAMC MSAR Advisor Reports,https://students-residents.aamc.org/medical-school-admission-requirements/medical-school-admission-requirements-reports-applicants-and-advisors,data/raw/aamc/msar_reports/18_msar001-msar-deposit-information-1.pdf,84,412,180.219,NE,University of Nebraska College of Medicine,University of Nebraska College of Medicine,,,,,"Boolean deposit fields are rendered as symbols, not plain text; amount and date fields are parsed."
aamc_msar_deposit_information,AAMC MSAR Advisor Reports,https://students-residents.aamc.org/medical-school-admission-requirements/medical-school-admission-requirements-reports-applicants-and-advisors,data/raw/aamc/msar_reports/18_msar001-msar-deposit-information-1.pdf,85,412,152.469,NH,Geisel School of Medicine at Dartmouth,Geisel School of Medicine at Dartmouth,,,,,"Boolean deposit fields are rendered as symbols, not plain text; amount and date fields are parsed."
aamc_msar_deposit_information,AAMC MSAR Advisor Reports,https://students-residents.aamc.org/medical-school-admission-requirements/medical-school-admission-requirements-reports-applicants-and-advisors,data/raw/aamc/msar_reports/18_msar001-msar-deposit-information-1.pdf,86,412,124.719,NJ,Cooper Medical School of Rowan University,Cooper Medical School of Rowan University,$100,$100,"April 30, 2026","August 1, 2026","Boolean deposit fields are rendered as symbols, not plain text; amount and date fields are parsed."
aamc_msar_deposit_information,AAMC MSAR Advisor Reports,https://students-residents.aamc.org/medical-school-admission-requirements/medical-school-admission-requirements-reports-applicants-and-advisors,data/raw/aamc/msar_reports/18_msar001-msar-deposit-information-1.pdf,87,412,96.969,NJ,Hackensack Meridian School of Medicine,Hackensack Meridian School of Medicine,$100,$100,,"July 1, 2026","Boolean deposit fields are rendered as symbols, not plain text; amount and date fields are parsed."
aamc_msar_deposit_information,AAMC MSAR Advisor Reports,https://students-residents.aamc.org/medical-school-admission-requirements/medical-school-admission-requirements-reports-applicants-and-advisors,data/raw/aamc/msar_reports/18_msar001-msar-deposit-information-1.pdf,88,412,69.218,NJ,Rutgers New Jersey Medical School,Rutgers New Jersey Medical School,$100,$100,"April 30, 2026",,"Boolean deposit fields are rendered as symbols, not plain text; amount and date fields are parsed."
aamc_msar_deposit_information,AAMC MSAR Advisor Reports,https://students-residents.aamc.org/medical-school-admission-requirements/medical-school-admission-requirements-reports-applicants-and-advisors,data/raw/aamc/msar_reports/18_msar001-msar-deposit-information-1.pdf,89,546,651.973,NJ,"Rutgers, Robert Wood Johnson Medical School","Rutgers, Robert Wood Johnson Medical School",,,,,"Boolean deposit fields are rendered as symbols, not plain text; amount and date fields are parsed."
aamc_msar_deposit_information,AAMC MSAR Advisor Reports,https://students-residents.aamc.org/medical-school-admission-requirements/medical-school-admission-requirements-reports-applicants-and-advisors,data/raw/aamc/msar_reports/18_msar001-msar-deposit-information-1.pdf,90,546,624.223,NM,University of New Mexico School of Medicine,University of New Mexico School of Medicine,$100,$100,"April 30, 2026","May 1, 2026","Boolean deposit fields are rendered as symbols, not plain text; amount and date fields are parsed."
aamc_msar_deposit_information,AAMC MSAR Advisor Reports,https://students-residents.aamc.org/medical-school-admission-requirements/medical-school-admission-requirements-reports-applicants-and-advisors,data/raw/aamc/msar_reports/18_msar001-msar-deposit-information-1.pdf,91,546,596.473,NV,Kirk Kerkorian School of Medicine at UNLV,Kirk Kerkorian School of Medicine at UNLV,,,,,"Boolean deposit fields are rendered as symbols, not plain text; amount and date fields are parsed."
aamc_msar_deposit_information,AAMC MSAR Advisor Reports,https://students-residents.aamc.org/medical-school-admission-requirements/medical-school-admission-requirements-reports-applicants-and-advisors,data/raw/aamc/msar_reports/18_msar001-msar-deposit-information-1.pdf,92,546,568.723,NV,Roseman University College of Medicine,Roseman University College of Medicine,$100,$100,,,"Boolean deposit fields are rendered as symbols, not plain text; amount and date fields are parsed."
aamc_msar_deposit_information,AAMC MSAR Advisor Reports,https://students-residents.aamc.org/medical-school-admission-requirements/medical-school-admission-requirements-reports-applicants-and-advisors,data/raw/aamc/msar_reports/18_msar001-msar-deposit-information-1.pdf,93,546,540.972,NV,"University of Nevada, Reno School of Medicine","University of Nevada, Reno School of Medicine",,,,,"Boolean deposit fields are rendered as symbols, not plain text; amount and date fields are parsed."
aamc_msar_deposit_information,AAMC MSAR Advisor Reports,https://students-residents.aamc.org/medical-school-admission-requirements/medical-school-admission-requirements-reports-applicants-and-advisors,data/raw/aamc/msar_reports/18_msar001-msar-deposit-information-1.pdf,94,546,513.222,NY,Albany Medical College,Albany Medical College,,,,,"Boolean deposit fields are rendered as symbols, not plain text; amount and date fields are parsed."
aamc_msar_deposit_information,AAMC MSAR Advisor Reports,https://students-residents.aamc.org/medical-school-admission-requirements/medical-school-admission-requirements-reports-applicants-and-advisors,data/raw/aamc/msar_reports/18_msar001-msar-deposit-information-1.pdf,95,546,485.472,NY,Albert Einstein College of Medicine,Albert Einstein College of Medicine,$100,$100,,"April 30, 2026","Boolean deposit fields are rendered as symbols, not plain text; amount and date fields are parsed."
aamc_msar_deposit_information,AAMC MSAR Advisor Reports,https://students-residents.aamc.org/medical-school-admission-requirements/medical-school-admission-requirements-reports-applicants-and-advisors,data/raw/aamc/msar_reports/18_msar001-msar-deposit-information-1.pdf,96,546,457.722,NY,Columbia University Vagelos College of Physicians and Surgeons,Columbia University Vagelos College of Physicians and Surgeons,,,,,"Boolean deposit fields are rendered as symbols, not plain text; amount and date fields are parsed."
aamc_msar_deposit_information,AAMC MSAR Advisor Reports,https://students-residents.aamc.org/medical-school-admission-requirements/medical-school-admission-requirements-reports-applicants-and-advisors,data/raw/aamc/msar_reports/18_msar001-msar-deposit-information-1.pdf,97,546,429.971,NY,CUNY School of Medicine,CUNY School of Medicine,$100,$100,,"May 1, 2026","Boolean deposit fields are rendered as symbols, not plain text; amount and date fields are parsed."
aamc_msar_deposit_information,AAMC MSAR Advisor Reports,https://students-residents.aamc.org/medical-school-admission-requirements/medical-school-admission-requirements-reports-applicants-and-advisors,data/raw/aamc/msar_reports/18_msar001-msar-deposit-information-1.pdf,98,546,402.221,NY,Donald and Barbara Zucker School of Medicine at Hofstra/Northwell,Donald and Barbara Zucker School of Medicine at Hofstra/Northwell,$100,$100,"April 30, 2026",,"Boolean deposit fields are rendered as symbols, not plain text; amount and date fields are parsed."
aamc_msar_deposit_information,AAMC MSAR Advisor Reports,https://students-residents.aamc.org/medical-school-admission-requirements/medical-school-admission-requirements-reports-applicants-and-advisors,data/raw/aamc/msar_reports/18_msar001-msar-deposit-information-1.pdf,99,546,374.471,NY,Icahn School of Medicine at Mount Sinai,Icahn School of Medicine at Mount Sinai,,,,,"Boolean deposit fields are rendered as symbols, not plain text; amount and date fields are parsed."
aamc_msar_deposit_information,AAMC MSAR Advisor Reports,https://students-residents.aamc.org/medical-school-admission-requirements/medical-school-admission-requirements-reports-applicants-and-advisors,data/raw/aamc/msar_reports/18_msar001-msar-deposit-information-1.pdf,100,546,343.470,NY,Jacobs School of Medicine and Biomedical Sciences at the University at Buffalo,Jacobs School of Medicine and Biomedical Sciences at the University at Buffalo,$100,$100,"May 1, 2026","July 18, 2026","Boolean deposit fields are rendered as symbols, not plain text; amount and date fields are parsed."
aamc_msar_deposit_information,AAMC MSAR Advisor Reports,https://students-residents.aamc.org/medical-school-admission-requirements/medical-school-admission-requirements-reports-applicants-and-advisors,data/raw/aamc/msar_reports/18_msar001-msar-deposit-information-1.pdf,101,546,315.720,NY,New York Medical College,New York Medical College,$100,$100,"April 30, 2026","April 30, 2026","Boolean deposit fields are rendered as symbols, not plain text; amount and date fields are parsed."
aamc_msar_deposit_information,AAMC MSAR Advisor Reports,https://students-residents.aamc.org/medical-school-admission-requirements/medical-school-admission-requirements-reports-applicants-and-advisors,data/raw/aamc/msar_reports/18_msar001-msar-deposit-information-1.pdf,102,546,287.970,NY,NYU Grossman Long Island School of Medicine,NYU Grossman Long Island School of Medicine,,,,,"Boolean deposit fields are rendered as symbols, not plain text; amount and date fields are parsed."
aamc_msar_deposit_information,AAMC MSAR Advisor Reports,https://students-residents.aamc.org/medical-school-admission-requirements/medical-school-admission-requirements-reports-applicants-and-advisors,data/raw/aamc/msar_reports/18_msar001-msar-deposit-information-1.pdf,103,546,260.220,NY,NYU Grossman School of Medicine,NYU Grossman School of Medicine,,,,,"Boolean deposit fields are rendered as symbols, not plain text; amount and date fields are parsed."
aamc_msar_deposit_information,AAMC MSAR Advisor Reports,https://students-residents.aamc.org/medical-school-admission-requirements/medical-school-admission-requirements-reports-applicants-and-advisors,data/raw/aamc/msar_reports/18_msar001-msar-deposit-information-1.pdf,104,546,232.469,NY,Renaissance School of Medicine at Stony Brook University,Renaissance School of Medicine at Stony Brook University,$100,$100,,"May 8, 2026","Boolean deposit fields are rendered as symbols, not plain text; amount and date fields are parsed."
aamc_msar_deposit_information,AAMC MSAR Advisor Reports,https://students-residents.aamc.org/medical-school-admission-requirements/medical-school-admission-requirements-reports-applicants-and-advisors,data/raw/aamc/msar_reports/18_msar001-msar-deposit-information-1.pdf,105,546,201.469,NY,State University of New York Upstate Medical University Alan and Marlene Norton College of Medicine,State University of New York Upstate Medical University Alan and Marlene Norton College of Medicine,$100,$100,"April 30, 2026",,"Boolean deposit fields are rendered as symbols, not plain text; amount and date fields are parsed."
aamc_msar_deposit_information,AAMC MSAR Advisor Reports,https://students-residents.aamc.org/medical-school-admission-requirements/medical-school-admission-requirements-reports-applicants-and-advisors,data/raw/aamc/msar_reports/18_msar001-msar-deposit-information-1.pdf,106,546,173.719,NY,SUNY Downstate Health Sciences University College of Medicine,SUNY Downstate Health Sciences University College of Medicine,$100,$100,"May 30, 2025","April 30, 2025","Boolean deposit fields are rendered as symbols, not plain text; amount and date fields are parsed."
aamc_msar_deposit_information,AAMC MSAR Advisor Reports,https://students-residents.aamc.org/medical-school-admission-requirements/medical-school-admission-requirements-reports-applicants-and-advisors,data/raw/aamc/msar_reports/18_msar001-msar-deposit-information-1.pdf,107,546,145.969,NY,University of Rochester School of Medicine and Dentistry,University of Rochester School of Medicine and Dentistry,,,,,"Boolean deposit fields are rendered as symbols, not plain text; amount and date fields are parsed."
aamc_msar_deposit_information,AAMC MSAR Advisor Reports,https://students-residents.aamc.org/medical-school-admission-requirements/medical-school-admission-requirements-reports-applicants-and-advisors,data/raw/aamc/msar_reports/18_msar001-msar-deposit-information-1.pdf,108,546,118.218,NY,Weill Cornell Medicine,Weill Cornell Medicine,$100,$100,"April 30, 2026","April 30, 2026","Boolean deposit fields are rendered as symbols, not plain text; amount and date fields are parsed."
aamc_msar_deposit_information,AAMC MSAR Advisor Reports,https://students-residents.aamc.org/medical-school-admission-requirements/medical-school-admission-requirements-reports-applicants-and-advisors,data/raw/aamc/msar_reports/18_msar001-msar-deposit-information-1.pdf,109,546,90.468,OH,Case Western Reserve University School of Medicine,Case Western Reserve University School of Medicine,,,,,"Boolean deposit fields are rendered as symbols, not plain text; amount and date fields are parsed."
aamc_msar_deposit_information,AAMC MSAR Advisor Reports,https://students-residents.aamc.org/medical-school-admission-requirements/medical-school-admission-requirements-reports-applicants-and-advisors,data/raw/aamc/msar_reports/18_msar001-msar-deposit-information-1.pdf,110,546,62.718,OH,Northeast Ohio Medical University,Northeast Ohio Medical University,$100,$100,,"June 5, 2026","Boolean deposit fields are rendered as symbols, not plain text; amount and date fields are parsed."
aamc_msar_deposit_information,AAMC MSAR Advisor Reports,https://students-residents.aamc.org/medical-school-admission-requirements/medical-school-admission-requirements-reports-applicants-and-advisors,data/raw/aamc/msar_reports/18_msar001-msar-deposit-information-1.pdf,111,680,651.974,OH,Ohio State University College of Medicine,Ohio State University College of Medicine,$25,$25,,"April 30, 2026","Boolean deposit fields are rendered as symbols, not plain text; amount and date fields are parsed."
aamc_msar_deposit_information,AAMC MSAR Advisor Reports,https://students-residents.aamc.org/medical-school-admission-requirements/medical-school-admission-requirements-reports-applicants-and-advisors,data/raw/aamc/msar_reports/18_msar001-msar-deposit-information-1.pdf,112,680,624.223,OH,The University of Toledo College of Medicine and Life Sciences,The University of Toledo College of Medicine and Life Sciences,,,,,"Boolean deposit fields are rendered as symbols, not plain text; amount and date fields are parsed."
aamc_msar_deposit_information,AAMC MSAR Advisor Reports,https://students-residents.aamc.org/medical-school-admission-requirements/medical-school-admission-requirements-reports-applicants-and-advisors,data/raw/aamc/msar_reports/18_msar001-msar-deposit-information-1.pdf,113,680,596.473,OH,University of Cincinnati College of Medicine,University of Cincinnati College of Medicine,,,,,"Boolean deposit fields are rendered as symbols, not plain text; amount and date fields are parsed."
aamc_msar_deposit_information,AAMC MSAR Advisor Reports,https://students-residents.aamc.org/medical-school-admission-requirements/medical-school-admission-requirements-reports-applicants-and-advisors,data/raw/aamc/msar_reports/18_msar001-msar-deposit-information-1.pdf,114,680,568.723,OH,Wright State University Boonshoft School of Medicine,Wright State University Boonshoft School of Medicine,,,,,"Boolean deposit fields are rendered as symbols, not plain text; amount and date fields are parsed."
aamc_msar_deposit_information,AAMC MSAR Advisor Reports,https://students-residents.aamc.org/medical-school-admission-requirements/medical-school-admission-requirements-reports-applicants-and-advisors,data/raw/aamc/msar_reports/18_msar001-msar-deposit-information-1.pdf,115,680,540.973,OK,University of Oklahoma College of Medicine,University of Oklahoma College of Medicine,,,,,"Boolean deposit fields are rendered as symbols, not plain text; amount and date fields are parsed."
aamc_msar_deposit_information,AAMC MSAR Advisor Reports,https://students-residents.aamc.org/medical-school-admission-requirements/medical-school-admission-requirements-reports-applicants-and-advisors,data/raw/aamc/msar_reports/18_msar001-msar-deposit-information-1.pdf,116,680,513.222,OR,Oregon Health & Science University School of Medicine,Oregon Health & Science University School of Medicine,,,,,"Boolean deposit fields are rendered as symbols, not plain text; amount and date fields are parsed."
aamc_msar_deposit_information,AAMC MSAR Advisor Reports,https://students-residents.aamc.org/medical-school-admission-requirements/medical-school-admission-requirements-reports-applicants-and-advisors,data/raw/aamc/msar_reports/18_msar001-msar-deposit-information-1.pdf,117,680,485.472,PA,Drexel University College of Medicine,Drexel University College of Medicine,$100,$100,"April 30, 2026",,"Boolean deposit fields are rendered as symbols, not plain text; amount and date fields are parsed."
aamc_msar_deposit_information,AAMC MSAR Advisor Reports,https://students-residents.aamc.org/medical-school-admission-requirements/medical-school-admission-requirements-reports-applicants-and-advisors,data/raw/aamc/msar_reports/18_msar001-msar-deposit-information-1.pdf,118,680,457.722,PA,Geisinger Commonwealth School of Medicine,Geisinger Commonwealth School of Medicine,$100,$100,"April 30, 2026",,"Boolean deposit fields are rendered as symbols, not plain text; amount and date fields are parsed."
aamc_msar_deposit_information,AAMC MSAR Advisor Reports,https://students-residents.aamc.org/medical-school-admission-requirements/medical-school-admission-requirements-reports-applicants-and-advisors,data/raw/aamc/msar_reports/18_msar001-msar-deposit-information-1.pdf,119,680,429.972,PA,Lewis Katz School of Medicine at Temple University,Lewis Katz School of Medicine at Temple University,$100,$100,"April 30, 2026",,"Boolean deposit fields are rendered as symbols, not plain text; amount and date fields are parsed."
aamc_msar_deposit_information,AAMC MSAR Advisor Reports,https://students-residents.aamc.org/medical-school-admission-requirements/medical-school-admission-requirements-reports-applicants-and-advisors,data/raw/aamc/msar_reports/18_msar001-msar-deposit-information-1.pdf,120,680,402.221,PA,Pennsylvania State University College of Medicine,Pennsylvania State University College of Medicine,$100,$100,,"April 30, 2026","Boolean deposit fields are rendered as symbols, not plain text; amount and date fields are parsed."
aamc_msar_deposit_information,AAMC MSAR Advisor Reports,https://students-residents.aamc.org/medical-school-admission-requirements/medical-school-admission-requirements-reports-applicants-and-advisors,data/raw/aamc/msar_reports/18_msar001-msar-deposit-information-1.pdf,121,680,374.471,PA,Perelman School of Medicine at the University of Pennsylvania,Perelman School of Medicine at the University of Pennsylvania,$100,$100,"April 30, 2026","April 30, 2026","Boolean deposit fields are rendered as symbols, not plain text; amount and date fields are parsed."
aamc_msar_deposit_information,AAMC MSAR Advisor Reports,https://students-residents.aamc.org/medical-school-admission-requirements/medical-school-admission-requirements-reports-applicants-and-advisors,data/raw/aamc/msar_reports/18_msar001-msar-deposit-information-1.pdf,122,680,346.721,PA,Sidney Kimmel Medical College at Thomas Jefferson University,Sidney Kimmel Medical College at Thomas Jefferson University,$100,$100,"April 30, 2026","April 30, 2026","Boolean deposit fields are rendered as symbols, not plain text; amount and date fields are parsed."
aamc_msar_deposit_information,AAMC MSAR Advisor Reports,https://students-residents.aamc.org/medical-school-admission-requirements/medical-school-admission-requirements-reports-applicants-and-advisors,data/raw/aamc/msar_reports/18_msar001-msar-deposit-information-1.pdf,123,680,318.971,PA,University of Pittsburgh School of Medicine,University of Pittsburgh School of Medicine,,,,,"Boolean deposit fields are rendered as symbols, not plain text; amount and date fields are parsed."
aamc_msar_deposit_information,AAMC MSAR Advisor Reports,https://students-residents.aamc.org/medical-school-admission-requirements/medical-school-admission-requirements-reports-applicants-and-advisors,data/raw/aamc/msar_reports/18_msar001-msar-deposit-information-1.pdf,124,680,291.220,PR,Ponce Health Sciences University School of Medicine,Ponce Health Sciences University School of Medicine,$100,$100,,"May 30, 2026","Boolean deposit fields are rendered as symbols, not plain text; amount and date fields are parsed."
aamc_msar_deposit_information,AAMC MSAR Advisor Reports,https://students-residents.aamc.org/medical-school-admission-requirements/medical-school-admission-requirements-reports-applicants-and-advisors,data/raw/aamc/msar_reports/18_msar001-msar-deposit-information-1.pdf,125,680,263.470,PR,San Juan Bautista School of Medicine,San Juan Bautista School of Medicine,$100,$100,,"April 30, 2026","Boolean deposit fields are rendered as symbols, not plain text; amount and date fields are parsed."
aamc_msar_deposit_information,AAMC MSAR Advisor Reports,https://students-residents.aamc.org/medical-school-admission-requirements/medical-school-admission-requirements-reports-applicants-and-advisors,data/raw/aamc/msar_reports/18_msar001-msar-deposit-information-1.pdf,126,680,235.720,PR,Universidad Central del Caribe School of Medicine,Universidad Central del Caribe School of Medicine,$100,$100,,"July 1, 2026","Boolean deposit fields are rendered as symbols, not plain text; amount and date fields are parsed."
aamc_msar_deposit_information,AAMC MSAR Advisor Reports,https://students-residents.aamc.org/medical-school-admission-requirements/medical-school-admission-requirements-reports-applicants-and-advisors,data/raw/aamc/msar_reports/18_msar001-msar-deposit-information-1.pdf,127,680,207.970,PR,University of Puerto Rico School of Medicine,University of Puerto Rico School of Medicine,$100,$100,,"May 1, 2026","Boolean deposit fields are rendered as symbols, not plain text; amount and date fields are parsed."
aamc_msar_deposit_information,AAMC MSAR Advisor Reports,https://students-residents.aamc.org/medical-school-admission-requirements/medical-school-admission-requirements-reports-applicants-and-advisors,data/raw/aamc/msar_reports/18_msar001-msar-deposit-information-1.pdf,128,680,180.219,RI,The Warren Alpert Medical School of Brown University,The Warren Alpert Medical School of Brown University,,,,,"Boolean deposit fields are rendered as symbols, not plain text; amount and date fields are parsed."
aamc_msar_deposit_information,AAMC MSAR Advisor Reports,https://students-residents.aamc.org/medical-school-admission-requirements/medical-school-admission-requirements-reports-applicants-and-advisors,data/raw/aamc/msar_reports/18_msar001-msar-deposit-information-1.pdf,129,680,152.469,SC,Medical University of South Carolina College of Medicine,Medical University of South Carolina College of Medicine,$485,$485,"May 15, 2026","April 30, 2026","Boolean deposit fields are rendered as symbols, not plain text; amount and date fields are parsed."
aamc_msar_deposit_information,AAMC MSAR Advisor Reports,https://students-residents.aamc.org/medical-school-admission-requirements/medical-school-admission-requirements-reports-applicants-and-advisors,data/raw/aamc/msar_reports/18_msar001-msar-deposit-information-1.pdf,130,680,124.719,SC,University of South Carolina School of Medicine Columbia,University of South Carolina School of Medicine Columbia,$250,$250,,"April 30, 2026","Boolean deposit fields are rendered as symbols, not plain text; amount and date fields are parsed."
aamc_msar_deposit_information,AAMC MSAR Advisor Reports,https://students-residents.aamc.org/medical-school-admission-requirements/medical-school-admission-requirements-reports-applicants-and-advisors,data/raw/aamc/msar_reports/18_msar001-msar-deposit-information-1.pdf,131,680,96.969,SC,University of South Carolina School of Medicine Greenville,University of South Carolina School of Medicine Greenville,$250,$250,"April 30, 2026",,"Boolean deposit fields are rendered as symbols, not plain text; amount and date fields are parsed."
aamc_msar_deposit_information,AAMC MSAR Advisor Reports,https://students-residents.aamc.org/medical-school-admission-requirements/medical-school-admission-requirements-reports-applicants-and-advisors,data/raw/aamc/msar_reports/18_msar001-msar-deposit-information-1.pdf,132,680,69.218,SD,"University of South Dakota, Sanford School of Medicine","University of South Dakota, Sanford School of Medicine",$100,$100,"June 13, 2026",,"Boolean deposit fields are rendered as symbols, not plain text; amount and date fields are parsed."
aamc_msar_deposit_information,AAMC MSAR Advisor Reports,https://students-residents.aamc.org/medical-school-admission-requirements/medical-school-admission-requirements-reports-applicants-and-advisors,data/raw/aamc/msar_reports/18_msar001-msar-deposit-information-1.pdf,133,814,651.974,TN,East Tennessee State University James H. Quillen College of Medicine,East Tennessee State University James H. Quillen College of Medicine,,,,,"Boolean deposit fields are rendered as symbols, not plain text; amount and date fields are parsed."
aamc_msar_deposit_information,AAMC MSAR Advisor Reports,https://students-residents.aamc.org/medical-school-admission-requirements/medical-school-admission-requirements-reports-applicants-and-advisors,data/raw/aamc/msar_reports/18_msar001-msar-deposit-information-1.pdf,134,814,624.223,TN,Meharry Medical College,Meharry Medical College,$100,$100,,"April 30, 2026","Boolean deposit fields are rendered as symbols, not plain text; amount and date fields are parsed."
aamc_msar_deposit_information,AAMC MSAR Advisor Reports,https://students-residents.aamc.org/medical-school-admission-requirements/medical-school-admission-requirements-reports-applicants-and-advisors,data/raw/aamc/msar_reports/18_msar001-msar-deposit-information-1.pdf,135,814,596.473,TN,"Thomas F. Frist, Jr. College of Medicine at Belmont University","Thomas F. Frist, Jr. College of Medicine at Belmont University",,,,,"Boolean deposit fields are rendered as symbols, not plain text; amount and date fields are parsed."
aamc_msar_deposit_information,AAMC MSAR Advisor Reports,https://students-residents.aamc.org/medical-school-admission-requirements/medical-school-admission-requirements-reports-applicants-and-advisors,data/raw/aamc/msar_reports/18_msar001-msar-deposit-information-1.pdf,136,814,568.723,TN,University of Tennessee Health Science Center College of Medicine,University of Tennessee Health Science Center College of Medicine,,,,,"Boolean deposit fields are rendered as symbols, not plain text; amount and date fields are parsed."
aamc_msar_deposit_information,AAMC MSAR Advisor Reports,https://students-residents.aamc.org/medical-school-admission-requirements/medical-school-admission-requirements-reports-applicants-and-advisors,data/raw/aamc/msar_reports/18_msar001-msar-deposit-information-1.pdf,137,814,540.973,TN,Vanderbilt University School of Medicine,Vanderbilt University School of Medicine,,,,,"Boolean deposit fields are rendered as symbols, not plain text; amount and date fields are parsed."
aamc_msar_deposit_information,AAMC MSAR Advisor Reports,https://students-residents.aamc.org/medical-school-admission-requirements/medical-school-admission-requirements-reports-applicants-and-advisors,data/raw/aamc/msar_reports/18_msar001-msar-deposit-information-1.pdf,138,814,513.222,TX,Anne Burnett Marion School of Medicine at TCU,Anne Burnett Marion School of Medicine at TCU,,,,,"Boolean deposit fields are rendered as symbols, not plain text; amount and date fields are parsed."
aamc_msar_deposit_information,AAMC MSAR Advisor Reports,https://students-residents.aamc.org/medical-school-admission-requirements/medical-school-admission-requirements-reports-applicants-and-advisors,data/raw/aamc/msar_reports/18_msar001-msar-deposit-information-1.pdf,139,814,485.472,TX,Baylor College of Medicine,Baylor College of Medicine,$300,$300,,"April 30, 2025","Boolean deposit fields are rendered as symbols, not plain text; amount and date fields are parsed."
aamc_msar_deposit_information,AAMC MSAR Advisor Reports,https://students-residents.aamc.org/medical-school-admission-requirements/medical-school-admission-requirements-reports-applicants-and-advisors,data/raw/aamc/msar_reports/18_msar001-msar-deposit-information-1.pdf,140,814,454.472,TX,McGovern Medical School at the University of Texas Health Science Center at Houston,McGovern Medical School at the University of Texas Health Science Center at Houston,,,,,"Boolean deposit fields are rendered as symbols, not plain text; amount and date fields are parsed."
aamc_msar_deposit_information,AAMC MSAR Advisor Reports,https://students-residents.aamc.org/medical-school-admission-requirements/medical-school-admission-requirements-reports-applicants-and-advisors,data/raw/aamc/msar_reports/18_msar001-msar-deposit-information-1.pdf,141,814,426.722,TX,Texas A&M University School of Medicine,Texas A&M University School of Medicine,,,,,"Boolean deposit fields are rendered as symbols, not plain text; amount and date fields are parsed."
aamc_msar_deposit_information,AAMC MSAR Advisor Reports,https://students-residents.aamc.org/medical-school-admission-requirements/medical-school-admission-requirements-reports-applicants-and-advisors,data/raw/aamc/msar_reports/18_msar001-msar-deposit-information-1.pdf,142,814,395.721,TX,Texas Tech University Health Sciences Center Paul L. Foster School of Medicine,Texas Tech University Health Sciences Center Paul L. Foster School of Medicine,$100,$100,,"May 15, 2026","Boolean deposit fields are rendered as symbols, not plain text; amount and date fields are parsed."
aamc_msar_deposit_information,AAMC MSAR Advisor Reports,https://students-residents.aamc.org/medical-school-admission-requirements/medical-school-admission-requirements-reports-applicants-and-advisors,data/raw/aamc/msar_reports/18_msar001-msar-deposit-information-1.pdf,143,814,367.971,TX,Texas Tech University Health Sciences Center School of Medicine,Texas Tech University Health Sciences Center School of Medicine,$100,$100,"April 30, 2026","February 13, 2026","Boolean deposit fields are rendered as symbols, not plain text; amount and date fields are parsed."
aamc_msar_deposit_information,AAMC MSAR Advisor Reports,https://students-residents.aamc.org/medical-school-admission-requirements/medical-school-admission-requirements-reports-applicants-and-advisors,data/raw/aamc/msar_reports/18_msar001-msar-deposit-information-1.pdf,144,814,340.221,TX,The University of Texas at Tyler School of Medicine,The University of Texas at Tyler School of Medicine,,,,,"Boolean deposit fields are rendered as symbols, not plain text; amount and date fields are parsed."
aamc_msar_deposit_information,AAMC MSAR Advisor Reports,https://students-residents.aamc.org/medical-school-admission-requirements/medical-school-admission-requirements-reports-applicants-and-advisors,data/raw/aamc/msar_reports/18_msar001-msar-deposit-information-1.pdf,145,814,309.221,TX,The University of Texas Health Science Center at San Antonio Joe R. and Teresa Lozano Long School of Medicine,The University of Texas Health Science Center at San Antonio Joe R. and Teresa Lozano Long School of Medicine,,,,,"Boolean deposit fields are rendered as symbols, not plain text; amount and date fields are parsed."
aamc_msar_deposit_information,AAMC MSAR Advisor Reports,https://students-residents.aamc.org/medical-school-admission-requirements/medical-school-admission-requirements-reports-applicants-and-advisors,data/raw/aamc/msar_reports/18_msar001-msar-deposit-information-1.pdf,146,814,281.470,TX,University of Houston Tilman J. Fertitta Family College of Medicine,University of Houston Tilman J. Fertitta Family College of Medicine,$100,$100,,"March 31, 2026","Boolean deposit fields are rendered as symbols, not plain text; amount and date fields are parsed."
aamc_msar_deposit_information,AAMC MSAR Advisor Reports,https://students-residents.aamc.org/medical-school-admission-requirements/medical-school-admission-requirements-reports-applicants-and-advisors,data/raw/aamc/msar_reports/18_msar001-msar-deposit-information-1.pdf,147,814,253.720,TX,University of Texas at Austin Dell Medical School,University of Texas at Austin Dell Medical School,,,,,"Boolean deposit fields are rendered as symbols, not plain text; amount and date fields are parsed."
aamc_msar_deposit_information,AAMC MSAR Advisor Reports,https://students-residents.aamc.org/medical-school-admission-requirements/medical-school-admission-requirements-reports-applicants-and-advisors,data/raw/aamc/msar_reports/18_msar001-msar-deposit-information-1.pdf,148,814,225.970,TX,University of Texas Medical Branch John Sealy School of Medicine,University of Texas Medical Branch John Sealy School of Medicine,,,,,"Boolean deposit fields are rendered as symbols, not plain text; amount and date fields are parsed."
aamc_msar_deposit_information,AAMC MSAR Advisor Reports,https://students-residents.aamc.org/medical-school-admission-requirements/medical-school-admission-requirements-reports-applicants-and-advisors,data/raw/aamc/msar_reports/18_msar001-msar-deposit-information-1.pdf,149,814,198.219,TX,University of Texas Rio Grande Valley School of Medicine,University of Texas Rio Grande Valley School of Medicine,,,,,"Boolean deposit fields are rendered as symbols, not plain text; amount and date fields are parsed."
aamc_msar_deposit_information,AAMC MSAR Advisor Reports,https://students-residents.aamc.org/medical-school-admission-requirements/medical-school-admission-requirements-reports-applicants-and-advisors,data/raw/aamc/msar_reports/18_msar001-msar-deposit-information-1.pdf,150,814,170.469,TX,University of Texas Southwestern Medical School,University of Texas Southwestern Medical School,,,,,"Boolean deposit fields are rendered as symbols, not plain text; amount and date fields are parsed."
aamc_msar_deposit_information,AAMC MSAR Advisor Reports,https://students-residents.aamc.org/medical-school-admission-requirements/medical-school-admission-requirements-reports-applicants-and-advisors,data/raw/aamc/msar_reports/18_msar001-msar-deposit-information-1.pdf,151,814,142.719,UT,Spencer Fox Eccles School of Medicine at the University of Utah,Spencer Fox Eccles School of Medicine at the University of Utah,,,,,"Boolean deposit fields are rendered as symbols, not plain text; amount and date fields are parsed."
aamc_msar_deposit_information,AAMC MSAR Advisor Reports,https://students-residents.aamc.org/medical-school-admission-requirements/medical-school-admission-requirements-reports-applicants-and-advisors,data/raw/aamc/msar_reports/18_msar001-msar-deposit-information-1.pdf,152,814,114.969,VA,Eastern Virginia Medical School,Eastern Virginia Medical School,$100,$100,"April 30, 2026",,"Boolean deposit fields are rendered as symbols, not plain text; amount and date fields are parsed."
aamc_msar_deposit_information,AAMC MSAR Advisor Reports,https://students-residents.aamc.org/medical-school-admission-requirements/medical-school-admission-requirements-reports-applicants-and-advisors,data/raw/aamc/msar_reports/18_msar001-msar-deposit-information-1.pdf,153,814,87.218,VA,University of Virginia School of Medicine,University of Virginia School of Medicine,,,,,"Boolean deposit fields are rendered as symbols, not plain text; amount and date fields are parsed."
aamc_msar_deposit_information,AAMC MSAR Advisor Reports,https://students-residents.aamc.org/medical-school-admission-requirements/medical-school-admission-requirements-reports-applicants-and-advisors,data/raw/aamc/msar_reports/18_msar001-msar-deposit-information-1.pdf,154,814,59.468,VA,Virginia Commonwealth University School of Medicine,Virginia Commonwealth University School of Medicine,$100,$100,"April 30, 2026",,"Boolean deposit fields are rendered as symbols, not plain text; amount and date fields are parsed."
aamc_msar_deposit_information,AAMC MSAR Advisor Reports,https://students-residents.aamc.org/medical-school-admission-requirements/medical-school-admission-requirements-reports-applicants-and-advisors,data/raw/aamc/msar_reports/18_msar001-msar-deposit-information-1.pdf,155,948,651.974,VA,Virginia Tech Carilion School of Medicine,Virginia Tech Carilion School of Medicine,,,,,"Boolean deposit fields are rendered as symbols, not plain text; amount and date fields are parsed."
aamc_msar_deposit_information,AAMC MSAR Advisor Reports,https://students-residents.aamc.org/medical-school-admission-requirements/medical-school-admission-requirements-reports-applicants-and-advisors,data/raw/aamc/msar_reports/18_msar001-msar-deposit-information-1.pdf,156,948,624.223,VT,"Robert Larner, M.D., College of Medicine at the University of Vermont","Robert Larner, M.D., College of Medicine at the University of Vermont",,,,,"Boolean deposit fields are rendered as symbols, not plain text; amount and date fields are parsed."
aamc_msar_deposit_information,AAMC MSAR Advisor Reports,https://students-residents.aamc.org/medical-school-admission-requirements/medical-school-admission-requirements-reports-applicants-and-advisors,data/raw/aamc/msar_reports/18_msar001-msar-deposit-information-1.pdf,157,948,596.473,WA,University of Washington School of Medicine,University of Washington School of Medicine,,,,,"Boolean deposit fields are rendered as symbols, not plain text; amount and date fields are parsed."
aamc_msar_deposit_information,AAMC MSAR Advisor Reports,https://students-residents.aamc.org/medical-school-admission-requirements/medical-school-admission-requirements-reports-applicants-and-advisors,data/raw/aamc/msar_reports/18_msar001-msar-deposit-information-1.pdf,158,948,568.723,WA,Washington State University Elson S. Floyd College of Medicine,Washington State University Elson S. Floyd College of Medicine,,,,,"Boolean deposit fields are rendered as symbols, not plain text; amount and date fields are parsed."
aamc_msar_deposit_information,AAMC MSAR Advisor Reports,https://students-residents.aamc.org/medical-school-admission-requirements/medical-school-admission-requirements-reports-applicants-and-advisors,data/raw/aamc/msar_reports/18_msar001-msar-deposit-information-1.pdf,159,948,540.973,WI,Medical College of Wisconsin,Medical College of Wisconsin,$110,$110,,"April 30, 2026","Boolean deposit fields are rendered as symbols, not plain text; amount and date fields are parsed."
aamc_msar_deposit_information,AAMC MSAR Advisor Reports,https://students-residents.aamc.org/medical-school-admission-requirements/medical-school-admission-requirements-reports-applicants-and-advisors,data/raw/aamc/msar_reports/18_msar001-msar-deposit-information-1.pdf,160,948,513.222,WI,University of Wisconsin School of Medicine and Public Health,University of Wisconsin School of Medicine and Public Health,,,,,"Boolean deposit fields are rendered as symbols, not plain text; amount and date fields are parsed."
aamc_msar_deposit_information,AAMC MSAR Advisor Reports,https://students-residents.aamc.org/medical-school-admission-requirements/medical-school-admission-requirements-reports-applicants-and-advisors,data/raw/aamc/msar_reports/18_msar001-msar-deposit-information-1.pdf,161,948,485.472,WV,Marshall University Joan C. Edwards School of Medicine,Marshall University Joan C. Edwards School of Medicine,,,,,"Boolean deposit fields are rendered as symbols, not plain text; amount and date fields are parsed."
aamc_msar_deposit_information,AAMC MSAR Advisor Reports,https://students-residents.aamc.org/medical-school-admission-requirements/medical-school-admission-requirements-reports-applicants-and-advisors,data/raw/aamc/msar_reports/18_msar001-msar-deposit-information-1.pdf,162,948,457.722,WV,West Virginia University School of Medicine,West Virginia University School of Medicine,$100,$100,"April 30, 2026",,"Boolean deposit fields are rendered as symbols, not plain text; amount and date fields are parsed."
aamc_msar_deposit_information,AAMC MSAR Advisor Reports,https://students-residents.aamc.org/medical-school-admission-requirements/medical-school-admission-requirements-reports-applicants-and-advisors,data/raw/aamc/msar_reports/18_msar001-msar-deposit-information-1.pdf,163,998,651.973,BC,University of British Columbia Faculty of Medicine,University of British Columbia Faculty of Medicine,"$1,000","$1,000",,"May 29, 2026","Boolean deposit fields are rendered as symbols, not plain text; amount and date fields are parsed."
aamc_msar_deposit_information,AAMC MSAR Advisor Reports,https://students-residents.aamc.org/medical-school-admission-requirements/medical-school-admission-requirements-reports-applicants-and-advisors,data/raw/aamc/msar_reports/18_msar001-msar-deposit-information-1.pdf,164,998,620.973,MB,"Max Rady College of Medicine, Rady Faculty of Health Sciences, University of Manitoba","Max Rady College of Medicine, Rady Faculty of Health Sciences, University of Manitoba",$500,$500,,"May 15, 2026","Boolean deposit fields are rendered as symbols, not plain text; amount and date fields are parsed."
aamc_msar_deposit_information,AAMC MSAR Advisor Reports,https://students-residents.aamc.org/medical-school-admission-requirements/medical-school-admission-requirements-reports-applicants-and-advisors,data/raw/aamc/msar_reports/18_msar001-msar-deposit-information-1.pdf,165,998,593.223,NL,Memorial University of Newfoundland Faculty of Medicine,Memorial University of Newfoundland Faculty of Medicine,"$1,000","$1,000",,"June 5, 2026","Boolean deposit fields are rendered as symbols, not plain text; amount and date fields are parsed."
aamc_msar_deposit_information,AAMC MSAR Advisor Reports,https://students-residents.aamc.org/medical-school-admission-requirements/medical-school-admission-requirements-reports-applicants-and-advisors,data/raw/aamc/msar_reports/18_msar001-msar-deposit-information-1.pdf,166,998,565.472,NS,Dalhousie University Faculty of Medicine,Dalhousie University Faculty of Medicine,$500,$500,,"May 15, 2026","Boolean deposit fields are rendered as symbols, not plain text; amount and date fields are parsed."
aamc_msar_deposit_information,AAMC MSAR Advisor Reports,https://students-residents.aamc.org/medical-school-admission-requirements/medical-school-admission-requirements-reports-applicants-and-advisors,data/raw/aamc/msar_reports/18_msar001-msar-deposit-information-1.pdf,167,998,537.722,ON,McMaster University Michael G. DeGroote School of Medicine,McMaster University Michael G. DeGroote School of Medicine,"$1,000","$1,000",,"June 30, 2026","Boolean deposit fields are rendered as symbols, not plain text; amount and date fields are parsed."
aamc_msar_deposit_information,AAMC MSAR Advisor Reports,https://students-residents.aamc.org/medical-school-admission-requirements/medical-school-admission-requirements-reports-applicants-and-advisors,data/raw/aamc/msar_reports/18_msar001-msar-deposit-information-1.pdf,168,998,509.972,ON,Northern Ontario School of Medicine,Northern Ontario School of Medicine,"$1,000","$1,000",,,"Boolean deposit fields are rendered as symbols, not plain text; amount and date fields are parsed."
aamc_msar_deposit_information,AAMC MSAR Advisor Reports,https://students-residents.aamc.org/medical-school-admission-requirements/medical-school-admission-requirements-reports-applicants-and-advisors,data/raw/aamc/msar_reports/18_msar001-msar-deposit-information-1.pdf,169,998,482.222,ON,Queen's University Faculty of Health Sciences,Queen's University Faculty of Health Sciences,,,,,"Boolean deposit fields are rendered as symbols, not plain text; amount and date fields are parsed."
aamc_msar_deposit_information,AAMC MSAR Advisor Reports,https://students-residents.aamc.org/medical-school-admission-requirements/medical-school-admission-requirements-reports-applicants-and-advisors,data/raw/aamc/msar_reports/18_msar001-msar-deposit-information-1.pdf,170,998,454.471,ON,The University of Western Ontario - Schulich School of Medicine & Dentistry,The University of Western Ontario - Schulich School of Medicine & Dentistry,"$1,000","$1,000",,,"Boolean deposit fields are rendered as symbols, not plain text; amount and date fields are parsed."
aamc_msar_deposit_information,AAMC MSAR Advisor Reports,https://students-residents.aamc.org/medical-school-admission-requirements/medical-school-admission-requirements-reports-applicants-and-advisors,data/raw/aamc/msar_reports/18_msar001-msar-deposit-information-1.pdf,171,998,426.721,ON,Toronto Metropolitan University School of Medicine,Toronto Metropolitan University School of Medicine,,,,,"Boolean deposit fields are rendered as symbols, not plain text; amount and date fields are parsed."
aamc_msar_deposit_information,AAMC MSAR Advisor Reports,https://students-residents.aamc.org/medical-school-admission-requirements/medical-school-admission-requirements-reports-applicants-and-advisors,data/raw/aamc/msar_reports/18_msar001-msar-deposit-information-1.pdf,172,998,398.971,ON,University of Ottawa Faculty of Medicine,University of Ottawa Faculty of Medicine,"$1,000","$1,000",,"May 26, 2026","Boolean deposit fields are rendered as symbols, not plain text; amount and date fields are parsed."
aamc_msar_deposit_information,AAMC MSAR Advisor Reports,https://students-residents.aamc.org/medical-school-admission-requirements/medical-school-admission-requirements-reports-applicants-and-advisors,data/raw/aamc/msar_reports/18_msar001-msar-deposit-information-1.pdf,173,998,371.221,ON,University of Toronto Temerty Faculty of Medicine,University of Toronto Temerty Faculty of Medicine,"$1,000","$1,000",,"June 1, 2026","Boolean deposit fields are rendered as symbols, not plain text; amount and date fields are parsed."
aamc_msar_deposit_information,AAMC MSAR Advisor Reports,https://students-residents.aamc.org/medical-school-admission-requirements/medical-school-admission-requirements-reports-applicants-and-advisors,data/raw/aamc/msar_reports/18_msar001-msar-deposit-information-1.pdf,174,998,343.470,QC,Universite de Montreal Faculty of Medicine,Universite de Montreal Faculty of Medicine,$300,$300,,"May 15, 2026","Boolean deposit fields are rendered as symbols, not plain text; amount and date fields are parsed."
aamc_msar_deposit_information,AAMC MSAR Advisor Reports,https://students-residents.aamc.org/medical-school-admission-requirements/medical-school-admission-requirements-reports-applicants-and-advisors,data/raw/aamc/msar_reports/18_msar001-msar-deposit-information-1.pdf,175,998,315.720,QC,Universite de Sherbrooke Faculty of Medicine,Universite de Sherbrooke Faculty of Medicine,$300,$300,,,"Boolean deposit fields are rendered as symbols, not plain text; amount and date fields are parsed."
aamc_msar_deposit_information,AAMC MSAR Advisor Reports,https://students-residents.aamc.org/medical-school-admission-requirements/medical-school-admission-requirements-reports-applicants-and-advisors,data/raw/aamc/msar_reports/18_msar001-msar-deposit-information-1.pdf,176,998,287.970,SK,University of Saskatchewan College of Medicine,University of Saskatchewan College of Medicine,"$2,200","$2,200",,"May 20, 2026","Boolean deposit fields are rendered as symbols, not plain text; amount and date fields are parsed."
