source_key,source_name,source_url,pdf_file,source_row_number,stream_index,row_y,state,school_name_raw,school_name_clean,latest_mcat_date_considered,oldest_mcat_date_considered,notes
aamc_msar_mcat_dates,AAMC MSAR Advisor Reports,https://students-residents.aamc.org/medical-school-admission-requirements/medical-school-admission-requirements-reports-applicants-and-advisors,data/raw/aamc/msar_reports/11_msar003-msar-latest-and-oldest-mcat-administration-dates-considered.pdf,1,4,663.044,AL,Frederick P. Whiddon College of Medicine at the University of South Alabama,Frederick P. Whiddon College of Medicine at the University of South Alabama,"September 12, 2026",September 2023,
aamc_msar_mcat_dates,AAMC MSAR Advisor Reports,https://students-residents.aamc.org/medical-school-admission-requirements/medical-school-admission-requirements-reports-applicants-and-advisors,data/raw/aamc/msar_reports/11_msar003-msar-latest-and-oldest-mcat-administration-dates-considered.pdf,2,4,647.924,AL,University of Alabama at Birmingham Marnix E. Heersink School of Medicine,University of Alabama at Birmingham Marnix E. Heersink School of Medicine,"September 12, 2026",January 2024,
aamc_msar_mcat_dates,AAMC MSAR Advisor Reports,https://students-residents.aamc.org/medical-school-admission-requirements/medical-school-admission-requirements-reports-applicants-and-advisors,data/raw/aamc/msar_reports/11_msar003-msar-latest-and-oldest-mcat-administration-dates-considered.pdf,3,4,632.804,AR,Alice L. Walton School of Medicine,Alice L. Walton School of Medicine,"September 12, 2026",January 2023,
aamc_msar_mcat_dates,AAMC MSAR Advisor Reports,https://students-residents.aamc.org/medical-school-admission-requirements/medical-school-admission-requirements-reports-applicants-and-advisors,data/raw/aamc/msar_reports/11_msar003-msar-latest-and-oldest-mcat-administration-dates-considered.pdf,4,4,617.684,AR,University of Arkansas for Medical Sciences College of Medicine,University of Arkansas for Medical Sciences College of Medicine,"September 30, 2026",January 2024,
aamc_msar_mcat_dates,AAMC MSAR Advisor Reports,https://students-residents.aamc.org/medical-school-admission-requirements/medical-school-admission-requirements-reports-applicants-and-advisors,data/raw/aamc/msar_reports/11_msar003-msar-latest-and-oldest-mcat-administration-dates-considered.pdf,5,4,595.683,AZ,Arizona State University School of Medicine and Advanced Medical Engineering (SOMME),Arizona State University School of Medicine and Advanced Medical Engineering (SOMME),"September 12, 2026",January 2024,
aamc_msar_mcat_dates,AAMC MSAR Advisor Reports,https://students-residents.aamc.org/medical-school-admission-requirements/medical-school-admission-requirements-reports-applicants-and-advisors,data/raw/aamc/msar_reports/11_msar003-msar-latest-and-oldest-mcat-administration-dates-considered.pdf,6,4,580.563,AZ,University of Arizona College of Medicine,University of Arizona College of Medicine,"September 12, 2026",January 2024,
aamc_msar_mcat_dates,AAMC MSAR Advisor Reports,https://students-residents.aamc.org/medical-school-admission-requirements/medical-school-admission-requirements-reports-applicants-and-advisors,data/raw/aamc/msar_reports/11_msar003-msar-latest-and-oldest-mcat-administration-dates-considered.pdf,7,4,565.443,AZ,University of Arizona College of Medicine - Phoenix,University of Arizona College of Medicine - Phoenix,"September 12, 2026",January 2023,
aamc_msar_mcat_dates,AAMC MSAR Advisor Reports,https://students-residents.aamc.org/medical-school-admission-requirements/medical-school-admission-requirements-reports-applicants-and-advisors,data/raw/aamc/msar_reports/11_msar003-msar-latest-and-oldest-mcat-administration-dates-considered.pdf,8,4,550.323,CA,California Northstate University College of Medicine,California Northstate University College of Medicine,"December 15, 2026",January 2023,
aamc_msar_mcat_dates,AAMC MSAR Advisor Reports,https://students-residents.aamc.org/medical-school-admission-requirements/medical-school-admission-requirements-reports-applicants-and-advisors,data/raw/aamc/msar_reports/11_msar003-msar-latest-and-oldest-mcat-administration-dates-considered.pdf,9,4,535.203,CA,California University of Science and Medicine-School of Medicine,California University of Science and Medicine-School of Medicine,"October 30, 2026",January 2024,
aamc_msar_mcat_dates,AAMC MSAR Advisor Reports,https://students-residents.aamc.org/medical-school-admission-requirements/medical-school-admission-requirements-reports-applicants-and-advisors,data/raw/aamc/msar_reports/11_msar003-msar-latest-and-oldest-mcat-administration-dates-considered.pdf,10,4,520.083,CA,Charles R. Drew University of Medicine and Science College of Medicine,Charles R. Drew University of Medicine and Science College of Medicine,"September 01, 2026",July 2023,
aamc_msar_mcat_dates,AAMC MSAR Advisor Reports,https://students-residents.aamc.org/medical-school-admission-requirements/medical-school-admission-requirements-reports-applicants-and-advisors,data/raw/aamc/msar_reports/11_msar003-msar-latest-and-oldest-mcat-administration-dates-considered.pdf,11,4,504.963,CA,Kaiser Permanente Bernard J. Tyson School of Medicine,Kaiser Permanente Bernard J. Tyson School of Medicine,"September 12, 2026",July 2024,
aamc_msar_mcat_dates,AAMC MSAR Advisor Reports,https://students-residents.aamc.org/medical-school-admission-requirements/medical-school-admission-requirements-reports-applicants-and-advisors,data/raw/aamc/msar_reports/11_msar003-msar-latest-and-oldest-mcat-administration-dates-considered.pdf,12,4,489.843,CA,Keck School of Medicine of the University of Southern California,Keck School of Medicine of the University of Southern California,"September 30, 2026",January 2024,
aamc_msar_mcat_dates,AAMC MSAR Advisor Reports,https://students-residents.aamc.org/medical-school-admission-requirements/medical-school-admission-requirements-reports-applicants-and-advisors,data/raw/aamc/msar_reports/11_msar003-msar-latest-and-oldest-mcat-administration-dates-considered.pdf,13,4,474.723,CA,Loma Linda University School of Medicine,Loma Linda University School of Medicine,"September 12, 2026",January 2024,
aamc_msar_mcat_dates,AAMC MSAR Advisor Reports,https://students-residents.aamc.org/medical-school-admission-requirements/medical-school-admission-requirements-reports-applicants-and-advisors,data/raw/aamc/msar_reports/11_msar003-msar-latest-and-oldest-mcat-administration-dates-considered.pdf,14,4,459.603,CA,Stanford University School of Medicine,Stanford University School of Medicine,"August 22, 2026",,
aamc_msar_mcat_dates,AAMC MSAR Advisor Reports,https://students-residents.aamc.org/medical-school-admission-requirements/medical-school-admission-requirements-reports-applicants-and-advisors,data/raw/aamc/msar_reports/11_msar003-msar-latest-and-oldest-mcat-administration-dates-considered.pdf,15,4,444.483,CA,"University of California, Davis, School of Medicine","University of California, Davis, School of Medicine","September 30, 2026",October 2023,
aamc_msar_mcat_dates,AAMC MSAR Advisor Reports,https://students-residents.aamc.org/medical-school-admission-requirements/medical-school-admission-requirements-reports-applicants-and-advisors,data/raw/aamc/msar_reports/11_msar003-msar-latest-and-oldest-mcat-administration-dates-considered.pdf,16,4,429.363,CA,"University of California, Irvine, School of Medicine","University of California, Irvine, School of Medicine","September 01, 2026",June 2023,
aamc_msar_mcat_dates,AAMC MSAR Advisor Reports,https://students-residents.aamc.org/medical-school-admission-requirements/medical-school-admission-requirements-reports-applicants-and-advisors,data/raw/aamc/msar_reports/11_msar003-msar-latest-and-oldest-mcat-administration-dates-considered.pdf,17,4,414.243,CA,"University of California, Los Angeles David Geffen School of Medicine","University of California, Los Angeles David Geffen School of Medicine","September 01, 2026",January 2022,
aamc_msar_mcat_dates,AAMC MSAR Advisor Reports,https://students-residents.aamc.org/medical-school-admission-requirements/medical-school-admission-requirements-reports-applicants-and-advisors,data/raw/aamc/msar_reports/11_msar003-msar-latest-and-oldest-mcat-administration-dates-considered.pdf,18,4,399.123,CA,"University of California, Riverside School of Medicine","University of California, Riverside School of Medicine","November 01, 2026",November 2023,
aamc_msar_mcat_dates,AAMC MSAR Advisor Reports,https://students-residents.aamc.org/medical-school-admission-requirements/medical-school-admission-requirements-reports-applicants-and-advisors,data/raw/aamc/msar_reports/11_msar003-msar-latest-and-oldest-mcat-administration-dates-considered.pdf,19,4,384.003,CA,"University of California, San Diego School of Medicine","University of California, San Diego School of Medicine","December 31, 2026",January 2023,
aamc_msar_mcat_dates,AAMC MSAR Advisor Reports,https://students-residents.aamc.org/medical-school-admission-requirements/medical-school-admission-requirements-reports-applicants-and-advisors,data/raw/aamc/msar_reports/11_msar003-msar-latest-and-oldest-mcat-administration-dates-considered.pdf,20,4,368.883,CA,"University of California, San Francisco, School of Medicine","University of California, San Francisco, School of Medicine","September 13, 2026",January 2024,
aamc_msar_mcat_dates,AAMC MSAR Advisor Reports,https://students-residents.aamc.org/medical-school-admission-requirements/medical-school-admission-requirements-reports-applicants-and-advisors,data/raw/aamc/msar_reports/11_msar003-msar-latest-and-oldest-mcat-administration-dates-considered.pdf,21,4,353.763,CO,University of Colorado School of Medicine,University of Colorado School of Medicine,"August 31, 2026",June 2023,
aamc_msar_mcat_dates,AAMC MSAR Advisor Reports,https://students-residents.aamc.org/medical-school-admission-requirements/medical-school-admission-requirements-reports-applicants-and-advisors,data/raw/aamc/msar_reports/11_msar003-msar-latest-and-oldest-mcat-administration-dates-considered.pdf,22,4,338.643,CT,Frank H. Netter MD School of Medicine at Quinnipiac University,Frank H. Netter MD School of Medicine at Quinnipiac University,"September 12, 2026",January 2024,
aamc_msar_mcat_dates,AAMC MSAR Advisor Reports,https://students-residents.aamc.org/medical-school-admission-requirements/medical-school-admission-requirements-reports-applicants-and-advisors,data/raw/aamc/msar_reports/11_msar003-msar-latest-and-oldest-mcat-administration-dates-considered.pdf,23,4,323.523,CT,University of Connecticut School of Medicine,University of Connecticut School of Medicine,"September 30, 2026",May 2023,
aamc_msar_mcat_dates,AAMC MSAR Advisor Reports,https://students-residents.aamc.org/medical-school-admission-requirements/medical-school-admission-requirements-reports-applicants-and-advisors,data/raw/aamc/msar_reports/11_msar003-msar-latest-and-oldest-mcat-administration-dates-considered.pdf,24,4,308.403,CT,Yale School of Medicine,Yale School of Medicine,"September 30, 2026",January 2023,
aamc_msar_mcat_dates,AAMC MSAR Advisor Reports,https://students-residents.aamc.org/medical-school-admission-requirements/medical-school-admission-requirements-reports-applicants-and-advisors,data/raw/aamc/msar_reports/11_msar003-msar-latest-and-oldest-mcat-administration-dates-considered.pdf,25,4,293.283,DC,George Washington University School of Medicine & Health Sciences,George Washington University School of Medicine & Health Sciences,"August 31, 2026",January 2023,
aamc_msar_mcat_dates,AAMC MSAR Advisor Reports,https://students-residents.aamc.org/medical-school-admission-requirements/medical-school-admission-requirements-reports-applicants-and-advisors,data/raw/aamc/msar_reports/11_msar003-msar-latest-and-oldest-mcat-administration-dates-considered.pdf,26,4,278.163,DC,Georgetown University School of Medicine,Georgetown University School of Medicine,"September 12, 2026",January 2024,
aamc_msar_mcat_dates,AAMC MSAR Advisor Reports,https://students-residents.aamc.org/medical-school-admission-requirements/medical-school-admission-requirements-reports-applicants-and-advisors,data/raw/aamc/msar_reports/11_msar003-msar-latest-and-oldest-mcat-administration-dates-considered.pdf,27,4,263.043,DC,Howard University College of Medicine,Howard University College of Medicine,"January 31, 2027",January 2023,
aamc_msar_mcat_dates,AAMC MSAR Advisor Reports,https://students-residents.aamc.org/medical-school-admission-requirements/medical-school-admission-requirements-reports-applicants-and-advisors,data/raw/aamc/msar_reports/11_msar003-msar-latest-and-oldest-mcat-administration-dates-considered.pdf,28,4,247.923,FL,Charles E. Schmidt College of Medicine at Florida Atlantic University,Charles E. Schmidt College of Medicine at Florida Atlantic University,"December 01, 2026",August 2024,
aamc_msar_mcat_dates,AAMC MSAR Advisor Reports,https://students-residents.aamc.org/medical-school-admission-requirements/medical-school-admission-requirements-reports-applicants-and-advisors,data/raw/aamc/msar_reports/11_msar003-msar-latest-and-oldest-mcat-administration-dates-considered.pdf,29,4,232.803,FL,Florida International University Herbert Wertheim College of Medicine,Florida International University Herbert Wertheim College of Medicine,"September 30, 2026",January 2024,
aamc_msar_mcat_dates,AAMC MSAR Advisor Reports,https://students-residents.aamc.org/medical-school-admission-requirements/medical-school-admission-requirements-reports-applicants-and-advisors,data/raw/aamc/msar_reports/11_msar003-msar-latest-and-oldest-mcat-administration-dates-considered.pdf,30,4,217.683,FL,Florida State University College of Medicine,Florida State University College of Medicine,"January 15, 2027",May 2022,
aamc_msar_mcat_dates,AAMC MSAR Advisor Reports,https://students-residents.aamc.org/medical-school-admission-requirements/medical-school-admission-requirements-reports-applicants-and-advisors,data/raw/aamc/msar_reports/11_msar003-msar-latest-and-oldest-mcat-administration-dates-considered.pdf,31,4,202.563,FL,Nova Southeastern University Dr. Kiran C. Patel College of Allopathic Medicine,Nova Southeastern University Dr. Kiran C. Patel College of Allopathic Medicine,"October 31, 2026",July 2021,
aamc_msar_mcat_dates,AAMC MSAR Advisor Reports,https://students-residents.aamc.org/medical-school-admission-requirements/medical-school-admission-requirements-reports-applicants-and-advisors,data/raw/aamc/msar_reports/11_msar003-msar-latest-and-oldest-mcat-administration-dates-considered.pdf,32,4,187.443,FL,University of Central Florida College of Medicine,University of Central Florida College of Medicine,"September 12, 2026",January 2024,
aamc_msar_mcat_dates,AAMC MSAR Advisor Reports,https://students-residents.aamc.org/medical-school-admission-requirements/medical-school-admission-requirements-reports-applicants-and-advisors,data/raw/aamc/msar_reports/11_msar003-msar-latest-and-oldest-mcat-administration-dates-considered.pdf,33,4,172.323,FL,University of Florida College of Medicine,University of Florida College of Medicine,"September 12, 2026",January 2024,
aamc_msar_mcat_dates,AAMC MSAR Advisor Reports,https://students-residents.aamc.org/medical-school-admission-requirements/medical-school-admission-requirements-reports-applicants-and-advisors,data/raw/aamc/msar_reports/11_msar003-msar-latest-and-oldest-mcat-administration-dates-considered.pdf,34,4,157.203,FL,University of Miami Leonard M. Miller School of Medicine,University of Miami Leonard M. Miller School of Medicine,"September 12, 2026",December 2023,
aamc_msar_mcat_dates,AAMC MSAR Advisor Reports,https://students-residents.aamc.org/medical-school-admission-requirements/medical-school-admission-requirements-reports-applicants-and-advisors,data/raw/aamc/msar_reports/11_msar003-msar-latest-and-oldest-mcat-administration-dates-considered.pdf,35,4,142.083,FL,USF Health Morsani College of Medicine,USF Health Morsani College of Medicine,"September 11, 2026",September 2024,
aamc_msar_mcat_dates,AAMC MSAR Advisor Reports,https://students-residents.aamc.org/medical-school-admission-requirements/medical-school-admission-requirements-reports-applicants-and-advisors,data/raw/aamc/msar_reports/11_msar003-msar-latest-and-oldest-mcat-administration-dates-considered.pdf,36,4,126.963,GA,Emory University School of Medicine,Emory University School of Medicine,"October 31, 2026",January 2023,
aamc_msar_mcat_dates,AAMC MSAR Advisor Reports,https://students-residents.aamc.org/medical-school-admission-requirements/medical-school-admission-requirements-reports-applicants-and-advisors,data/raw/aamc/msar_reports/11_msar003-msar-latest-and-oldest-mcat-administration-dates-considered.pdf,37,4,111.843,GA,Medical College of Georgia at Augusta University,Medical College of Georgia at Augusta University,"September 12, 2026",January 2024,
aamc_msar_mcat_dates,AAMC MSAR Advisor Reports,https://students-residents.aamc.org/medical-school-admission-requirements/medical-school-admission-requirements-reports-applicants-and-advisors,data/raw/aamc/msar_reports/11_msar003-msar-latest-and-oldest-mcat-administration-dates-considered.pdf,38,4,96.723,GA,Mercer University School of Medicine,Mercer University School of Medicine,"July 31, 2026",July 2023,
aamc_msar_mcat_dates,AAMC MSAR Advisor Reports,https://students-residents.aamc.org/medical-school-admission-requirements/medical-school-admission-requirements-reports-applicants-and-advisors,data/raw/aamc/msar_reports/11_msar003-msar-latest-and-oldest-mcat-administration-dates-considered.pdf,39,4,81.603,GA,Morehouse School of Medicine,Morehouse School of Medicine,"September 19, 2026",September 2024,
aamc_msar_mcat_dates,AAMC MSAR Advisor Reports,https://students-residents.aamc.org/medical-school-admission-requirements/medical-school-admission-requirements-reports-applicants-and-advisors,data/raw/aamc/msar_reports/11_msar003-msar-latest-and-oldest-mcat-administration-dates-considered.pdf,40,4,66.483,GA,University of Georgia School of Medicine,University of Georgia School of Medicine,"January 01, 2027",January 2023,
aamc_msar_mcat_dates,AAMC MSAR Advisor Reports,https://students-residents.aamc.org/medical-school-admission-requirements/medical-school-admission-requirements-reports-applicants-and-advisors,data/raw/aamc/msar_reports/11_msar003-msar-latest-and-oldest-mcat-administration-dates-considered.pdf,41,4,51.363,HI,"University of Hawaii, John A. Burns School of Medicine","University of Hawaii, John A. Burns School of Medicine","September 30, 2026",January 2024,
aamc_msar_mcat_dates,AAMC MSAR Advisor Reports,https://students-residents.aamc.org/medical-school-admission-requirements/medical-school-admission-requirements-reports-applicants-and-advisors,data/raw/aamc/msar_reports/11_msar003-msar-latest-and-oldest-mcat-administration-dates-considered.pdf,42,8,663.044,IA,University of Iowa Roy J. and Lucille A. Carver College of Medicine,University of Iowa Roy J. and Lucille A. Carver College of Medicine,"September 30, 2026",January 2023,
aamc_msar_mcat_dates,AAMC MSAR Advisor Reports,https://students-residents.aamc.org/medical-school-admission-requirements/medical-school-admission-requirements-reports-applicants-and-advisors,data/raw/aamc/msar_reports/11_msar003-msar-latest-and-oldest-mcat-administration-dates-considered.pdf,43,8,647.924,IL,Carle Illinois College of Medicine,Carle Illinois College of Medicine,"October 01, 2026",January 2024,
aamc_msar_mcat_dates,AAMC MSAR Advisor Reports,https://students-residents.aamc.org/medical-school-admission-requirements/medical-school-admission-requirements-reports-applicants-and-advisors,data/raw/aamc/msar_reports/11_msar003-msar-latest-and-oldest-mcat-administration-dates-considered.pdf,44,8,632.804,IL,Chicago Medical School at Rosalind Franklin University of Medicine & Science,Chicago Medical School at Rosalind Franklin University of Medicine & Science,"September 14, 2026",January 2024,
aamc_msar_mcat_dates,AAMC MSAR Advisor Reports,https://students-residents.aamc.org/medical-school-admission-requirements/medical-school-admission-requirements-reports-applicants-and-advisors,data/raw/aamc/msar_reports/11_msar003-msar-latest-and-oldest-mcat-administration-dates-considered.pdf,45,8,617.684,IL,Loyola University Chicago Stritch School of Medicine,Loyola University Chicago Stritch School of Medicine,"November 01, 2026",January 2024,
aamc_msar_mcat_dates,AAMC MSAR Advisor Reports,https://students-residents.aamc.org/medical-school-admission-requirements/medical-school-admission-requirements-reports-applicants-and-advisors,data/raw/aamc/msar_reports/11_msar003-msar-latest-and-oldest-mcat-administration-dates-considered.pdf,46,8,602.564,IL,Northwestern University The Feinberg School of Medicine,Northwestern University The Feinberg School of Medicine,"September 30, 2026",January 2024,
aamc_msar_mcat_dates,AAMC MSAR Advisor Reports,https://students-residents.aamc.org/medical-school-admission-requirements/medical-school-admission-requirements-reports-applicants-and-advisors,data/raw/aamc/msar_reports/11_msar003-msar-latest-and-oldest-mcat-administration-dates-considered.pdf,47,8,587.444,IL,Rush Medical College of Rush University Medical Center,Rush Medical College of Rush University Medical Center,"September 12, 2026",January 2024,
aamc_msar_mcat_dates,AAMC MSAR Advisor Reports,https://students-residents.aamc.org/medical-school-admission-requirements/medical-school-admission-requirements-reports-applicants-and-advisors,data/raw/aamc/msar_reports/11_msar003-msar-latest-and-oldest-mcat-administration-dates-considered.pdf,48,8,572.324,IL,Southern Illinois University School of Medicine,Southern Illinois University School of Medicine,"September 30, 2026",September 2024,
aamc_msar_mcat_dates,AAMC MSAR Advisor Reports,https://students-residents.aamc.org/medical-school-admission-requirements/medical-school-admission-requirements-reports-applicants-and-advisors,data/raw/aamc/msar_reports/11_msar003-msar-latest-and-oldest-mcat-administration-dates-considered.pdf,49,8,557.204,IL,University of Chicago Division of the Biological Sciences The Pritzker School of Medicine,University of Chicago Division of the Biological Sciences The Pritzker School of Medicine,"September 30, 2026",January 2023,
aamc_msar_mcat_dates,AAMC MSAR Advisor Reports,https://students-residents.aamc.org/medical-school-admission-requirements/medical-school-admission-requirements-reports-applicants-and-advisors,data/raw/aamc/msar_reports/11_msar003-msar-latest-and-oldest-mcat-administration-dates-considered.pdf,50,8,542.084,IL,University of Illinois College of Medicine,University of Illinois College of Medicine,"September 12, 2026",August 2024,
aamc_msar_mcat_dates,AAMC MSAR Advisor Reports,https://students-residents.aamc.org/medical-school-admission-requirements/medical-school-admission-requirements-reports-applicants-and-advisors,data/raw/aamc/msar_reports/11_msar003-msar-latest-and-oldest-mcat-administration-dates-considered.pdf,51,8,526.964,IN,Indiana University School of Medicine,Indiana University School of Medicine,"September 30, 2026",September 2023,
aamc_msar_mcat_dates,AAMC MSAR Advisor Reports,https://students-residents.aamc.org/medical-school-admission-requirements/medical-school-admission-requirements-reports-applicants-and-advisors,data/raw/aamc/msar_reports/11_msar003-msar-latest-and-oldest-mcat-administration-dates-considered.pdf,52,8,511.844,KS,University of Kansas School of Medicine,University of Kansas School of Medicine,"September 12, 2026",January 2023,
aamc_msar_mcat_dates,AAMC MSAR Advisor Reports,https://students-residents.aamc.org/medical-school-admission-requirements/medical-school-admission-requirements-reports-applicants-and-advisors,data/raw/aamc/msar_reports/11_msar003-msar-latest-and-oldest-mcat-administration-dates-considered.pdf,53,8,496.724,KY,University of Kentucky College of Medicine,University of Kentucky College of Medicine,"September 12, 2026",January 2024,
aamc_msar_mcat_dates,AAMC MSAR Advisor Reports,https://students-residents.aamc.org/medical-school-admission-requirements/medical-school-admission-requirements-reports-applicants-and-advisors,data/raw/aamc/msar_reports/11_msar003-msar-latest-and-oldest-mcat-administration-dates-considered.pdf,54,8,481.604,KY,University of Louisville School of Medicine,University of Louisville School of Medicine,"September 12, 2026",September 2024,
aamc_msar_mcat_dates,AAMC MSAR Advisor Reports,https://students-residents.aamc.org/medical-school-admission-requirements/medical-school-admission-requirements-reports-applicants-and-advisors,data/raw/aamc/msar_reports/11_msar003-msar-latest-and-oldest-mcat-administration-dates-considered.pdf,55,8,466.484,LA,Louisiana State University School of Medicine in New Orleans,Louisiana State University School of Medicine in New Orleans,"September 30, 2026",January 2024,
aamc_msar_mcat_dates,AAMC MSAR Advisor Reports,https://students-residents.aamc.org/medical-school-admission-requirements/medical-school-admission-requirements-reports-applicants-and-advisors,data/raw/aamc/msar_reports/11_msar003-msar-latest-and-oldest-mcat-administration-dates-considered.pdf,56,8,451.364,LA,Louisiana State University School of Medicine in Shreveport,Louisiana State University School of Medicine in Shreveport,"September 12, 2026",January 2024,
aamc_msar_mcat_dates,AAMC MSAR Advisor Reports,https://students-residents.aamc.org/medical-school-admission-requirements/medical-school-admission-requirements-reports-applicants-and-advisors,data/raw/aamc/msar_reports/11_msar003-msar-latest-and-oldest-mcat-administration-dates-considered.pdf,57,8,436.244,LA,Tulane University School of Medicine,Tulane University School of Medicine,"February 01, 2027",January 2023,
aamc_msar_mcat_dates,AAMC MSAR Advisor Reports,https://students-residents.aamc.org/medical-school-admission-requirements/medical-school-admission-requirements-reports-applicants-and-advisors,data/raw/aamc/msar_reports/11_msar003-msar-latest-and-oldest-mcat-administration-dates-considered.pdf,58,8,421.124,MA,Boston University Aram V. Chobanian & Edward Avedisian School of Medicine,Boston University Aram V. Chobanian & Edward Avedisian School of Medicine,"September 12, 2026",September 2022,
aamc_msar_mcat_dates,AAMC MSAR Advisor Reports,https://students-residents.aamc.org/medical-school-admission-requirements/medical-school-admission-requirements-reports-applicants-and-advisors,data/raw/aamc/msar_reports/11_msar003-msar-latest-and-oldest-mcat-administration-dates-considered.pdf,59,8,406.004,MA,Harvard Medical School,Harvard Medical School,"September 12, 2026",January 2023,
aamc_msar_mcat_dates,AAMC MSAR Advisor Reports,https://students-residents.aamc.org/medical-school-admission-requirements/medical-school-admission-requirements-reports-applicants-and-advisors,data/raw/aamc/msar_reports/11_msar003-msar-latest-and-oldest-mcat-administration-dates-considered.pdf,60,8,390.884,MA,Tufts University School of Medicine,Tufts University School of Medicine,"September 30, 2026",July 2022,
aamc_msar_mcat_dates,AAMC MSAR Advisor Reports,https://students-residents.aamc.org/medical-school-admission-requirements/medical-school-admission-requirements-reports-applicants-and-advisors,data/raw/aamc/msar_reports/11_msar003-msar-latest-and-oldest-mcat-administration-dates-considered.pdf,61,8,375.764,MA,University of Massachusetts T.H. Chan School of Medicine,University of Massachusetts T.H. Chan School of Medicine,"September 30, 2026",January 2023,
aamc_msar_mcat_dates,AAMC MSAR Advisor Reports,https://students-residents.aamc.org/medical-school-admission-requirements/medical-school-admission-requirements-reports-applicants-and-advisors,data/raw/aamc/msar_reports/11_msar003-msar-latest-and-oldest-mcat-administration-dates-considered.pdf,62,8,360.644,MD,Johns Hopkins University School of Medicine,Johns Hopkins University School of Medicine,"September 12, 2026",August 2023,
aamc_msar_mcat_dates,AAMC MSAR Advisor Reports,https://students-residents.aamc.org/medical-school-admission-requirements/medical-school-admission-requirements-reports-applicants-and-advisors,data/raw/aamc/msar_reports/11_msar003-msar-latest-and-oldest-mcat-administration-dates-considered.pdf,63,8,338.643,MD,Uniformed Services University of the Health Sciences F. Edward Hebert School of Medicine,Uniformed Services University of the Health Sciences F. Edward Hebert School of Medicine,"September 30, 2026",January 2024,
aamc_msar_mcat_dates,AAMC MSAR Advisor Reports,https://students-residents.aamc.org/medical-school-admission-requirements/medical-school-admission-requirements-reports-applicants-and-advisors,data/raw/aamc/msar_reports/11_msar003-msar-latest-and-oldest-mcat-administration-dates-considered.pdf,64,8,323.523,MD,University of Maryland School of Medicine,University of Maryland School of Medicine,"September 30, 2026",January 2022,
aamc_msar_mcat_dates,AAMC MSAR Advisor Reports,https://students-residents.aamc.org/medical-school-admission-requirements/medical-school-admission-requirements-reports-applicants-and-advisors,data/raw/aamc/msar_reports/11_msar003-msar-latest-and-oldest-mcat-administration-dates-considered.pdf,65,8,308.403,MI,Central Michigan University College of Medicine,Central Michigan University College of Medicine,"September 30, 2026",May 2023,
aamc_msar_mcat_dates,AAMC MSAR Advisor Reports,https://students-residents.aamc.org/medical-school-admission-requirements/medical-school-admission-requirements-reports-applicants-and-advisors,data/raw/aamc/msar_reports/11_msar003-msar-latest-and-oldest-mcat-administration-dates-considered.pdf,66,8,293.283,MI,Michigan State University College of Human Medicine,Michigan State University College of Human Medicine,"September 12, 2026",January 2023,
aamc_msar_mcat_dates,AAMC MSAR Advisor Reports,https://students-residents.aamc.org/medical-school-admission-requirements/medical-school-admission-requirements-reports-applicants-and-advisors,data/raw/aamc/msar_reports/11_msar003-msar-latest-and-oldest-mcat-administration-dates-considered.pdf,67,8,278.163,MI,Oakland University William Beaumont School of Medicine,Oakland University William Beaumont School of Medicine,"September 30, 2026",October 2023,
aamc_msar_mcat_dates,AAMC MSAR Advisor Reports,https://students-residents.aamc.org/medical-school-admission-requirements/medical-school-admission-requirements-reports-applicants-and-advisors,data/raw/aamc/msar_reports/11_msar003-msar-latest-and-oldest-mcat-administration-dates-considered.pdf,68,8,263.043,MI,University of Michigan Medical School,University of Michigan Medical School,"October 01, 2026",January 2024,
aamc_msar_mcat_dates,AAMC MSAR Advisor Reports,https://students-residents.aamc.org/medical-school-admission-requirements/medical-school-admission-requirements-reports-applicants-and-advisors,data/raw/aamc/msar_reports/11_msar003-msar-latest-and-oldest-mcat-administration-dates-considered.pdf,69,8,247.923,MI,Wayne State University School of Medicine,Wayne State University School of Medicine,"September 12, 2026",January 2023,
aamc_msar_mcat_dates,AAMC MSAR Advisor Reports,https://students-residents.aamc.org/medical-school-admission-requirements/medical-school-admission-requirements-reports-applicants-and-advisors,data/raw/aamc/msar_reports/11_msar003-msar-latest-and-oldest-mcat-administration-dates-considered.pdf,70,8,232.803,MI,Western Michigan University Homer Stryker M.D. School of Medicine,Western Michigan University Homer Stryker M.D. School of Medicine,"September 30, 2026",January 2024,
aamc_msar_mcat_dates,AAMC MSAR Advisor Reports,https://students-residents.aamc.org/medical-school-admission-requirements/medical-school-admission-requirements-reports-applicants-and-advisors,data/raw/aamc/msar_reports/11_msar003-msar-latest-and-oldest-mcat-administration-dates-considered.pdf,71,8,217.683,MN,Mayo Clinic Alix School of Medicine,Mayo Clinic Alix School of Medicine,"September 12, 2026",January 2024,
aamc_msar_mcat_dates,AAMC MSAR Advisor Reports,https://students-residents.aamc.org/medical-school-admission-requirements/medical-school-admission-requirements-reports-applicants-and-advisors,data/raw/aamc/msar_reports/11_msar003-msar-latest-and-oldest-mcat-administration-dates-considered.pdf,72,8,202.563,MN,University of Minnesota Medical School,University of Minnesota Medical School,"August 22, 2026",January 2023,
aamc_msar_mcat_dates,AAMC MSAR Advisor Reports,https://students-residents.aamc.org/medical-school-admission-requirements/medical-school-admission-requirements-reports-applicants-and-advisors,data/raw/aamc/msar_reports/11_msar003-msar-latest-and-oldest-mcat-administration-dates-considered.pdf,73,8,187.443,MO,Saint Louis University School of Medicine,Saint Louis University School of Medicine,"September 30, 2026",January 2023,
aamc_msar_mcat_dates,AAMC MSAR Advisor Reports,https://students-residents.aamc.org/medical-school-admission-requirements/medical-school-admission-requirements-reports-applicants-and-advisors,data/raw/aamc/msar_reports/11_msar003-msar-latest-and-oldest-mcat-administration-dates-considered.pdf,74,8,172.323,MO,University of Missouri-Columbia School of Medicine,University of Missouri-Columbia School of Medicine,"September 12, 2026",January 2023,
aamc_msar_mcat_dates,AAMC MSAR Advisor Reports,https://students-residents.aamc.org/medical-school-admission-requirements/medical-school-admission-requirements-reports-applicants-and-advisors,data/raw/aamc/msar_reports/11_msar003-msar-latest-and-oldest-mcat-administration-dates-considered.pdf,75,8,157.203,MO,University of Missouri-Kansas City School of Medicine,University of Missouri-Kansas City School of Medicine,"July 31, 2026",January 2023,
aamc_msar_mcat_dates,AAMC MSAR Advisor Reports,https://students-residents.aamc.org/medical-school-admission-requirements/medical-school-admission-requirements-reports-applicants-and-advisors,data/raw/aamc/msar_reports/11_msar003-msar-latest-and-oldest-mcat-administration-dates-considered.pdf,76,8,142.083,MO,Washington University in St. Louis School of Medicine,Washington University in St. Louis School of Medicine,"September 12, 2026",January 2023,
aamc_msar_mcat_dates,AAMC MSAR Advisor Reports,https://students-residents.aamc.org/medical-school-admission-requirements/medical-school-admission-requirements-reports-applicants-and-advisors,data/raw/aamc/msar_reports/11_msar003-msar-latest-and-oldest-mcat-administration-dates-considered.pdf,77,8,126.963,MS,University of Mississippi School of Medicine,University of Mississippi School of Medicine,"September 12, 2026",January 2023,
aamc_msar_mcat_dates,AAMC MSAR Advisor Reports,https://students-residents.aamc.org/medical-school-admission-requirements/medical-school-admission-requirements-reports-applicants-and-advisors,data/raw/aamc/msar_reports/11_msar003-msar-latest-and-oldest-mcat-administration-dates-considered.pdf,78,8,111.843,NC,Brody School of Medicine at East Carolina University,Brody School of Medicine at East Carolina University,"August 27, 2026",January 2023,
aamc_msar_mcat_dates,AAMC MSAR Advisor Reports,https://students-residents.aamc.org/medical-school-admission-requirements/medical-school-admission-requirements-reports-applicants-and-advisors,data/raw/aamc/msar_reports/11_msar003-msar-latest-and-oldest-mcat-administration-dates-considered.pdf,79,8,96.723,NC,Duke University School of Medicine,Duke University School of Medicine,"September 12, 2026",January 2023,
aamc_msar_mcat_dates,AAMC MSAR Advisor Reports,https://students-residents.aamc.org/medical-school-admission-requirements/medical-school-admission-requirements-reports-applicants-and-advisors,data/raw/aamc/msar_reports/11_msar003-msar-latest-and-oldest-mcat-administration-dates-considered.pdf,80,8,81.603,NC,Methodist University Cape Fear Valley Health School of Medicine,Methodist University Cape Fear Valley Health School of Medicine,"October 31, 2026",July 2023,
aamc_msar_mcat_dates,AAMC MSAR Advisor Reports,https://students-residents.aamc.org/medical-school-admission-requirements/medical-school-admission-requirements-reports-applicants-and-advisors,data/raw/aamc/msar_reports/11_msar003-msar-latest-and-oldest-mcat-administration-dates-considered.pdf,81,8,66.483,NC,University of North Carolina at Chapel Hill School of Medicine,University of North Carolina at Chapel Hill School of Medicine,"September 12, 2026",January 2024,
aamc_msar_mcat_dates,AAMC MSAR Advisor Reports,https://students-residents.aamc.org/medical-school-admission-requirements/medical-school-admission-requirements-reports-applicants-and-advisors,data/raw/aamc/msar_reports/11_msar003-msar-latest-and-oldest-mcat-administration-dates-considered.pdf,82,8,51.363,NC,Wake Forest University School of Medicine,Wake Forest University School of Medicine,"September 12, 2026",January 2023,
aamc_msar_mcat_dates,AAMC MSAR Advisor Reports,https://students-residents.aamc.org/medical-school-admission-requirements/medical-school-admission-requirements-reports-applicants-and-advisors,data/raw/aamc/msar_reports/11_msar003-msar-latest-and-oldest-mcat-administration-dates-considered.pdf,83,10,663.044,ND,University of North Dakota School of Medicine and Health Sciences,University of North Dakota School of Medicine and Health Sciences,"September 14, 2026",September 2024,
aamc_msar_mcat_dates,AAMC MSAR Advisor Reports,https://students-residents.aamc.org/medical-school-admission-requirements/medical-school-admission-requirements-reports-applicants-and-advisors,data/raw/aamc/msar_reports/11_msar003-msar-latest-and-oldest-mcat-administration-dates-considered.pdf,84,10,647.924,NE,Creighton University School of Medicine,Creighton University School of Medicine,"September 30, 2026",January 2024,
aamc_msar_mcat_dates,AAMC MSAR Advisor Reports,https://students-residents.aamc.org/medical-school-admission-requirements/medical-school-admission-requirements-reports-applicants-and-advisors,data/raw/aamc/msar_reports/11_msar003-msar-latest-and-oldest-mcat-administration-dates-considered.pdf,85,10,632.804,NE,University of Nebraska College of Medicine,University of Nebraska College of Medicine,"September 12, 2026",January 2023,
aamc_msar_mcat_dates,AAMC MSAR Advisor Reports,https://students-residents.aamc.org/medical-school-admission-requirements/medical-school-admission-requirements-reports-applicants-and-advisors,data/raw/aamc/msar_reports/11_msar003-msar-latest-and-oldest-mcat-administration-dates-considered.pdf,86,10,617.684,NH,Geisel School of Medicine at Dartmouth,Geisel School of Medicine at Dartmouth,"September 30, 2026",January 2024,
aamc_msar_mcat_dates,AAMC MSAR Advisor Reports,https://students-residents.aamc.org/medical-school-admission-requirements/medical-school-admission-requirements-reports-applicants-and-advisors,data/raw/aamc/msar_reports/11_msar003-msar-latest-and-oldest-mcat-administration-dates-considered.pdf,87,10,602.564,NJ,Cooper Medical School of Rowan University,Cooper Medical School of Rowan University,"September 30, 2026",April 2023,
aamc_msar_mcat_dates,AAMC MSAR Advisor Reports,https://students-residents.aamc.org/medical-school-admission-requirements/medical-school-admission-requirements-reports-applicants-and-advisors,data/raw/aamc/msar_reports/11_msar003-msar-latest-and-oldest-mcat-administration-dates-considered.pdf,88,10,587.444,NJ,Hackensack Meridian School of Medicine,Hackensack Meridian School of Medicine,"September 30, 2026",September 2023,
aamc_msar_mcat_dates,AAMC MSAR Advisor Reports,https://students-residents.aamc.org/medical-school-admission-requirements/medical-school-admission-requirements-reports-applicants-and-advisors,data/raw/aamc/msar_reports/11_msar003-msar-latest-and-oldest-mcat-administration-dates-considered.pdf,89,10,572.324,NJ,Rutgers New Jersey Medical School,Rutgers New Jersey Medical School,"December 31, 2026",December 2021,
aamc_msar_mcat_dates,AAMC MSAR Advisor Reports,https://students-residents.aamc.org/medical-school-admission-requirements/medical-school-admission-requirements-reports-applicants-and-advisors,data/raw/aamc/msar_reports/11_msar003-msar-latest-and-oldest-mcat-administration-dates-considered.pdf,90,10,557.204,NJ,"Rutgers, Robert Wood Johnson Medical School","Rutgers, Robert Wood Johnson Medical School","September 12, 2026",May 2023,
aamc_msar_mcat_dates,AAMC MSAR Advisor Reports,https://students-residents.aamc.org/medical-school-admission-requirements/medical-school-admission-requirements-reports-applicants-and-advisors,data/raw/aamc/msar_reports/11_msar003-msar-latest-and-oldest-mcat-administration-dates-considered.pdf,91,10,542.084,NM,University of New Mexico School of Medicine,University of New Mexico School of Medicine,"September 12, 2026",January 2023,
aamc_msar_mcat_dates,AAMC MSAR Advisor Reports,https://students-residents.aamc.org/medical-school-admission-requirements/medical-school-admission-requirements-reports-applicants-and-advisors,data/raw/aamc/msar_reports/11_msar003-msar-latest-and-oldest-mcat-administration-dates-considered.pdf,92,10,526.964,NV,Kirk Kerkorian School of Medicine at UNLV,Kirk Kerkorian School of Medicine at UNLV,"October 01, 2026",October 2023,
aamc_msar_mcat_dates,AAMC MSAR Advisor Reports,https://students-residents.aamc.org/medical-school-admission-requirements/medical-school-admission-requirements-reports-applicants-and-advisors,data/raw/aamc/msar_reports/11_msar003-msar-latest-and-oldest-mcat-administration-dates-considered.pdf,93,10,511.843,NV,Roseman University College of Medicine,Roseman University College of Medicine,"January 28, 2027",April 2023,
aamc_msar_mcat_dates,AAMC MSAR Advisor Reports,https://students-residents.aamc.org/medical-school-admission-requirements/medical-school-admission-requirements-reports-applicants-and-advisors,data/raw/aamc/msar_reports/11_msar003-msar-latest-and-oldest-mcat-administration-dates-considered.pdf,94,10,496.723,NV,"University of Nevada, Reno School of Medicine","University of Nevada, Reno School of Medicine","October 01, 2026",December 2015,
aamc_msar_mcat_dates,AAMC MSAR Advisor Reports,https://students-residents.aamc.org/medical-school-admission-requirements/medical-school-admission-requirements-reports-applicants-and-advisors,data/raw/aamc/msar_reports/11_msar003-msar-latest-and-oldest-mcat-administration-dates-considered.pdf,95,10,481.604,NY,Albany Medical College,Albany Medical College,"October 01, 2026",January 2023,
aamc_msar_mcat_dates,AAMC MSAR Advisor Reports,https://students-residents.aamc.org/medical-school-admission-requirements/medical-school-admission-requirements-reports-applicants-and-advisors,data/raw/aamc/msar_reports/11_msar003-msar-latest-and-oldest-mcat-administration-dates-considered.pdf,96,10,466.484,NY,Albert Einstein College of Medicine,Albert Einstein College of Medicine,"September 13, 2026",September 2023,
aamc_msar_mcat_dates,AAMC MSAR Advisor Reports,https://students-residents.aamc.org/medical-school-admission-requirements/medical-school-admission-requirements-reports-applicants-and-advisors,data/raw/aamc/msar_reports/11_msar003-msar-latest-and-oldest-mcat-administration-dates-considered.pdf,97,10,451.364,NY,Columbia University Vagelos College of Physicians and Surgeons,Columbia University Vagelos College of Physicians and Surgeons,"September 12, 2026",January 2023,
aamc_msar_mcat_dates,AAMC MSAR Advisor Reports,https://students-residents.aamc.org/medical-school-admission-requirements/medical-school-admission-requirements-reports-applicants-and-advisors,data/raw/aamc/msar_reports/11_msar003-msar-latest-and-oldest-mcat-administration-dates-considered.pdf,98,10,436.244,NY,CUNY School of Medicine,CUNY School of Medicine,,,
aamc_msar_mcat_dates,AAMC MSAR Advisor Reports,https://students-residents.aamc.org/medical-school-admission-requirements/medical-school-admission-requirements-reports-applicants-and-advisors,data/raw/aamc/msar_reports/11_msar003-msar-latest-and-oldest-mcat-administration-dates-considered.pdf,99,10,421.124,NY,Donald and Barbara Zucker School of Medicine at Hofstra/Northwell,Donald and Barbara Zucker School of Medicine at Hofstra/Northwell,"September 12, 2026",January 2023,
aamc_msar_mcat_dates,AAMC MSAR Advisor Reports,https://students-residents.aamc.org/medical-school-admission-requirements/medical-school-admission-requirements-reports-applicants-and-advisors,data/raw/aamc/msar_reports/11_msar003-msar-latest-and-oldest-mcat-administration-dates-considered.pdf,100,10,406.003,NY,Icahn School of Medicine at Mount Sinai,Icahn School of Medicine at Mount Sinai,"September 04, 2026",January 2021,
aamc_msar_mcat_dates,AAMC MSAR Advisor Reports,https://students-residents.aamc.org/medical-school-admission-requirements/medical-school-admission-requirements-reports-applicants-and-advisors,data/raw/aamc/msar_reports/11_msar003-msar-latest-and-oldest-mcat-administration-dates-considered.pdf,101,10,390.884,NY,Jacobs School of Medicine and Biomedical Sciences at the University at Buffalo,Jacobs School of Medicine and Biomedical Sciences at the University at Buffalo,"September 12, 2026",June 2023,
aamc_msar_mcat_dates,AAMC MSAR Advisor Reports,https://students-residents.aamc.org/medical-school-admission-requirements/medical-school-admission-requirements-reports-applicants-and-advisors,data/raw/aamc/msar_reports/11_msar003-msar-latest-and-oldest-mcat-administration-dates-considered.pdf,102,10,375.764,NY,New York Medical College,New York Medical College,"September 30, 2026",January 2024,
aamc_msar_mcat_dates,AAMC MSAR Advisor Reports,https://students-residents.aamc.org/medical-school-admission-requirements/medical-school-admission-requirements-reports-applicants-and-advisors,data/raw/aamc/msar_reports/11_msar003-msar-latest-and-oldest-mcat-administration-dates-considered.pdf,103,10,360.644,NY,NYU Grossman Long Island School of Medicine,NYU Grossman Long Island School of Medicine,"September 12, 2026",January 2024,
aamc_msar_mcat_dates,AAMC MSAR Advisor Reports,https://students-residents.aamc.org/medical-school-admission-requirements/medical-school-admission-requirements-reports-applicants-and-advisors,data/raw/aamc/msar_reports/11_msar003-msar-latest-and-oldest-mcat-administration-dates-considered.pdf,104,10,345.524,NY,NYU Grossman School of Medicine,NYU Grossman School of Medicine,"September 12, 2026",January 2024,
aamc_msar_mcat_dates,AAMC MSAR Advisor Reports,https://students-residents.aamc.org/medical-school-admission-requirements/medical-school-admission-requirements-reports-applicants-and-advisors,data/raw/aamc/msar_reports/11_msar003-msar-latest-and-oldest-mcat-administration-dates-considered.pdf,105,10,330.403,NY,Renaissance School of Medicine at Stony Brook University,Renaissance School of Medicine at Stony Brook University,"September 15, 2026",January 2024,
aamc_msar_mcat_dates,AAMC MSAR Advisor Reports,https://students-residents.aamc.org/medical-school-admission-requirements/medical-school-admission-requirements-reports-applicants-and-advisors,data/raw/aamc/msar_reports/11_msar003-msar-latest-and-oldest-mcat-administration-dates-considered.pdf,106,10,308.403,NY,State University of New York Upstate Medical University Alan and Marlene Norton College of Medicine,State University of New York Upstate Medical University Alan and Marlene Norton College of Medicine,"September 01, 2026",December 2023,
aamc_msar_mcat_dates,AAMC MSAR Advisor Reports,https://students-residents.aamc.org/medical-school-admission-requirements/medical-school-admission-requirements-reports-applicants-and-advisors,data/raw/aamc/msar_reports/11_msar003-msar-latest-and-oldest-mcat-administration-dates-considered.pdf,107,10,293.283,NY,SUNY Downstate Health Sciences University College of Medicine,SUNY Downstate Health Sciences University College of Medicine,"September 12, 2026",August 2024,
aamc_msar_mcat_dates,AAMC MSAR Advisor Reports,https://students-residents.aamc.org/medical-school-admission-requirements/medical-school-admission-requirements-reports-applicants-and-advisors,data/raw/aamc/msar_reports/11_msar003-msar-latest-and-oldest-mcat-administration-dates-considered.pdf,108,10,278.163,NY,University of Rochester School of Medicine and Dentistry,University of Rochester School of Medicine and Dentistry,"September 12, 2026",August 2022,
aamc_msar_mcat_dates,AAMC MSAR Advisor Reports,https://students-residents.aamc.org/medical-school-admission-requirements/medical-school-admission-requirements-reports-applicants-and-advisors,data/raw/aamc/msar_reports/11_msar003-msar-latest-and-oldest-mcat-administration-dates-considered.pdf,109,10,263.043,NY,Weill Cornell Medicine,Weill Cornell Medicine,"September 12, 2026",January 2023,
aamc_msar_mcat_dates,AAMC MSAR Advisor Reports,https://students-residents.aamc.org/medical-school-admission-requirements/medical-school-admission-requirements-reports-applicants-and-advisors,data/raw/aamc/msar_reports/11_msar003-msar-latest-and-oldest-mcat-administration-dates-considered.pdf,110,10,247.923,OH,Case Western Reserve University School of Medicine,Case Western Reserve University School of Medicine,"September 12, 2026",January 2023,
aamc_msar_mcat_dates,AAMC MSAR Advisor Reports,https://students-residents.aamc.org/medical-school-admission-requirements/medical-school-admission-requirements-reports-applicants-and-advisors,data/raw/aamc/msar_reports/11_msar003-msar-latest-and-oldest-mcat-administration-dates-considered.pdf,111,10,232.803,OH,Northeast Ohio Medical University,Northeast Ohio Medical University,"September 30, 2026",May 2023,
aamc_msar_mcat_dates,AAMC MSAR Advisor Reports,https://students-residents.aamc.org/medical-school-admission-requirements/medical-school-admission-requirements-reports-applicants-and-advisors,data/raw/aamc/msar_reports/11_msar003-msar-latest-and-oldest-mcat-administration-dates-considered.pdf,112,10,217.683,OH,Ohio State University College of Medicine,Ohio State University College of Medicine,"September 30, 2026",January 2023,
aamc_msar_mcat_dates,AAMC MSAR Advisor Reports,https://students-residents.aamc.org/medical-school-admission-requirements/medical-school-admission-requirements-reports-applicants-and-advisors,data/raw/aamc/msar_reports/11_msar003-msar-latest-and-oldest-mcat-administration-dates-considered.pdf,113,10,202.563,OH,The University of Toledo College of Medicine and Life Sciences,The University of Toledo College of Medicine and Life Sciences,"November 01, 2026",January 2022,
aamc_msar_mcat_dates,AAMC MSAR Advisor Reports,https://students-residents.aamc.org/medical-school-admission-requirements/medical-school-admission-requirements-reports-applicants-and-advisors,data/raw/aamc/msar_reports/11_msar003-msar-latest-and-oldest-mcat-administration-dates-considered.pdf,114,10,187.443,OH,University of Cincinnati College of Medicine,University of Cincinnati College of Medicine,"July 01, 2026",June 2023,
aamc_msar_mcat_dates,AAMC MSAR Advisor Reports,https://students-residents.aamc.org/medical-school-admission-requirements/medical-school-admission-requirements-reports-applicants-and-advisors,data/raw/aamc/msar_reports/11_msar003-msar-latest-and-oldest-mcat-administration-dates-considered.pdf,115,10,172.323,OH,Wright State University Boonshoft School of Medicine,Wright State University Boonshoft School of Medicine,"September 30, 2026",June 2023,
aamc_msar_mcat_dates,AAMC MSAR Advisor Reports,https://students-residents.aamc.org/medical-school-admission-requirements/medical-school-admission-requirements-reports-applicants-and-advisors,data/raw/aamc/msar_reports/11_msar003-msar-latest-and-oldest-mcat-administration-dates-considered.pdf,116,10,157.203,OK,University of Oklahoma College of Medicine,University of Oklahoma College of Medicine,"October 15, 2026",September 2024,
aamc_msar_mcat_dates,AAMC MSAR Advisor Reports,https://students-residents.aamc.org/medical-school-admission-requirements/medical-school-admission-requirements-reports-applicants-and-advisors,data/raw/aamc/msar_reports/11_msar003-msar-latest-and-oldest-mcat-administration-dates-considered.pdf,117,10,142.083,OR,Oregon Health & Science University School of Medicine,Oregon Health & Science University School of Medicine,"December 31, 2026",January 2023,
aamc_msar_mcat_dates,AAMC MSAR Advisor Reports,https://students-residents.aamc.org/medical-school-admission-requirements/medical-school-admission-requirements-reports-applicants-and-advisors,data/raw/aamc/msar_reports/11_msar003-msar-latest-and-oldest-mcat-administration-dates-considered.pdf,118,10,126.963,PA,Drexel University College of Medicine,Drexel University College of Medicine,"September 30, 2026",January 2024,
aamc_msar_mcat_dates,AAMC MSAR Advisor Reports,https://students-residents.aamc.org/medical-school-admission-requirements/medical-school-admission-requirements-reports-applicants-and-advisors,data/raw/aamc/msar_reports/11_msar003-msar-latest-and-oldest-mcat-administration-dates-considered.pdf,119,10,111.843,PA,Geisinger Commonwealth School of Medicine,Geisinger Commonwealth School of Medicine,"September 30, 2026",June 2023,
aamc_msar_mcat_dates,AAMC MSAR Advisor Reports,https://students-residents.aamc.org/medical-school-admission-requirements/medical-school-admission-requirements-reports-applicants-and-advisors,data/raw/aamc/msar_reports/11_msar003-msar-latest-and-oldest-mcat-administration-dates-considered.pdf,120,10,96.723,PA,Lewis Katz School of Medicine at Temple University,Lewis Katz School of Medicine at Temple University,"September 12, 2026",January 2024,
aamc_msar_mcat_dates,AAMC MSAR Advisor Reports,https://students-residents.aamc.org/medical-school-admission-requirements/medical-school-admission-requirements-reports-applicants-and-advisors,data/raw/aamc/msar_reports/11_msar003-msar-latest-and-oldest-mcat-administration-dates-considered.pdf,121,10,81.603,PA,Pennsylvania State University College of Medicine,Pennsylvania State University College of Medicine,"December 15, 2026",January 2024,
aamc_msar_mcat_dates,AAMC MSAR Advisor Reports,https://students-residents.aamc.org/medical-school-admission-requirements/medical-school-admission-requirements-reports-applicants-and-advisors,data/raw/aamc/msar_reports/11_msar003-msar-latest-and-oldest-mcat-administration-dates-considered.pdf,122,10,66.483,PA,Perelman School of Medicine at the University of Pennsylvania,Perelman School of Medicine at the University of Pennsylvania,"September 30, 2026",January 2023,
aamc_msar_mcat_dates,AAMC MSAR Advisor Reports,https://students-residents.aamc.org/medical-school-admission-requirements/medical-school-admission-requirements-reports-applicants-and-advisors,data/raw/aamc/msar_reports/11_msar003-msar-latest-and-oldest-mcat-administration-dates-considered.pdf,123,10,51.363,PA,Sidney Kimmel Medical College at Thomas Jefferson University,Sidney Kimmel Medical College at Thomas Jefferson University,"September 12, 2026",January 2022,
aamc_msar_mcat_dates,AAMC MSAR Advisor Reports,https://students-residents.aamc.org/medical-school-admission-requirements/medical-school-admission-requirements-reports-applicants-and-advisors,data/raw/aamc/msar_reports/11_msar003-msar-latest-and-oldest-mcat-administration-dates-considered.pdf,124,12,663.044,PA,University of Pittsburgh School of Medicine,University of Pittsburgh School of Medicine,"October 15, 2026",January 2023,
aamc_msar_mcat_dates,AAMC MSAR Advisor Reports,https://students-residents.aamc.org/medical-school-admission-requirements/medical-school-admission-requirements-reports-applicants-and-advisors,data/raw/aamc/msar_reports/11_msar003-msar-latest-and-oldest-mcat-administration-dates-considered.pdf,125,12,647.924,PR,Ponce Health Sciences University School of Medicine,Ponce Health Sciences University School of Medicine,"January 31, 2027",January 2022,
aamc_msar_mcat_dates,AAMC MSAR Advisor Reports,https://students-residents.aamc.org/medical-school-admission-requirements/medical-school-admission-requirements-reports-applicants-and-advisors,data/raw/aamc/msar_reports/11_msar003-msar-latest-and-oldest-mcat-administration-dates-considered.pdf,126,12,632.804,PR,San Juan Bautista School of Medicine,San Juan Bautista School of Medicine,"January 25, 2027",January 2024,
aamc_msar_mcat_dates,AAMC MSAR Advisor Reports,https://students-residents.aamc.org/medical-school-admission-requirements/medical-school-admission-requirements-reports-applicants-and-advisors,data/raw/aamc/msar_reports/11_msar003-msar-latest-and-oldest-mcat-administration-dates-considered.pdf,127,12,617.684,PR,Universidad Central del Caribe School of Medicine,Universidad Central del Caribe School of Medicine,"January 22, 2027",January 2025,
aamc_msar_mcat_dates,AAMC MSAR Advisor Reports,https://students-residents.aamc.org/medical-school-admission-requirements/medical-school-admission-requirements-reports-applicants-and-advisors,data/raw/aamc/msar_reports/11_msar003-msar-latest-and-oldest-mcat-administration-dates-considered.pdf,128,12,602.564,PR,University of Puerto Rico School of Medicine,University of Puerto Rico School of Medicine,"September 30, 2026",September 2023,
aamc_msar_mcat_dates,AAMC MSAR Advisor Reports,https://students-residents.aamc.org/medical-school-admission-requirements/medical-school-admission-requirements-reports-applicants-and-advisors,data/raw/aamc/msar_reports/11_msar003-msar-latest-and-oldest-mcat-administration-dates-considered.pdf,129,12,587.444,RI,The Warren Alpert Medical School of Brown University,The Warren Alpert Medical School of Brown University,"September 12, 2026",January 2024,
aamc_msar_mcat_dates,AAMC MSAR Advisor Reports,https://students-residents.aamc.org/medical-school-admission-requirements/medical-school-admission-requirements-reports-applicants-and-advisors,data/raw/aamc/msar_reports/11_msar003-msar-latest-and-oldest-mcat-administration-dates-considered.pdf,130,12,572.324,SC,Medical University of South Carolina College of Medicine,Medical University of South Carolina College of Medicine,"September 12, 2026",May 2023,
aamc_msar_mcat_dates,AAMC MSAR Advisor Reports,https://students-residents.aamc.org/medical-school-admission-requirements/medical-school-admission-requirements-reports-applicants-and-advisors,data/raw/aamc/msar_reports/11_msar003-msar-latest-and-oldest-mcat-administration-dates-considered.pdf,131,12,557.204,SC,University of South Carolina School of Medicine Columbia,University of South Carolina School of Medicine Columbia,"September 12, 2026",September 2023,
aamc_msar_mcat_dates,AAMC MSAR Advisor Reports,https://students-residents.aamc.org/medical-school-admission-requirements/medical-school-admission-requirements-reports-applicants-and-advisors,data/raw/aamc/msar_reports/11_msar003-msar-latest-and-oldest-mcat-administration-dates-considered.pdf,132,12,542.084,SC,University of South Carolina School of Medicine Greenville,University of South Carolina School of Medicine Greenville,"January 08, 2027",September 2024,
aamc_msar_mcat_dates,AAMC MSAR Advisor Reports,https://students-residents.aamc.org/medical-school-admission-requirements/medical-school-admission-requirements-reports-applicants-and-advisors,data/raw/aamc/msar_reports/11_msar003-msar-latest-and-oldest-mcat-administration-dates-considered.pdf,133,12,526.964,SD,"University of South Dakota, Sanford School of Medicine","University of South Dakota, Sanford School of Medicine","October 31, 2026",November 2023,
aamc_msar_mcat_dates,AAMC MSAR Advisor Reports,https://students-residents.aamc.org/medical-school-admission-requirements/medical-school-admission-requirements-reports-applicants-and-advisors,data/raw/aamc/msar_reports/11_msar003-msar-latest-and-oldest-mcat-administration-dates-considered.pdf,134,12,511.844,TN,East Tennessee State University James H. Quillen College of Medicine,East Tennessee State University James H. Quillen College of Medicine,"September 12, 2026",January 2023,
aamc_msar_mcat_dates,AAMC MSAR Advisor Reports,https://students-residents.aamc.org/medical-school-admission-requirements/medical-school-admission-requirements-reports-applicants-and-advisors,data/raw/aamc/msar_reports/11_msar003-msar-latest-and-oldest-mcat-administration-dates-considered.pdf,135,12,496.724,TN,Meharry Medical College,Meharry Medical College,"September 12, 2026",September 2023,
aamc_msar_mcat_dates,AAMC MSAR Advisor Reports,https://students-residents.aamc.org/medical-school-admission-requirements/medical-school-admission-requirements-reports-applicants-and-advisors,data/raw/aamc/msar_reports/11_msar003-msar-latest-and-oldest-mcat-administration-dates-considered.pdf,136,12,481.604,TN,"Thomas F. Frist, Jr. College of Medicine at Belmont University","Thomas F. Frist, Jr. College of Medicine at Belmont University","September 30, 2026",January 2024,
aamc_msar_mcat_dates,AAMC MSAR Advisor Reports,https://students-residents.aamc.org/medical-school-admission-requirements/medical-school-admission-requirements-reports-applicants-and-advisors,data/raw/aamc/msar_reports/11_msar003-msar-latest-and-oldest-mcat-administration-dates-considered.pdf,137,12,466.484,TN,University of Tennessee Health Science Center College of Medicine,University of Tennessee Health Science Center College of Medicine,"September 30, 2026",October 2021,
aamc_msar_mcat_dates,AAMC MSAR Advisor Reports,https://students-residents.aamc.org/medical-school-admission-requirements/medical-school-admission-requirements-reports-applicants-and-advisors,data/raw/aamc/msar_reports/11_msar003-msar-latest-and-oldest-mcat-administration-dates-considered.pdf,138,12,451.364,TN,Vanderbilt University School of Medicine,Vanderbilt University School of Medicine,"September 12, 2026",January 2023,
aamc_msar_mcat_dates,AAMC MSAR Advisor Reports,https://students-residents.aamc.org/medical-school-admission-requirements/medical-school-admission-requirements-reports-applicants-and-advisors,data/raw/aamc/msar_reports/11_msar003-msar-latest-and-oldest-mcat-administration-dates-considered.pdf,139,12,436.244,TX,Anne Burnett Marion School of Medicine at TCU,Anne Burnett Marion School of Medicine at TCU,"September 12, 2026",January 2024,
aamc_msar_mcat_dates,AAMC MSAR Advisor Reports,https://students-residents.aamc.org/medical-school-admission-requirements/medical-school-admission-requirements-reports-applicants-and-advisors,data/raw/aamc/msar_reports/11_msar003-msar-latest-and-oldest-mcat-administration-dates-considered.pdf,140,12,421.124,TX,Baylor College of Medicine,Baylor College of Medicine,"September 13, 2027",September 2024,
aamc_msar_mcat_dates,AAMC MSAR Advisor Reports,https://students-residents.aamc.org/medical-school-admission-requirements/medical-school-admission-requirements-reports-applicants-and-advisors,data/raw/aamc/msar_reports/11_msar003-msar-latest-and-oldest-mcat-administration-dates-considered.pdf,141,12,406.004,TX,McGovern Medical School at the University of Texas Health Science Center at Houston,McGovern Medical School at the University of Texas Health Science Center at Houston,"September 15, 2026",September 2022,
aamc_msar_mcat_dates,AAMC MSAR Advisor Reports,https://students-residents.aamc.org/medical-school-admission-requirements/medical-school-admission-requirements-reports-applicants-and-advisors,data/raw/aamc/msar_reports/11_msar003-msar-latest-and-oldest-mcat-administration-dates-considered.pdf,142,12,390.884,TX,Texas A&M University School of Medicine,Texas A&M University School of Medicine,"September 30, 2026",September 2021,
aamc_msar_mcat_dates,AAMC MSAR Advisor Reports,https://students-residents.aamc.org/medical-school-admission-requirements/medical-school-admission-requirements-reports-applicants-and-advisors,data/raw/aamc/msar_reports/11_msar003-msar-latest-and-oldest-mcat-administration-dates-considered.pdf,143,12,375.764,TX,Texas Tech University Health Sciences Center Paul L. Foster School of Medicine,Texas Tech University Health Sciences Center Paul L. Foster School of Medicine,"September 01, 2026",January 2021,
aamc_msar_mcat_dates,AAMC MSAR Advisor Reports,https://students-residents.aamc.org/medical-school-admission-requirements/medical-school-admission-requirements-reports-applicants-and-advisors,data/raw/aamc/msar_reports/11_msar003-msar-latest-and-oldest-mcat-administration-dates-considered.pdf,144,12,360.644,TX,Texas Tech University Health Sciences Center School of Medicine,Texas Tech University Health Sciences Center School of Medicine,"September 30, 2026",August 2022,
aamc_msar_mcat_dates,AAMC MSAR Advisor Reports,https://students-residents.aamc.org/medical-school-admission-requirements/medical-school-admission-requirements-reports-applicants-and-advisors,data/raw/aamc/msar_reports/11_msar003-msar-latest-and-oldest-mcat-administration-dates-considered.pdf,145,12,345.524,TX,The University of Texas at Tyler School of Medicine,The University of Texas at Tyler School of Medicine,"November 13, 2026",June 2022,
aamc_msar_mcat_dates,AAMC MSAR Advisor Reports,https://students-residents.aamc.org/medical-school-admission-requirements/medical-school-admission-requirements-reports-applicants-and-advisors,data/raw/aamc/msar_reports/11_msar003-msar-latest-and-oldest-mcat-administration-dates-considered.pdf,146,12,323.523,TX,The University of Texas Health Science Center at San Antonio Joe R. and Teresa Lozano Long School of Medicine,The University of Texas Health Science Center at San Antonio Joe R. and Teresa Lozano Long School of Medicine,"September 12, 2026",September 2023,
aamc_msar_mcat_dates,AAMC MSAR Advisor Reports,https://students-residents.aamc.org/medical-school-admission-requirements/medical-school-admission-requirements-reports-applicants-and-advisors,data/raw/aamc/msar_reports/11_msar003-msar-latest-and-oldest-mcat-administration-dates-considered.pdf,147,12,308.403,TX,University of Houston Tilman J. Fertitta Family College of Medicine,University of Houston Tilman J. Fertitta Family College of Medicine,"September 30, 2026",September 2021,
aamc_msar_mcat_dates,AAMC MSAR Advisor Reports,https://students-residents.aamc.org/medical-school-admission-requirements/medical-school-admission-requirements-reports-applicants-and-advisors,data/raw/aamc/msar_reports/11_msar003-msar-latest-and-oldest-mcat-administration-dates-considered.pdf,148,12,293.283,TX,University of Texas at Austin Dell Medical School,University of Texas at Austin Dell Medical School,"September 30, 2026",January 2022,
aamc_msar_mcat_dates,AAMC MSAR Advisor Reports,https://students-residents.aamc.org/medical-school-admission-requirements/medical-school-admission-requirements-reports-applicants-and-advisors,data/raw/aamc/msar_reports/11_msar003-msar-latest-and-oldest-mcat-administration-dates-considered.pdf,149,12,278.163,TX,University of Texas Medical Branch John Sealy School of Medicine,University of Texas Medical Branch John Sealy School of Medicine,"November 06, 2026",January 2022,
aamc_msar_mcat_dates,AAMC MSAR Advisor Reports,https://students-residents.aamc.org/medical-school-admission-requirements/medical-school-admission-requirements-reports-applicants-and-advisors,data/raw/aamc/msar_reports/11_msar003-msar-latest-and-oldest-mcat-administration-dates-considered.pdf,150,12,263.043,TX,University of Texas Rio Grande Valley School of Medicine,University of Texas Rio Grande Valley School of Medicine,"September 30, 2026",January 2024,
aamc_msar_mcat_dates,AAMC MSAR Advisor Reports,https://students-residents.aamc.org/medical-school-admission-requirements/medical-school-admission-requirements-reports-applicants-and-advisors,data/raw/aamc/msar_reports/11_msar003-msar-latest-and-oldest-mcat-administration-dates-considered.pdf,151,12,247.923,TX,University of Texas Southwestern Medical School,University of Texas Southwestern Medical School,"October 01, 2026",August 2022,
aamc_msar_mcat_dates,AAMC MSAR Advisor Reports,https://students-residents.aamc.org/medical-school-admission-requirements/medical-school-admission-requirements-reports-applicants-and-advisors,data/raw/aamc/msar_reports/11_msar003-msar-latest-and-oldest-mcat-administration-dates-considered.pdf,152,12,232.803,UT,Spencer Fox Eccles School of Medicine at the University of Utah,Spencer Fox Eccles School of Medicine at the University of Utah,"August 31, 2026",January 2023,
aamc_msar_mcat_dates,AAMC MSAR Advisor Reports,https://students-residents.aamc.org/medical-school-admission-requirements/medical-school-admission-requirements-reports-applicants-and-advisors,data/raw/aamc/msar_reports/11_msar003-msar-latest-and-oldest-mcat-administration-dates-considered.pdf,153,12,217.683,VA,Eastern Virginia Medical School,Eastern Virginia Medical School,"September 12, 2026",January 2024,
aamc_msar_mcat_dates,AAMC MSAR Advisor Reports,https://students-residents.aamc.org/medical-school-admission-requirements/medical-school-admission-requirements-reports-applicants-and-advisors,data/raw/aamc/msar_reports/11_msar003-msar-latest-and-oldest-mcat-administration-dates-considered.pdf,154,12,202.563,VA,University of Virginia School of Medicine,University of Virginia School of Medicine,"September 30, 2026",April 2024,
aamc_msar_mcat_dates,AAMC MSAR Advisor Reports,https://students-residents.aamc.org/medical-school-admission-requirements/medical-school-admission-requirements-reports-applicants-and-advisors,data/raw/aamc/msar_reports/11_msar003-msar-latest-and-oldest-mcat-administration-dates-considered.pdf,155,12,187.443,VA,Virginia Commonwealth University School of Medicine,Virginia Commonwealth University School of Medicine,"September 12, 2026",September 2024,
aamc_msar_mcat_dates,AAMC MSAR Advisor Reports,https://students-residents.aamc.org/medical-school-admission-requirements/medical-school-admission-requirements-reports-applicants-and-advisors,data/raw/aamc/msar_reports/11_msar003-msar-latest-and-oldest-mcat-administration-dates-considered.pdf,156,12,172.323,VA,Virginia Tech Carilion School of Medicine,Virginia Tech Carilion School of Medicine,"October 01, 2026",January 2023,
aamc_msar_mcat_dates,AAMC MSAR Advisor Reports,https://students-residents.aamc.org/medical-school-admission-requirements/medical-school-admission-requirements-reports-applicants-and-advisors,data/raw/aamc/msar_reports/11_msar003-msar-latest-and-oldest-mcat-administration-dates-considered.pdf,157,12,157.203,VT,"Robert Larner, M.D., College of Medicine at the University of Vermont","Robert Larner, M.D., College of Medicine at the University of Vermont","September 12, 2026",January 2023,
aamc_msar_mcat_dates,AAMC MSAR Advisor Reports,https://students-residents.aamc.org/medical-school-admission-requirements/medical-school-admission-requirements-reports-applicants-and-advisors,data/raw/aamc/msar_reports/11_msar003-msar-latest-and-oldest-mcat-administration-dates-considered.pdf,158,12,142.083,WA,University of Washington School of Medicine,University of Washington School of Medicine,"September 30, 2026",January 2024,
aamc_msar_mcat_dates,AAMC MSAR Advisor Reports,https://students-residents.aamc.org/medical-school-admission-requirements/medical-school-admission-requirements-reports-applicants-and-advisors,data/raw/aamc/msar_reports/11_msar003-msar-latest-and-oldest-mcat-administration-dates-considered.pdf,159,12,126.963,WA,Washington State University Elson S. Floyd College of Medicine,Washington State University Elson S. Floyd College of Medicine,"November 27, 2026",August 2023,
aamc_msar_mcat_dates,AAMC MSAR Advisor Reports,https://students-residents.aamc.org/medical-school-admission-requirements/medical-school-admission-requirements-reports-applicants-and-advisors,data/raw/aamc/msar_reports/11_msar003-msar-latest-and-oldest-mcat-administration-dates-considered.pdf,160,12,111.843,WI,Medical College of Wisconsin,Medical College of Wisconsin,"September 12, 2026",January 2024,
aamc_msar_mcat_dates,AAMC MSAR Advisor Reports,https://students-residents.aamc.org/medical-school-admission-requirements/medical-school-admission-requirements-reports-applicants-and-advisors,data/raw/aamc/msar_reports/11_msar003-msar-latest-and-oldest-mcat-administration-dates-considered.pdf,161,12,96.723,WI,University of Wisconsin School of Medicine and Public Health,University of Wisconsin School of Medicine and Public Health,"August 22, 2026",January 2023,
aamc_msar_mcat_dates,AAMC MSAR Advisor Reports,https://students-residents.aamc.org/medical-school-admission-requirements/medical-school-admission-requirements-reports-applicants-and-advisors,data/raw/aamc/msar_reports/11_msar003-msar-latest-and-oldest-mcat-administration-dates-considered.pdf,162,12,81.603,WV,Marshall University Joan C. Edwards School of Medicine,Marshall University Joan C. Edwards School of Medicine,"September 15, 2026",January 2023,
aamc_msar_mcat_dates,AAMC MSAR Advisor Reports,https://students-residents.aamc.org/medical-school-admission-requirements/medical-school-admission-requirements-reports-applicants-and-advisors,data/raw/aamc/msar_reports/11_msar003-msar-latest-and-oldest-mcat-administration-dates-considered.pdf,163,12,66.483,WV,West Virginia University School of Medicine,West Virginia University School of Medicine,"September 30, 2026",September 2023,
aamc_msar_mcat_dates,AAMC MSAR Advisor Reports,https://students-residents.aamc.org/medical-school-admission-requirements/medical-school-admission-requirements-reports-applicants-and-advisors,data/raw/aamc/msar_reports/11_msar003-msar-latest-and-oldest-mcat-administration-dates-considered.pdf,164,14,663.043,BC,University of British Columbia Faculty of Medicine,University of British Columbia Faculty of Medicine,"September 12, 2026",April 2015,
aamc_msar_mcat_dates,AAMC MSAR Advisor Reports,https://students-residents.aamc.org/medical-school-admission-requirements/medical-school-admission-requirements-reports-applicants-and-advisors,data/raw/aamc/msar_reports/11_msar003-msar-latest-and-oldest-mcat-administration-dates-considered.pdf,165,14,647.923,MB,"Max Rady College of Medicine, Rady Faculty of Health Sciences, University of Manitoba","Max Rady College of Medicine, Rady Faculty of Health Sciences, University of Manitoba","September 13, 2026",April 2023,
aamc_msar_mcat_dates,AAMC MSAR Advisor Reports,https://students-residents.aamc.org/medical-school-admission-requirements/medical-school-admission-requirements-reports-applicants-and-advisors,data/raw/aamc/msar_reports/11_msar003-msar-latest-and-oldest-mcat-administration-dates-considered.pdf,166,14,632.803,NL,Memorial University of Newfoundland Faculty of Medicine,Memorial University of Newfoundland Faculty of Medicine,"August 22, 2026",August 2021,
aamc_msar_mcat_dates,AAMC MSAR Advisor Reports,https://students-residents.aamc.org/medical-school-admission-requirements/medical-school-admission-requirements-reports-applicants-and-advisors,data/raw/aamc/msar_reports/11_msar003-msar-latest-and-oldest-mcat-administration-dates-considered.pdf,167,14,617.683,NS,Dalhousie University Faculty of Medicine,Dalhousie University Faculty of Medicine,"August 08, 2026",January 2021,
aamc_msar_mcat_dates,AAMC MSAR Advisor Reports,https://students-residents.aamc.org/medical-school-admission-requirements/medical-school-admission-requirements-reports-applicants-and-advisors,data/raw/aamc/msar_reports/11_msar003-msar-latest-and-oldest-mcat-administration-dates-considered.pdf,168,14,602.563,ON,McMaster University Michael G. DeGroote School of Medicine,McMaster University Michael G. DeGroote School of Medicine,"October 01, 2026",January 2021,
aamc_msar_mcat_dates,AAMC MSAR Advisor Reports,https://students-residents.aamc.org/medical-school-admission-requirements/medical-school-admission-requirements-reports-applicants-and-advisors,data/raw/aamc/msar_reports/11_msar003-msar-latest-and-oldest-mcat-administration-dates-considered.pdf,169,14,587.443,ON,Northern Ontario School of Medicine,Northern Ontario School of Medicine,,,
aamc_msar_mcat_dates,AAMC MSAR Advisor Reports,https://students-residents.aamc.org/medical-school-admission-requirements/medical-school-admission-requirements-reports-applicants-and-advisors,data/raw/aamc/msar_reports/11_msar003-msar-latest-and-oldest-mcat-administration-dates-considered.pdf,170,14,572.323,ON,Queen's University Faculty of Health Sciences,Queen's University Faculty of Health Sciences,"September 30, 2026",October 2021,
aamc_msar_mcat_dates,AAMC MSAR Advisor Reports,https://students-residents.aamc.org/medical-school-admission-requirements/medical-school-admission-requirements-reports-applicants-and-advisors,data/raw/aamc/msar_reports/11_msar003-msar-latest-and-oldest-mcat-administration-dates-considered.pdf,171,14,557.203,ON,The University of Western Ontario - Schulich School of Medicine & Dentistry,The University of Western Ontario - Schulich School of Medicine & Dentistry,"September 30, 2026",October 2021,
aamc_msar_mcat_dates,AAMC MSAR Advisor Reports,https://students-residents.aamc.org/medical-school-admission-requirements/medical-school-admission-requirements-reports-applicants-and-advisors,data/raw/aamc/msar_reports/11_msar003-msar-latest-and-oldest-mcat-administration-dates-considered.pdf,172,14,542.083,ON,Toronto Metropolitan University School of Medicine,Toronto Metropolitan University School of Medicine,,,
aamc_msar_mcat_dates,AAMC MSAR Advisor Reports,https://students-residents.aamc.org/medical-school-admission-requirements/medical-school-admission-requirements-reports-applicants-and-advisors,data/raw/aamc/msar_reports/11_msar003-msar-latest-and-oldest-mcat-administration-dates-considered.pdf,173,14,526.963,ON,University of Ottawa Faculty of Medicine,University of Ottawa Faculty of Medicine,,,
aamc_msar_mcat_dates,AAMC MSAR Advisor Reports,https://students-residents.aamc.org/medical-school-admission-requirements/medical-school-admission-requirements-reports-applicants-and-advisors,data/raw/aamc/msar_reports/11_msar003-msar-latest-and-oldest-mcat-administration-dates-considered.pdf,174,14,511.843,ON,University of Toronto Temerty Faculty of Medicine,University of Toronto Temerty Faculty of Medicine,"September 01, 2026",October 2021,
aamc_msar_mcat_dates,AAMC MSAR Advisor Reports,https://students-residents.aamc.org/medical-school-admission-requirements/medical-school-admission-requirements-reports-applicants-and-advisors,data/raw/aamc/msar_reports/11_msar003-msar-latest-and-oldest-mcat-administration-dates-considered.pdf,175,14,496.723,QC,Universite de Montreal Faculty of Medicine,Universite de Montreal Faculty of Medicine,,,
aamc_msar_mcat_dates,AAMC MSAR Advisor Reports,https://students-residents.aamc.org/medical-school-admission-requirements/medical-school-admission-requirements-reports-applicants-and-advisors,data/raw/aamc/msar_reports/11_msar003-msar-latest-and-oldest-mcat-administration-dates-considered.pdf,176,14,481.603,SK,University of Saskatchewan College of Medicine,University of Saskatchewan College of Medicine,"August 28, 2026",January 2022,
