source_key,source_name,source_url,pdf_file,source_row_number,stream_index,row_y,state,school_name_raw,school_name_clean,in_state_total_cost_of_attendance_raw,in_state_total_cost_of_attendance,in_state_tuition_fees_raw,in_state_tuition_fees,in_state_health_insurance_raw,in_state_health_insurance,out_state_total_cost_of_attendance_raw,out_state_total_cost_of_attendance,out_state_tuition_fees_raw,out_state_tuition_fees,out_state_health_insurance_raw,out_state_health_insurance,in_state_tuition_fees_insurance,out_state_tuition_fees_insurance,report_year,academic_year,notes
aamc_msar_tuition_fees_insurance,"AAMC MSAR Tuition, Fees and Insurance Information",https://students-residents.aamc.org/medical-school-admission-requirements/medical-school-admission-requirements-reports-applicants-and-advisors,data/raw/aamc/msar_reports/19_msar015-msar-tuition-fees-and-insurance-information.pdf,1,4,463.622,AL,Frederick P. Whiddon College of Medicine at the University of South Alabama,Frederick P. Whiddon College of Medicine at the University of South Alabama,"$69,123",69123,"$36,198",36198,"$3,457",3457,"$104,356",104356,"$71,431",71431,"$3,457",3457,39655,74888,2027,2024-2025,
aamc_msar_tuition_fees_insurance,"AAMC MSAR Tuition, Fees and Insurance Information",https://students-residents.aamc.org/medical-school-admission-requirements/medical-school-admission-requirements-reports-applicants-and-advisors,data/raw/aamc/msar_reports/19_msar015-msar-tuition-fees-and-insurance-information.pdf,2,4,440.582,AL,University of Alabama at Birmingham Marnix E. Heersink School of Medicine,University of Alabama at Birmingham Marnix E. Heersink School of Medicine,"$74,582",74582,"$37,282",37282,"$3,562",3562,"$105,891",105891,"$67,786",67786,"$3,562",3562,40844,71348,2027,2024-2025,
aamc_msar_tuition_fees_insurance,"AAMC MSAR Tuition, Fees and Insurance Information",https://students-residents.aamc.org/medical-school-admission-requirements/medical-school-admission-requirements-reports-applicants-and-advisors,data/raw/aamc/msar_reports/19_msar015-msar-tuition-fees-and-insurance-information.pdf,3,4,417.542,AR,Alice L. Walton School of Medicine,Alice L. Walton School of Medicine,"$36,246",36246,$125,125,"$2,265",2265,"$36,246",36246,$125,125,"$2,265",2265,2390,2390,2027,2024-2025,
aamc_msar_tuition_fees_insurance,"AAMC MSAR Tuition, Fees and Insurance Information",https://students-residents.aamc.org/medical-school-admission-requirements/medical-school-admission-requirements-reports-applicants-and-advisors,data/raw/aamc/msar_reports/19_msar015-msar-tuition-fees-and-insurance-information.pdf,4,4,394.502,AR,University of Arkansas for Medical Sciences College of Medicine,University of Arkansas for Medical Sciences College of Medicine,"$72,446",72446,"$38,550",38550,"$3,612",3612,"$106,510",106510,"$72,614",72614,"$3,612",3612,42162,76226,2027,2024-2025,
aamc_msar_tuition_fees_insurance,"AAMC MSAR Tuition, Fees and Insurance Information",https://students-residents.aamc.org/medical-school-admission-requirements/medical-school-admission-requirements-reports-applicants-and-advisors,data/raw/aamc/msar_reports/19_msar015-msar-tuition-fees-and-insurance-information.pdf,5,4,371.462,AZ,Arizona State University School of Medicine and Advanced Medical Engineering (SOMME),Arizona State University School of Medicine and Advanced Medical Engineering (SOMME),$0,0,$0,0,$0,0,$0,0,$0,0,$0,0,0,0,2027,2024-2025,all reported cost fields are zero
aamc_msar_tuition_fees_insurance,"AAMC MSAR Tuition, Fees and Insurance Information",https://students-residents.aamc.org/medical-school-admission-requirements/medical-school-admission-requirements-reports-applicants-and-advisors,data/raw/aamc/msar_reports/19_msar015-msar-tuition-fees-and-insurance-information.pdf,6,4,348.422,AZ,University of Arizona College of Medicine,University of Arizona College of Medicine,"$78,490",78490,"$40,990",40990,"$2,800",2800,"$98,143",98143,"$60,643",60643,"$2,800",2800,43790,63443,2027,2024-2025,
aamc_msar_tuition_fees_insurance,"AAMC MSAR Tuition, Fees and Insurance Information",https://students-residents.aamc.org/medical-school-admission-requirements/medical-school-admission-requirements-reports-applicants-and-advisors,data/raw/aamc/msar_reports/19_msar015-msar-tuition-fees-and-insurance-information.pdf,7,4,325.382,AZ,University of Arizona College of Medicine - Phoenix,University of Arizona College of Medicine - Phoenix,"$84,651",84651,"$41,361",41361,"$2,770",2770,"$103,982",103982,"$60,692",60692,"$2,770",2770,44131,63462,2027,2024-2025,
aamc_msar_tuition_fees_insurance,"AAMC MSAR Tuition, Fees and Insurance Information",https://students-residents.aamc.org/medical-school-admission-requirements/medical-school-admission-requirements-reports-applicants-and-advisors,data/raw/aamc/msar_reports/19_msar015-msar-tuition-fees-and-insurance-information.pdf,8,4,302.342,CA,California Northstate University College of Medicine,California Northstate University College of Medicine,"$113,663",113663,"$78,372",78372,"$3,529",3529,"$113,663",113663,"$78,372",78372,"$3,529",3529,81901,81901,2027,2024-2025,
aamc_msar_tuition_fees_insurance,"AAMC MSAR Tuition, Fees and Insurance Information",https://students-residents.aamc.org/medical-school-admission-requirements/medical-school-admission-requirements-reports-applicants-and-advisors,data/raw/aamc/msar_reports/19_msar015-msar-tuition-fees-and-insurance-information.pdf,9,4,279.302,CA,California University of Science and Medicine-School of Medicine,California University of Science and Medicine-School of Medicine,"$115,072",115072,"$74,500",74500,"$5,482",5482,"$115,072",115072,"$74,500",74500,"$5,482",5482,79982,79982,2027,2024-2025,
aamc_msar_tuition_fees_insurance,"AAMC MSAR Tuition, Fees and Insurance Information",https://students-residents.aamc.org/medical-school-admission-requirements/medical-school-admission-requirements-reports-applicants-and-advisors,data/raw/aamc/msar_reports/19_msar015-msar-tuition-fees-and-insurance-information.pdf,10,4,256.262,CA,Charles R. Drew University of Medicine and Science College of Medicine,Charles R. Drew University of Medicine and Science College of Medicine,"$137,117",137117,"$71,616",71616,"$5,066",5066,"$137,117",137117,"$71,616",71616,"$5,066",5066,76682,76682,2027,2024-2025,
aamc_msar_tuition_fees_insurance,"AAMC MSAR Tuition, Fees and Insurance Information",https://students-residents.aamc.org/medical-school-admission-requirements/medical-school-admission-requirements-reports-applicants-and-advisors,data/raw/aamc/msar_reports/19_msar015-msar-tuition-fees-and-insurance-information.pdf,11,4,233.222,CA,Kaiser Permanente Bernard J. Tyson School of Medicine,Kaiser Permanente Bernard J. Tyson School of Medicine,"$39,636",39636,$0,0,$0,0,"$39,636",39636,$0,0,$0,0,0,0,2027,2024-2025,
aamc_msar_tuition_fees_insurance,"AAMC MSAR Tuition, Fees and Insurance Information",https://students-residents.aamc.org/medical-school-admission-requirements/medical-school-admission-requirements-reports-applicants-and-advisors,data/raw/aamc/msar_reports/19_msar015-msar-tuition-fees-and-insurance-information.pdf,12,4,210.182,CA,Keck School of Medicine of the University of Southern California,Keck School of Medicine of the University of Southern California,"$114,717",114717,"$76,191",76191,"$3,522",3522,"$114,717",114717,"$76,191",76191,"$3,522",3522,79713,79713,2027,2024-2025,
aamc_msar_tuition_fees_insurance,"AAMC MSAR Tuition, Fees and Insurance Information",https://students-residents.aamc.org/medical-school-admission-requirements/medical-school-admission-requirements-reports-applicants-and-advisors,data/raw/aamc/msar_reports/19_msar015-msar-tuition-fees-and-insurance-information.pdf,13,4,187.142,CA,Loma Linda University School of Medicine,Loma Linda University School of Medicine,"$108,520",108520,"$71,832",71832,$0,0,"$108,520",108520,"$71,832",71832,$0,0,71832,71832,2027,2024-2025,
aamc_msar_tuition_fees_insurance,"AAMC MSAR Tuition, Fees and Insurance Information",https://students-residents.aamc.org/medical-school-admission-requirements/medical-school-admission-requirements-reports-applicants-and-advisors,data/raw/aamc/msar_reports/19_msar015-msar-tuition-fees-and-insurance-information.pdf,14,4,164.102,CA,Stanford University School of Medicine,Stanford University School of Medicine,"$121,282",121282,"$70,915",70915,"$8,232",8232,"$121,282",121282,"$70,915",70915,"$8,232",8232,79147,79147,2027,2024-2025,
aamc_msar_tuition_fees_insurance,"AAMC MSAR Tuition, Fees and Insurance Information",https://students-residents.aamc.org/medical-school-admission-requirements/medical-school-admission-requirements-reports-applicants-and-advisors,data/raw/aamc/msar_reports/19_msar015-msar-tuition-fees-and-insurance-information.pdf,15,4,141.062,CA,"University of California, Davis, School of Medicine","University of California, Davis, School of Medicine","$87,708",87708,"$48,275",48275,"$8,000",8000,"$99,953",99953,"$60,520",60520,"$8,000",8000,56275,68520,2027,2024-2025,
aamc_msar_tuition_fees_insurance,"AAMC MSAR Tuition, Fees and Insurance Information",https://students-residents.aamc.org/medical-school-admission-requirements/medical-school-admission-requirements-reports-applicants-and-advisors,data/raw/aamc/msar_reports/19_msar015-msar-tuition-fees-and-insurance-information.pdf,16,4,118.022,CA,"University of California, Irvine, School of Medicine","University of California, Irvine, School of Medicine","$78,212",78212,"$43,009",43009,"$7,769",7769,"$90,457",90457,"$55,254",55254,"$7,769",7769,50778,63023,2027,2024-2025,
aamc_msar_tuition_fees_insurance,"AAMC MSAR Tuition, Fees and Insurance Information",https://students-residents.aamc.org/medical-school-admission-requirements/medical-school-admission-requirements-reports-applicants-and-advisors,data/raw/aamc/msar_reports/19_msar015-msar-tuition-fees-and-insurance-information.pdf,17,4,94.982,CA,"University of California, Los Angeles David Geffen School of Medicine","University of California, Los Angeles David Geffen School of Medicine","$97,916",97916,"$45,881",45881,"$6,882",6882,"$110,161",110161,"$58,126",58126,"$6,882",6882,52763,65008,2027,2024-2025,
aamc_msar_tuition_fees_insurance,"AAMC MSAR Tuition, Fees and Insurance Information",https://students-residents.aamc.org/medical-school-admission-requirements/medical-school-admission-requirements-reports-applicants-and-advisors,data/raw/aamc/msar_reports/19_msar015-msar-tuition-fees-and-insurance-information.pdf,18,4,71.942,CA,"University of California, Riverside School of Medicine","University of California, Riverside School of Medicine","$97,557",97557,"$42,298",42298,"$5,578",5578,"$109,802",109802,"$54,543",54543,"$5,578",5578,47876,60121,2027,2024-2025,
aamc_msar_tuition_fees_insurance,"AAMC MSAR Tuition, Fees and Insurance Information",https://students-residents.aamc.org/medical-school-admission-requirements/medical-school-admission-requirements-reports-applicants-and-advisors,data/raw/aamc/msar_reports/19_msar015-msar-tuition-fees-and-insurance-information.pdf,19,4,48.902,CA,"University of California, San Diego School of Medicine","University of California, San Diego School of Medicine","$75,043",75043,"$45,956",45956,"$5,820",5820,"$87,288",87288,"$58,201",58201,"$5,820",5820,51776,64021,2027,2024-2025,
aamc_msar_tuition_fees_insurance,"AAMC MSAR Tuition, Fees and Insurance Information",https://students-residents.aamc.org/medical-school-admission-requirements/medical-school-admission-requirements-reports-applicants-and-advisors,data/raw/aamc/msar_reports/19_msar015-msar-tuition-fees-and-insurance-information.pdf,20,8,463.622,CA,"University of California, San Francisco, School of Medicine","University of California, San Francisco, School of Medicine","$89,616",89616,"$42,540",42540,"$10,901",10901,"$101,861",101861,"$54,785",54785,"$10,901",10901,53441,65686,2027,2024-2025,
aamc_msar_tuition_fees_insurance,"AAMC MSAR Tuition, Fees and Insurance Information",https://students-residents.aamc.org/medical-school-admission-requirements/medical-school-admission-requirements-reports-applicants-and-advisors,data/raw/aamc/msar_reports/19_msar015-msar-tuition-fees-and-insurance-information.pdf,21,8,440.582,CO,University of Colorado School of Medicine,University of Colorado School of Medicine,"$88,131",88131,"$47,856",47856,"$4,200",4200,"$114,086",114086,"$73,811",73811,"$4,200",4200,52056,78011,2027,2024-2025,
aamc_msar_tuition_fees_insurance,"AAMC MSAR Tuition, Fees and Insurance Information",https://students-residents.aamc.org/medical-school-admission-requirements/medical-school-admission-requirements-reports-applicants-and-advisors,data/raw/aamc/msar_reports/19_msar015-msar-tuition-fees-and-insurance-information.pdf,22,8,417.542,CT,Frank H. Netter MD School of Medicine at Quinnipiac University,Frank H. Netter MD School of Medicine at Quinnipiac University,"$101,334",101334,"$65,690",65690,"$4,909",4909,"$101,334",101334,"$65,690",65690,"$4,909",4909,70599,70599,2027,2024-2025,
aamc_msar_tuition_fees_insurance,"AAMC MSAR Tuition, Fees and Insurance Information",https://students-residents.aamc.org/medical-school-admission-requirements/medical-school-admission-requirements-reports-applicants-and-advisors,data/raw/aamc/msar_reports/19_msar015-msar-tuition-fees-and-insurance-information.pdf,23,8,394.502,CT,University of Connecticut School of Medicine,University of Connecticut School of Medicine,"$98,525",98525,"$49,708",49708,"$3,214",3214,"$126,710",126710,"$77,893",77893,"$3,214",3214,52922,81107,2027,2024-2025,
aamc_msar_tuition_fees_insurance,"AAMC MSAR Tuition, Fees and Insurance Information",https://students-residents.aamc.org/medical-school-admission-requirements/medical-school-admission-requirements-reports-applicants-and-advisors,data/raw/aamc/msar_reports/19_msar015-msar-tuition-fees-and-insurance-information.pdf,24,8,371.462,CT,Yale School of Medicine,Yale School of Medicine,"$115,691",115691,"$75,990",75990,"$3,356",3356,"$115,691",115691,"$75,990",75990,"$3,356",3356,79346,79346,2027,2024-2025,
aamc_msar_tuition_fees_insurance,"AAMC MSAR Tuition, Fees and Insurance Information",https://students-residents.aamc.org/medical-school-admission-requirements/medical-school-admission-requirements-reports-applicants-and-advisors,data/raw/aamc/msar_reports/19_msar015-msar-tuition-fees-and-insurance-information.pdf,25,8,348.422,DC,George Washington University School of Medicine & Health Sciences,George Washington University School of Medicine & Health Sciences,"$108,572",108572,"$73,980",73980,"$3,100",3100,"$108,572",108572,"$73,980",73980,"$3,100",3100,77080,77080,2027,2024-2025,
aamc_msar_tuition_fees_insurance,"AAMC MSAR Tuition, Fees and Insurance Information",https://students-residents.aamc.org/medical-school-admission-requirements/medical-school-admission-requirements-reports-applicants-and-advisors,data/raw/aamc/msar_reports/19_msar015-msar-tuition-fees-and-insurance-information.pdf,26,8,325.382,DC,Georgetown University School of Medicine,Georgetown University School of Medicine,"$114,380",114380,"$76,603",76603,"$4,527",4527,"$114,380",114380,"$76,603",76603,"$4,527",4527,81130,81130,2027,2024-2025,
aamc_msar_tuition_fees_insurance,"AAMC MSAR Tuition, Fees and Insurance Information",https://students-residents.aamc.org/medical-school-admission-requirements/medical-school-admission-requirements-reports-applicants-and-advisors,data/raw/aamc/msar_reports/19_msar015-msar-tuition-fees-and-insurance-information.pdf,27,8,302.342,DC,Howard University College of Medicine,Howard University College of Medicine,"$101,787",101787,"$60,924",60924,"$2,000",2000,"$101,787",101787,"$60,924",60924,"$2,000",2000,62924,62924,2027,2024-2025,
aamc_msar_tuition_fees_insurance,"AAMC MSAR Tuition, Fees and Insurance Information",https://students-residents.aamc.org/medical-school-admission-requirements/medical-school-admission-requirements-reports-applicants-and-advisors,data/raw/aamc/msar_reports/19_msar015-msar-tuition-fees-and-insurance-information.pdf,28,8,279.302,FL,Charles E. Schmidt College of Medicine at Florida Atlantic University,Charles E. Schmidt College of Medicine at Florida Atlantic University,"$62,938",62938,"$31,830",31830,"$2,356",2356,"$99,080",99080,"$67,972",67972,"$2,356",2356,34186,70328,2027,2024-2025,
aamc_msar_tuition_fees_insurance,"AAMC MSAR Tuition, Fees and Insurance Information",https://students-residents.aamc.org/medical-school-admission-requirements/medical-school-admission-requirements-reports-applicants-and-advisors,data/raw/aamc/msar_reports/19_msar015-msar-tuition-fees-and-insurance-information.pdf,29,8,256.262,FL,Florida International University Herbert Wertheim College of Medicine,Florida International University Herbert Wertheim College of Medicine,"$84,478",84478,"$38,014",38014,"$3,802",3802,"$118,976",118976,"$72,512",72512,"$3,802",3802,41816,76314,2027,2024-2025,
aamc_msar_tuition_fees_insurance,"AAMC MSAR Tuition, Fees and Insurance Information",https://students-residents.aamc.org/medical-school-admission-requirements/medical-school-admission-requirements-reports-applicants-and-advisors,data/raw/aamc/msar_reports/19_msar015-msar-tuition-fees-and-insurance-information.pdf,30,8,233.222,FL,Florida State University College of Medicine,Florida State University College of Medicine,"$70,612",70612,"$27,262",27262,"$3,009",3009,"$108,619",108619,"$65,269",65269,"$3,009",3009,30271,68278,2027,2024-2025,
aamc_msar_tuition_fees_insurance,"AAMC MSAR Tuition, Fees and Insurance Information",https://students-residents.aamc.org/medical-school-admission-requirements/medical-school-admission-requirements-reports-applicants-and-advisors,data/raw/aamc/msar_reports/19_msar015-msar-tuition-fees-and-insurance-information.pdf,31,8,210.182,FL,Nova Southeastern University Dr. Kiran C. Patel College of Allopathic Medicine,Nova Southeastern University Dr. Kiran C. Patel College of Allopathic Medicine,"$133,307",133307,"$75,412",75412,"$2,848",2848,"$133,307",133307,"$75,412",75412,"$2,848",2848,78260,78260,2027,2024-2025,
aamc_msar_tuition_fees_insurance,"AAMC MSAR Tuition, Fees and Insurance Information",https://students-residents.aamc.org/medical-school-admission-requirements/medical-school-admission-requirements-reports-applicants-and-advisors,data/raw/aamc/msar_reports/19_msar015-msar-tuition-fees-and-insurance-information.pdf,32,8,187.142,FL,University of Central Florida College of Medicine,University of Central Florida College of Medicine,"$58,121",58121,"$29,680",29680,"$3,556",3556,"$84,995",84995,"$56,554",56554,"$3,556",3556,33236,60110,2027,2024-2025,
aamc_msar_tuition_fees_insurance,"AAMC MSAR Tuition, Fees and Insurance Information",https://students-residents.aamc.org/medical-school-admission-requirements/medical-school-admission-requirements-reports-applicants-and-advisors,data/raw/aamc/msar_reports/19_msar015-msar-tuition-fees-and-insurance-information.pdf,33,8,164.102,FL,University of Florida College of Medicine,University of Florida College of Medicine,"$73,121",73121,"$36,657",36657,"$3,032",3032,"$85,377",85377,"$48,913",48913,"$3,032",3032,39689,51945,2027,2024-2025,
aamc_msar_tuition_fees_insurance,"AAMC MSAR Tuition, Fees and Insurance Information",https://students-residents.aamc.org/medical-school-admission-requirements/medical-school-admission-requirements-reports-applicants-and-advisors,data/raw/aamc/msar_reports/19_msar015-msar-tuition-fees-and-insurance-information.pdf,34,8,141.062,FL,University of Miami Leonard M. Miller School of Medicine,University of Miami Leonard M. Miller School of Medicine,"$112,815",112815,"$57,587",57587,"$4,230",4230,"$112,815",112815,"$57,587",57587,"$4,230",4230,61817,61817,2027,2024-2025,
aamc_msar_tuition_fees_insurance,"AAMC MSAR Tuition, Fees and Insurance Information",https://students-residents.aamc.org/medical-school-admission-requirements/medical-school-admission-requirements-reports-applicants-and-advisors,data/raw/aamc/msar_reports/19_msar015-msar-tuition-fees-and-insurance-information.pdf,35,8,118.022,FL,USF Health Morsani College of Medicine,USF Health Morsani College of Medicine,"$71,974",71974,"$33,726",33726,$0,0,"$95,284",95284,"$57,036",57036,$0,0,33726,57036,2027,2024-2025,
aamc_msar_tuition_fees_insurance,"AAMC MSAR Tuition, Fees and Insurance Information",https://students-residents.aamc.org/medical-school-admission-requirements/medical-school-admission-requirements-reports-applicants-and-advisors,data/raw/aamc/msar_reports/19_msar015-msar-tuition-fees-and-insurance-information.pdf,36,8,94.982,GA,Emory University School of Medicine,Emory University School of Medicine,"$109,402",109402,"$60,382",60382,"$5,456",5456,"$109,402",109402,"$60,382",60382,"$5,456",5456,65838,65838,2027,2024-2025,
aamc_msar_tuition_fees_insurance,"AAMC MSAR Tuition, Fees and Insurance Information",https://students-residents.aamc.org/medical-school-admission-requirements/medical-school-admission-requirements-reports-applicants-and-advisors,data/raw/aamc/msar_reports/19_msar015-msar-tuition-fees-and-insurance-information.pdf,37,8,71.942,GA,Medical College of Georgia at Augusta University,Medical College of Georgia at Augusta University,"$70,271",70271,"$32,205",32205,"$2,986",2986,"$102,577",102577,"$64,511",64511,"$2,986",2986,35191,67497,2027,2024-2025,
aamc_msar_tuition_fees_insurance,"AAMC MSAR Tuition, Fees and Insurance Information",https://students-residents.aamc.org/medical-school-admission-requirements/medical-school-admission-requirements-reports-applicants-and-advisors,data/raw/aamc/msar_reports/19_msar015-msar-tuition-fees-and-insurance-information.pdf,38,8,48.902,GA,Mercer University School of Medicine,Mercer University School of Medicine,"$78,788",78788,"$45,763",45763,"$3,132",3132,$0,0,$0,0,$0,0,48895,0,2027,2024-2025,out-of-state reported cost fields are zero
aamc_msar_tuition_fees_insurance,"AAMC MSAR Tuition, Fees and Insurance Information",https://students-residents.aamc.org/medical-school-admission-requirements/medical-school-admission-requirements-reports-applicants-and-advisors,data/raw/aamc/msar_reports/19_msar015-msar-tuition-fees-and-insurance-information.pdf,39,10,463.622,GA,Morehouse School of Medicine,Morehouse School of Medicine,"$115,875",115875,"$57,238",57238,"$7,876",7876,"$115,875",115875,"$57,238",57238,"$7,876",7876,65114,65114,2027,2024-2025,
aamc_msar_tuition_fees_insurance,"AAMC MSAR Tuition, Fees and Insurance Information",https://students-residents.aamc.org/medical-school-admission-requirements/medical-school-admission-requirements-reports-applicants-and-advisors,data/raw/aamc/msar_reports/19_msar015-msar-tuition-fees-and-insurance-information.pdf,40,10,440.582,GA,University of Georgia School of Medicine,University of Georgia School of Medicine,$0,0,$0,0,$0,0,$0,0,$0,0,$0,0,0,0,2027,2024-2025,all reported cost fields are zero
aamc_msar_tuition_fees_insurance,"AAMC MSAR Tuition, Fees and Insurance Information",https://students-residents.aamc.org/medical-school-admission-requirements/medical-school-admission-requirements-reports-applicants-and-advisors,data/raw/aamc/msar_reports/19_msar015-msar-tuition-fees-and-insurance-information.pdf,41,10,417.542,HI,"University of Hawaii, John A. Burns School of Medicine","University of Hawaii, John A. Burns School of Medicine","$79,683",79683,"$37,444",37444,"$5,733",5733,"$114,339",114339,"$72,100",72100,"$5,733",5733,43177,77833,2027,2024-2025,
aamc_msar_tuition_fees_insurance,"AAMC MSAR Tuition, Fees and Insurance Information",https://students-residents.aamc.org/medical-school-admission-requirements/medical-school-admission-requirements-reports-applicants-and-advisors,data/raw/aamc/msar_reports/19_msar015-msar-tuition-fees-and-insurance-information.pdf,42,10,394.502,IA,University of Iowa Roy J. and Lucille A. Carver College of Medicine,University of Iowa Roy J. and Lucille A. Carver College of Medicine,"$71,215",71215,"$39,313",39313,$0,0,"$92,614",92614,"$60,712",60712,$0,0,39313,60712,2027,2024-2025,
aamc_msar_tuition_fees_insurance,"AAMC MSAR Tuition, Fees and Insurance Information",https://students-residents.aamc.org/medical-school-admission-requirements/medical-school-admission-requirements-reports-applicants-and-advisors,data/raw/aamc/msar_reports/19_msar015-msar-tuition-fees-and-insurance-information.pdf,43,10,371.462,IL,Carle Illinois College of Medicine,Carle Illinois College of Medicine,"$82,744",82744,"$54,486",54486,"$3,227",3227,"$96,202",96202,"$67,604",67604,"$3,227",3227,57713,70831,2027,2024-2025,
aamc_msar_tuition_fees_insurance,"AAMC MSAR Tuition, Fees and Insurance Information",https://students-residents.aamc.org/medical-school-admission-requirements/medical-school-admission-requirements-reports-applicants-and-advisors,data/raw/aamc/msar_reports/19_msar015-msar-tuition-fees-and-insurance-information.pdf,44,10,348.421,IL,Chicago Medical School at Rosalind Franklin University of Medicine & Science,Chicago Medical School at Rosalind Franklin University of Medicine & Science,"$104,743",104743,"$74,223",74223,"$4,320",4320,"$104,743",104743,"$74,223",74223,"$4,320",4320,78543,78543,2027,2024-2025,
aamc_msar_tuition_fees_insurance,"AAMC MSAR Tuition, Fees and Insurance Information",https://students-residents.aamc.org/medical-school-admission-requirements/medical-school-admission-requirements-reports-applicants-and-advisors,data/raw/aamc/msar_reports/19_msar015-msar-tuition-fees-and-insurance-information.pdf,45,10,325.381,IL,Loyola University Chicago Stritch School of Medicine,Loyola University Chicago Stritch School of Medicine,"$106,044",106044,"$72,844",72844,"$3,684",3684,"$107,024",107024,"$72,844",72844,"$3,684",3684,76528,76528,2027,2024-2025,
aamc_msar_tuition_fees_insurance,"AAMC MSAR Tuition, Fees and Insurance Information",https://students-residents.aamc.org/medical-school-admission-requirements/medical-school-admission-requirements-reports-applicants-and-advisors,data/raw/aamc/msar_reports/19_msar015-msar-tuition-fees-and-insurance-information.pdf,46,10,302.342,IL,Northwestern University The Feinberg School of Medicine,Northwestern University The Feinberg School of Medicine,"$115,930",115930,"$75,817",75817,"$6,487",6487,"$115,930",115930,"$75,817",75817,"$6,487",6487,82304,82304,2027,2024-2025,
aamc_msar_tuition_fees_insurance,"AAMC MSAR Tuition, Fees and Insurance Information",https://students-residents.aamc.org/medical-school-admission-requirements/medical-school-admission-requirements-reports-applicants-and-advisors,data/raw/aamc/msar_reports/19_msar015-msar-tuition-fees-and-insurance-information.pdf,47,10,279.302,IL,Rush Medical College of Rush University Medical Center,Rush Medical College of Rush University Medical Center,"$116,311",116311,"$59,222",59222,"$7,016",7016,"$107,391",107391,"$59,222",59222,"$7,016",7016,66238,66238,2027,2024-2025,
aamc_msar_tuition_fees_insurance,"AAMC MSAR Tuition, Fees and Insurance Information",https://students-residents.aamc.org/medical-school-admission-requirements/medical-school-admission-requirements-reports-applicants-and-advisors,data/raw/aamc/msar_reports/19_msar015-msar-tuition-fees-and-insurance-information.pdf,48,10,256.262,IL,Southern Illinois University School of Medicine,Southern Illinois University School of Medicine,"$65,706",65706,"$41,623",41623,"$2,278",2278,$0,0,$0,0,$0,0,43901,0,2027,2024-2025,out-of-state reported cost fields are zero
aamc_msar_tuition_fees_insurance,"AAMC MSAR Tuition, Fees and Insurance Information",https://students-residents.aamc.org/medical-school-admission-requirements/medical-school-admission-requirements-reports-applicants-and-advisors,data/raw/aamc/msar_reports/19_msar015-msar-tuition-fees-and-insurance-information.pdf,49,10,233.222,IL,University of Chicago Division of the Biological Sciences The Pritzker School of Medicine,University of Chicago Division of the Biological Sciences The Pritzker School of Medicine,"$100,977",100977,"$66,937",66937,"$5,145",5145,"$100,977",100977,"$66,937",66937,"$5,145",5145,72082,72082,2027,2024-2025,
aamc_msar_tuition_fees_insurance,"AAMC MSAR Tuition, Fees and Insurance Information",https://students-residents.aamc.org/medical-school-admission-requirements/medical-school-admission-requirements-reports-applicants-and-advisors,data/raw/aamc/msar_reports/19_msar015-msar-tuition-fees-and-insurance-information.pdf,50,10,210.182,IL,University of Illinois College of Medicine,University of Illinois College of Medicine,"$89,195",89195,"$52,690",52690,"$1,855",1855,"$123,095",123095,"$86,590",86590,"$1,855",1855,54545,88445,2027,2024-2025,
aamc_msar_tuition_fees_insurance,"AAMC MSAR Tuition, Fees and Insurance Information",https://students-residents.aamc.org/medical-school-admission-requirements/medical-school-admission-requirements-reports-applicants-and-advisors,data/raw/aamc/msar_reports/19_msar015-msar-tuition-fees-and-insurance-information.pdf,51,10,187.142,IN,Indiana University School of Medicine,Indiana University School of Medicine,"$70,227",70227,"$41,282",41282,"$4,625",4625,"$97,768",97768,"$68,823",68823,"$4,625",4625,45907,73448,2027,2024-2025,
aamc_msar_tuition_fees_insurance,"AAMC MSAR Tuition, Fees and Insurance Information",https://students-residents.aamc.org/medical-school-admission-requirements/medical-school-admission-requirements-reports-applicants-and-advisors,data/raw/aamc/msar_reports/19_msar015-msar-tuition-fees-and-insurance-information.pdf,52,10,164.102,KS,University of Kansas School of Medicine,University of Kansas School of Medicine,"$77,850",77850,"$43,314",43314,$0,0,"$108,342",108342,"$73,806",73806,$0,0,43314,73806,2027,2024-2025,
aamc_msar_tuition_fees_insurance,"AAMC MSAR Tuition, Fees and Insurance Information",https://students-residents.aamc.org/medical-school-admission-requirements/medical-school-admission-requirements-reports-applicants-and-advisors,data/raw/aamc/msar_reports/19_msar015-msar-tuition-fees-and-insurance-information.pdf,53,10,141.062,KY,University of Kentucky College of Medicine,University of Kentucky College of Medicine,"$73,566",73566,"$42,542",42542,$0,0,"$109,762",109762,"$77,638",77638,$0,0,42542,77638,2027,2024-2025,
aamc_msar_tuition_fees_insurance,"AAMC MSAR Tuition, Fees and Insurance Information",https://students-residents.aamc.org/medical-school-admission-requirements/medical-school-admission-requirements-reports-applicants-and-advisors,data/raw/aamc/msar_reports/19_msar015-msar-tuition-fees-and-insurance-information.pdf,54,10,118.022,KY,University of Louisville School of Medicine,University of Louisville School of Medicine,"$79,586",79586,"$49,412",49412,"$3,219",3219,"$104,894",104894,"$74,720",74720,"$3,219",3219,52631,77939,2027,2024-2025,
aamc_msar_tuition_fees_insurance,"AAMC MSAR Tuition, Fees and Insurance Information",https://students-residents.aamc.org/medical-school-admission-requirements/medical-school-admission-requirements-reports-applicants-and-advisors,data/raw/aamc/msar_reports/19_msar015-msar-tuition-fees-and-insurance-information.pdf,55,10,94.981,LA,Louisiana State University School of Medicine in New Orleans,Louisiana State University School of Medicine in New Orleans,"$84,235",84235,"$32,937",32937,"$7,438",7438,"$112,413",112413,"$61,115",61115,"$7,438",7438,40375,68553,2027,2024-2025,
aamc_msar_tuition_fees_insurance,"AAMC MSAR Tuition, Fees and Insurance Information",https://students-residents.aamc.org/medical-school-admission-requirements/medical-school-admission-requirements-reports-applicants-and-advisors,data/raw/aamc/msar_reports/19_msar015-msar-tuition-fees-and-insurance-information.pdf,56,10,71.941,LA,Louisiana State University School of Medicine in Shreveport,Louisiana State University School of Medicine in Shreveport,"$67,131",67131,"$30,842",30842,"$2,304",2304,"$100,545",100545,"$64,256",64256,"$2,304",2304,33146,66560,2027,2024-2025,
aamc_msar_tuition_fees_insurance,"AAMC MSAR Tuition, Fees and Insurance Information",https://students-residents.aamc.org/medical-school-admission-requirements/medical-school-admission-requirements-reports-applicants-and-advisors,data/raw/aamc/msar_reports/19_msar015-msar-tuition-fees-and-insurance-information.pdf,57,10,48.901,LA,Tulane University School of Medicine,Tulane University School of Medicine,"$114,804",114804,"$78,640",78640,"$4,150",4150,"$114,804",114804,"$78,640",78640,"$4,150",4150,82790,82790,2027,2024-2025,
aamc_msar_tuition_fees_insurance,"AAMC MSAR Tuition, Fees and Insurance Information",https://students-residents.aamc.org/medical-school-admission-requirements/medical-school-admission-requirements-reports-applicants-and-advisors,data/raw/aamc/msar_reports/19_msar015-msar-tuition-fees-and-insurance-information.pdf,58,12,463.622,MA,Boston University Aram V. Chobanian & Edward Avedisian School of Medicine,Boston University Aram V. Chobanian & Edward Avedisian School of Medicine,"$104,107",104107,"$73,965",73965,"$3,642",3642,"$104,107",104107,"$73,965",73965,"$3,642",3642,77607,77607,2027,2024-2025,
aamc_msar_tuition_fees_insurance,"AAMC MSAR Tuition, Fees and Insurance Information",https://students-residents.aamc.org/medical-school-admission-requirements/medical-school-admission-requirements-reports-applicants-and-advisors,data/raw/aamc/msar_reports/19_msar015-msar-tuition-fees-and-insurance-information.pdf,59,12,440.582,MA,Harvard Medical School,Harvard Medical School,"$113,489",113489,"$76,421",76421,"$4,308",4308,"$115,569",115569,"$76,421",76421,"$4,308",4308,80729,80729,2027,2024-2025,
aamc_msar_tuition_fees_insurance,"AAMC MSAR Tuition, Fees and Insurance Information",https://students-residents.aamc.org/medical-school-admission-requirements/medical-school-admission-requirements-reports-applicants-and-advisors,data/raw/aamc/msar_reports/19_msar015-msar-tuition-fees-and-insurance-information.pdf,60,12,417.542,MA,Tufts University School of Medicine,Tufts University School of Medicine,"$111,854",111854,"$74,118",74118,"$4,620",4620,"$111,854",111854,"$74,118",74118,"$4,620",4620,78738,78738,2027,2024-2025,
aamc_msar_tuition_fees_insurance,"AAMC MSAR Tuition, Fees and Insurance Information",https://students-residents.aamc.org/medical-school-admission-requirements/medical-school-admission-requirements-reports-applicants-and-advisors,data/raw/aamc/msar_reports/19_msar015-msar-tuition-fees-and-insurance-information.pdf,61,12,394.502,MA,University of Massachusetts T.H. Chan School of Medicine,University of Massachusetts T.H. Chan School of Medicine,"$82,795",82795,"$46,364",46364,"$6,388",6388,"$113,221",113221,"$76,790",76790,"$6,388",6388,52752,83178,2027,2024-2025,
aamc_msar_tuition_fees_insurance,"AAMC MSAR Tuition, Fees and Insurance Information",https://students-residents.aamc.org/medical-school-admission-requirements/medical-school-admission-requirements-reports-applicants-and-advisors,data/raw/aamc/msar_reports/19_msar015-msar-tuition-fees-and-insurance-information.pdf,62,12,371.462,MD,Johns Hopkins University School of Medicine,Johns Hopkins University School of Medicine,"$105,788",105788,"$68,878",68878,"$3,570",3570,"$105,788",105788,"$68,878",68878,"$3,570",3570,72448,72448,2027,2024-2025,
aamc_msar_tuition_fees_insurance,"AAMC MSAR Tuition, Fees and Insurance Information",https://students-residents.aamc.org/medical-school-admission-requirements/medical-school-admission-requirements-reports-applicants-and-advisors,data/raw/aamc/msar_reports/19_msar015-msar-tuition-fees-and-insurance-information.pdf,63,12,348.422,MD,Uniformed Services University of the Health Sciences F. Edward Hebert School of Medicine,Uniformed Services University of the Health Sciences F. Edward Hebert School of Medicine,$0,0,$0,0,$0,0,$0,0,$0,0,$0,0,0,0,2027,2024-2025,all reported cost fields are zero
aamc_msar_tuition_fees_insurance,"AAMC MSAR Tuition, Fees and Insurance Information",https://students-residents.aamc.org/medical-school-admission-requirements/medical-school-admission-requirements-reports-applicants-and-advisors,data/raw/aamc/msar_reports/19_msar015-msar-tuition-fees-and-insurance-information.pdf,64,12,325.382,MD,University of Maryland School of Medicine,University of Maryland School of Medicine,"$89,344",89344,"$46,015",46015,"$4,567",4567,"$123,095",123095,"$78,339",78339,"$4,567",4567,50582,82906,2027,2024-2025,
aamc_msar_tuition_fees_insurance,"AAMC MSAR Tuition, Fees and Insurance Information",https://students-residents.aamc.org/medical-school-admission-requirements/medical-school-admission-requirements-reports-applicants-and-advisors,data/raw/aamc/msar_reports/19_msar015-msar-tuition-fees-and-insurance-information.pdf,65,12,302.342,MI,Central Michigan University College of Medicine,Central Michigan University College of Medicine,"$73,285",73285,"$47,710",47710,$0,0,"$96,543",96543,"$70,968",70968,$0,0,47710,70968,2027,2024-2025,
aamc_msar_tuition_fees_insurance,"AAMC MSAR Tuition, Fees and Insurance Information",https://students-residents.aamc.org/medical-school-admission-requirements/medical-school-admission-requirements-reports-applicants-and-advisors,data/raw/aamc/msar_reports/19_msar015-msar-tuition-fees-and-insurance-information.pdf,66,12,279.302,MI,Michigan State University College of Human Medicine,Michigan State University College of Human Medicine,"$67,978",67978,"$33,752",33752,"$3,112",3112,"$95,802",95802,"$61,576",61576,"$3,112",3112,36864,64688,2027,2024-2025,
aamc_msar_tuition_fees_insurance,"AAMC MSAR Tuition, Fees and Insurance Information",https://students-residents.aamc.org/medical-school-admission-requirements/medical-school-admission-requirements-reports-applicants-and-advisors,data/raw/aamc/msar_reports/19_msar015-msar-tuition-fees-and-insurance-information.pdf,67,12,256.262,MI,Oakland University William Beaumont School of Medicine,Oakland University William Beaumont School of Medicine,"$91,065",91065,"$61,484",61484,$0,0,"$91,065",91065,"$61,484",61484,$0,0,61484,61484,2027,2024-2025,
aamc_msar_tuition_fees_insurance,"AAMC MSAR Tuition, Fees and Insurance Information",https://students-residents.aamc.org/medical-school-admission-requirements/medical-school-admission-requirements-reports-applicants-and-advisors,data/raw/aamc/msar_reports/19_msar015-msar-tuition-fees-and-insurance-information.pdf,68,12,233.222,MI,University of Michigan Medical School,University of Michigan Medical School,"$101,094",101094,"$58,737",58737,"$4,197",4197,"$121,932",121932,"$79,575",79575,"$4,197",4197,62934,83772,2027,2024-2025,
aamc_msar_tuition_fees_insurance,"AAMC MSAR Tuition, Fees and Insurance Information",https://students-residents.aamc.org/medical-school-admission-requirements/medical-school-admission-requirements-reports-applicants-and-advisors,data/raw/aamc/msar_reports/19_msar015-msar-tuition-fees-and-insurance-information.pdf,69,12,210.182,MI,Wayne State University School of Medicine,Wayne State University School of Medicine,"$79,284",79284,"$46,677",46677,"$3,791",3791,"$107,533",107533,"$74,926",74926,"$3,791",3791,50468,78717,2027,2024-2025,
aamc_msar_tuition_fees_insurance,"AAMC MSAR Tuition, Fees and Insurance Information",https://students-residents.aamc.org/medical-school-admission-requirements/medical-school-admission-requirements-reports-applicants-and-advisors,data/raw/aamc/msar_reports/19_msar015-msar-tuition-fees-and-insurance-information.pdf,70,12,187.142,MI,Western Michigan University Homer Stryker M.D. School of Medicine,Western Michigan University Homer Stryker M.D. School of Medicine,"$102,734",102734,"$69,800",69800,$0,0,"$102,734",102734,"$69,800",69800,$0,0,69800,69800,2027,2024-2025,
aamc_msar_tuition_fees_insurance,"AAMC MSAR Tuition, Fees and Insurance Information",https://students-residents.aamc.org/medical-school-admission-requirements/medical-school-admission-requirements-reports-applicants-and-advisors,data/raw/aamc/msar_reports/19_msar015-msar-tuition-fees-and-insurance-information.pdf,71,12,164.102,MN,Mayo Clinic Alix School of Medicine,Mayo Clinic Alix School of Medicine,"$107,884",107884,"$67,900",67900,"$2,184",2184,"$107,884",107884,"$67,900",67900,"$2,184",2184,70084,70084,2027,2024-2025,
aamc_msar_tuition_fees_insurance,"AAMC MSAR Tuition, Fees and Insurance Information",https://students-residents.aamc.org/medical-school-admission-requirements/medical-school-admission-requirements-reports-applicants-and-advisors,data/raw/aamc/msar_reports/19_msar015-msar-tuition-fees-and-insurance-information.pdf,72,12,141.062,MN,University of Minnesota Medical School,University of Minnesota Medical School,"$83,654",83654,"$45,383",45383,"$3,590",3590,"$106,325",106325,"$68,054",68054,"$3,590",3590,48973,71644,2027,2024-2025,
aamc_msar_tuition_fees_insurance,"AAMC MSAR Tuition, Fees and Insurance Information",https://students-residents.aamc.org/medical-school-admission-requirements/medical-school-admission-requirements-reports-applicants-and-advisors,data/raw/aamc/msar_reports/19_msar015-msar-tuition-fees-and-insurance-information.pdf,73,12,118.022,MO,Saint Louis University School of Medicine,Saint Louis University School of Medicine,"$98,076",98076,"$72,240",72240,$0,0,"$98,076",98076,"$72,240",72240,$0,0,72240,72240,2027,2024-2025,
aamc_msar_tuition_fees_insurance,"AAMC MSAR Tuition, Fees and Insurance Information",https://students-residents.aamc.org/medical-school-admission-requirements/medical-school-admission-requirements-reports-applicants-and-advisors,data/raw/aamc/msar_reports/19_msar015-msar-tuition-fees-and-insurance-information.pdf,74,12,94.982,MO,University of Missouri-Columbia School of Medicine,University of Missouri-Columbia School of Medicine,"$81,343",81343,"$49,786",49786,$0,0,"$128,885",128885,"$97,328",97328,$0,0,49786,97328,2027,2024-2025,
aamc_msar_tuition_fees_insurance,"AAMC MSAR Tuition, Fees and Insurance Information",https://students-residents.aamc.org/medical-school-admission-requirements/medical-school-admission-requirements-reports-applicants-and-advisors,data/raw/aamc/msar_reports/19_msar015-msar-tuition-fees-and-insurance-information.pdf,75,12,71.942,MO,University of Missouri-Kansas City School of Medicine,University of Missouri-Kansas City School of Medicine,"$80,965",80965,"$48,756",48756,$0,0,"$124,914",124914,"$92,705",92705,$0,0,48756,92705,2027,2024-2025,
aamc_msar_tuition_fees_insurance,"AAMC MSAR Tuition, Fees and Insurance Information",https://students-residents.aamc.org/medical-school-admission-requirements/medical-school-admission-requirements-reports-applicants-and-advisors,data/raw/aamc/msar_reports/19_msar015-msar-tuition-fees-and-insurance-information.pdf,76,12,48.902,MO,Washington University in St. Louis School of Medicine,Washington University in St. Louis School of Medicine,"$100,069",100069,"$69,468",69468,"$5,225",5225,"$100,069",100069,"$69,468",69468,"$5,225",5225,74693,74693,2027,2024-2025,
aamc_msar_tuition_fees_insurance,"AAMC MSAR Tuition, Fees and Insurance Information",https://students-residents.aamc.org/medical-school-admission-requirements/medical-school-admission-requirements-reports-applicants-and-advisors,data/raw/aamc/msar_reports/19_msar015-msar-tuition-fees-and-insurance-information.pdf,77,14,463.621,MS,University of Mississippi School of Medicine,University of Mississippi School of Medicine,"$80,020",80020,"$37,375",37375,"$4,961",4961,$0,0,$0,0,$0,0,42336,0,2027,2024-2025,out-of-state reported cost fields are zero
aamc_msar_tuition_fees_insurance,"AAMC MSAR Tuition, Fees and Insurance Information",https://students-residents.aamc.org/medical-school-admission-requirements/medical-school-admission-requirements-reports-applicants-and-advisors,data/raw/aamc/msar_reports/19_msar015-msar-tuition-fees-and-insurance-information.pdf,78,14,440.581,NC,Brody School of Medicine at East Carolina University,Brody School of Medicine at East Carolina University,"$64,004",64004,"$25,432",25432,"$2,793",2793,"$95,444",95444,"$56,872",56872,"$2,793",2793,28225,59665,2027,2024-2025,
aamc_msar_tuition_fees_insurance,"AAMC MSAR Tuition, Fees and Insurance Information",https://students-residents.aamc.org/medical-school-admission-requirements/medical-school-admission-requirements-reports-applicants-and-advisors,data/raw/aamc/msar_reports/19_msar015-msar-tuition-fees-and-insurance-information.pdf,79,14,417.541,NC,Duke University School of Medicine,Duke University School of Medicine,"$113,884",113884,"$74,690",74690,"$3,752",3752,"$113,884",113884,"$74,690",74690,"$3,752",3752,78442,78442,2027,2024-2025,
aamc_msar_tuition_fees_insurance,"AAMC MSAR Tuition, Fees and Insurance Information",https://students-residents.aamc.org/medical-school-admission-requirements/medical-school-admission-requirements-reports-applicants-and-advisors,data/raw/aamc/msar_reports/19_msar015-msar-tuition-fees-and-insurance-information.pdf,80,14,394.501,NC,Methodist University Cape Fear Valley Health School of Medicine,Methodist University Cape Fear Valley Health School of Medicine,$0,0,$0,0,$0,0,$0,0,$0,0,$0,0,0,0,2027,2024-2025,all reported cost fields are zero
aamc_msar_tuition_fees_insurance,"AAMC MSAR Tuition, Fees and Insurance Information",https://students-residents.aamc.org/medical-school-admission-requirements/medical-school-admission-requirements-reports-applicants-and-advisors,data/raw/aamc/msar_reports/19_msar015-msar-tuition-fees-and-insurance-information.pdf,81,14,371.461,NC,University of North Carolina at Chapel Hill School of Medicine,University of North Carolina at Chapel Hill School of Medicine,"$69,476",69476,"$35,040",35040,"$3,606",3606,"$97,801",97801,"$63,365",63365,"$3,606",3606,38646,66971,2027,2024-2025,
aamc_msar_tuition_fees_insurance,"AAMC MSAR Tuition, Fees and Insurance Information",https://students-residents.aamc.org/medical-school-admission-requirements/medical-school-admission-requirements-reports-applicants-and-advisors,data/raw/aamc/msar_reports/19_msar015-msar-tuition-fees-and-insurance-information.pdf,82,14,348.421,NC,Wake Forest University School of Medicine,Wake Forest University School of Medicine,"$110,448",110448,"$66,895",66895,"$5,029",5029,"$110,448",110448,"$66,895",66895,"$5,029",5029,71924,71924,2027,2024-2025,
aamc_msar_tuition_fees_insurance,"AAMC MSAR Tuition, Fees and Insurance Information",https://students-residents.aamc.org/medical-school-admission-requirements/medical-school-admission-requirements-reports-applicants-and-advisors,data/raw/aamc/msar_reports/19_msar015-msar-tuition-fees-and-insurance-information.pdf,83,14,325.381,ND,University of North Dakota School of Medicine and Health Sciences,University of North Dakota School of Medicine and Health Sciences,"$64,125",64125,"$37,846",37846,"$2,500",2500,"$94,718",94718,"$68,439",68439,"$2,500",2500,40346,70939,2027,2024-2025,
aamc_msar_tuition_fees_insurance,"AAMC MSAR Tuition, Fees and Insurance Information",https://students-residents.aamc.org/medical-school-admission-requirements/medical-school-admission-requirements-reports-applicants-and-advisors,data/raw/aamc/msar_reports/19_msar015-msar-tuition-fees-and-insurance-information.pdf,84,14,302.341,NE,Creighton University School of Medicine,Creighton University School of Medicine,"$109,846",109846,"$70,644",70644,"$3,984",3984,"$109,846",109846,"$70,644",70644,"$3,984",3984,74628,74628,2027,2024-2025,
aamc_msar_tuition_fees_insurance,"AAMC MSAR Tuition, Fees and Insurance Information",https://students-residents.aamc.org/medical-school-admission-requirements/medical-school-admission-requirements-reports-applicants-and-advisors,data/raw/aamc/msar_reports/19_msar015-msar-tuition-fees-and-insurance-information.pdf,85,14,279.301,NE,University of Nebraska College of Medicine,University of Nebraska College of Medicine,"$73,423",73423,"$43,197",43197,"$3,956",3956,"$88,799",88799,"$57,673",57673,"$3,956",3956,47153,61629,2027,2024-2025,
aamc_msar_tuition_fees_insurance,"AAMC MSAR Tuition, Fees and Insurance Information",https://students-residents.aamc.org/medical-school-admission-requirements/medical-school-admission-requirements-reports-applicants-and-advisors,data/raw/aamc/msar_reports/19_msar015-msar-tuition-fees-and-insurance-information.pdf,86,14,256.261,NH,Geisel School of Medicine at Dartmouth,Geisel School of Medicine at Dartmouth,"$101,004",101004,"$74,868",74868,"$4,556",4556,"$101,004",101004,"$74,868",74868,"$4,556",4556,79424,79424,2027,2024-2025,
aamc_msar_tuition_fees_insurance,"AAMC MSAR Tuition, Fees and Insurance Information",https://students-residents.aamc.org/medical-school-admission-requirements/medical-school-admission-requirements-reports-applicants-and-advisors,data/raw/aamc/msar_reports/19_msar015-msar-tuition-fees-and-insurance-information.pdf,87,14,233.221,NJ,Cooper Medical School of Rowan University,Cooper Medical School of Rowan University,"$80,381",80381,"$50,830",50830,$0,0,"$106,483",106483,"$76,932",76932,$0,0,50830,76932,2027,2024-2025,
aamc_msar_tuition_fees_insurance,"AAMC MSAR Tuition, Fees and Insurance Information",https://students-residents.aamc.org/medical-school-admission-requirements/medical-school-admission-requirements-reports-applicants-and-advisors,data/raw/aamc/msar_reports/19_msar015-msar-tuition-fees-and-insurance-information.pdf,88,14,210.181,NJ,Hackensack Meridian School of Medicine,Hackensack Meridian School of Medicine,"$127,852",127852,"$78,335",78335,"$6,090",6090,"$125,352",125352,"$78,335",78335,"$6,090",6090,84425,84425,2027,2024-2025,
aamc_msar_tuition_fees_insurance,"AAMC MSAR Tuition, Fees and Insurance Information",https://students-residents.aamc.org/medical-school-admission-requirements/medical-school-admission-requirements-reports-applicants-and-advisors,data/raw/aamc/msar_reports/19_msar015-msar-tuition-fees-and-insurance-information.pdf,89,14,187.141,NJ,Rutgers New Jersey Medical School,Rutgers New Jersey Medical School,"$99,290",99290,"$49,708",49708,"$2,942",2942,"$127,766",127766,"$78,184",78184,"$2,942",2942,52650,81126,2027,2024-2025,
aamc_msar_tuition_fees_insurance,"AAMC MSAR Tuition, Fees and Insurance Information",https://students-residents.aamc.org/medical-school-admission-requirements/medical-school-admission-requirements-reports-applicants-and-advisors,data/raw/aamc/msar_reports/19_msar015-msar-tuition-fees-and-insurance-information.pdf,90,14,164.101,NJ,"Rutgers, Robert Wood Johnson Medical School","Rutgers, Robert Wood Johnson Medical School","$101,100",101100,"$49,516",49516,"$2,942",2942,"$129,576",129576,"$77,992",77992,"$2,942",2942,52458,80934,2027,2024-2025,
aamc_msar_tuition_fees_insurance,"AAMC MSAR Tuition, Fees and Insurance Information",https://students-residents.aamc.org/medical-school-admission-requirements/medical-school-admission-requirements-reports-applicants-and-advisors,data/raw/aamc/msar_reports/19_msar015-msar-tuition-fees-and-insurance-information.pdf,91,14,141.061,NM,University of New Mexico School of Medicine,University of New Mexico School of Medicine,"$61,985",61985,"$20,176",20176,"$3,919",3919,"$90,221",90221,"$48,412",48412,"$3,919",3919,24095,52331,2027,2024-2025,
aamc_msar_tuition_fees_insurance,"AAMC MSAR Tuition, Fees and Insurance Information",https://students-residents.aamc.org/medical-school-admission-requirements/medical-school-admission-requirements-reports-applicants-and-advisors,data/raw/aamc/msar_reports/19_msar015-msar-tuition-fees-and-insurance-information.pdf,92,14,118.021,NV,Kirk Kerkorian School of Medicine at UNLV,Kirk Kerkorian School of Medicine at UNLV,"$85,830",85830,"$38,655",38655,"$3,709",3709,"$119,449",119449,"$72,274",72274,"$3,709",3709,42364,75983,2027,2024-2025,
aamc_msar_tuition_fees_insurance,"AAMC MSAR Tuition, Fees and Insurance Information",https://students-residents.aamc.org/medical-school-admission-requirements/medical-school-admission-requirements-reports-applicants-and-advisors,data/raw/aamc/msar_reports/19_msar015-msar-tuition-fees-and-insurance-information.pdf,93,14,94.981,NV,Roseman University College of Medicine,Roseman University College of Medicine,"$113,531",113531,"$69,500",69500,"$3,567",3567,"$113,531",113531,"$69,500",69500,"$3,567",3567,73067,73067,2027,2024-2025,
aamc_msar_tuition_fees_insurance,"AAMC MSAR Tuition, Fees and Insurance Information",https://students-residents.aamc.org/medical-school-admission-requirements/medical-school-admission-requirements-reports-applicants-and-advisors,data/raw/aamc/msar_reports/19_msar015-msar-tuition-fees-and-insurance-information.pdf,94,14,71.941,NV,"University of Nevada, Reno School of Medicine","University of Nevada, Reno School of Medicine","$76,988",76988,"$39,312",39312,"$4,621",4621,"$105,691",105691,"$68,015",68015,"$4,621",4621,43933,72636,2027,2024-2025,
aamc_msar_tuition_fees_insurance,"AAMC MSAR Tuition, Fees and Insurance Information",https://students-residents.aamc.org/medical-school-admission-requirements/medical-school-admission-requirements-reports-applicants-and-advisors,data/raw/aamc/msar_reports/19_msar015-msar-tuition-fees-and-insurance-information.pdf,95,14,48.901,NY,Albany Medical College,Albany Medical College,"$93,727",93727,"$60,051",60051,"$5,638",5638,"$93,727",93727,"$60,051",60051,"$5,638",5638,65689,65689,2027,2024-2025,
aamc_msar_tuition_fees_insurance,"AAMC MSAR Tuition, Fees and Insurance Information",https://students-residents.aamc.org/medical-school-admission-requirements/medical-school-admission-requirements-reports-applicants-and-advisors,data/raw/aamc/msar_reports/19_msar015-msar-tuition-fees-and-insurance-information.pdf,96,16,463.622,NY,Albert Einstein College of Medicine,Albert Einstein College of Medicine,"$112,697",112697,"$77,232",77232,"$5,465",5465,"$112,697",112697,"$77,232",77232,"$5,465",5465,82697,82697,2027,2024-2025,
aamc_msar_tuition_fees_insurance,"AAMC MSAR Tuition, Fees and Insurance Information",https://students-residents.aamc.org/medical-school-admission-requirements/medical-school-admission-requirements-reports-applicants-and-advisors,data/raw/aamc/msar_reports/19_msar015-msar-tuition-fees-and-insurance-information.pdf,97,16,440.582,NY,Columbia University Vagelos College of Physicians and Surgeons,Columbia University Vagelos College of Physicians and Surgeons,"$114,621",114621,"$77,585",77585,"$5,377",5377,"$114,621",114621,"$77,585",77585,"$5,377",5377,82962,82962,2027,2024-2025,
aamc_msar_tuition_fees_insurance,"AAMC MSAR Tuition, Fees and Insurance Information",https://students-residents.aamc.org/medical-school-admission-requirements/medical-school-admission-requirements-reports-applicants-and-advisors,data/raw/aamc/msar_reports/19_msar015-msar-tuition-fees-and-insurance-information.pdf,98,16,417.542,NY,CUNY School of Medicine,CUNY School of Medicine,"$69,751",69751,"$41,911",41911,$0,0,"$97,411",97411,"$69,571",69571,$0,0,41911,69571,2027,2024-2025,
aamc_msar_tuition_fees_insurance,"AAMC MSAR Tuition, Fees and Insurance Information",https://students-residents.aamc.org/medical-school-admission-requirements/medical-school-admission-requirements-reports-applicants-and-advisors,data/raw/aamc/msar_reports/19_msar015-msar-tuition-fees-and-insurance-information.pdf,99,16,394.502,NY,Donald and Barbara Zucker School of Medicine at Hofstra/Northwell,Donald and Barbara Zucker School of Medicine at Hofstra/Northwell,"$104,842",104842,"$61,875",61875,"$6,773",6773,"$104,842",104842,"$61,875",61875,"$6,773",6773,68648,68648,2027,2024-2025,
aamc_msar_tuition_fees_insurance,"AAMC MSAR Tuition, Fees and Insurance Information",https://students-residents.aamc.org/medical-school-admission-requirements/medical-school-admission-requirements-reports-applicants-and-advisors,data/raw/aamc/msar_reports/19_msar015-msar-tuition-fees-and-insurance-information.pdf,100,16,371.462,NY,Icahn School of Medicine at Mount Sinai,Icahn School of Medicine at Mount Sinai,"$107,007",107007,"$75,953",75953,"$7,204",7204,$0,0,$0,0,$0,0,83157,0,2027,2024-2025,out-of-state reported cost fields are zero
aamc_msar_tuition_fees_insurance,"AAMC MSAR Tuition, Fees and Insurance Information",https://students-residents.aamc.org/medical-school-admission-requirements/medical-school-admission-requirements-reports-applicants-and-advisors,data/raw/aamc/msar_reports/19_msar015-msar-tuition-fees-and-insurance-information.pdf,101,16,348.422,NY,Jacobs School of Medicine and Biomedical Sciences at the University at Buffalo,Jacobs School of Medicine and Biomedical Sciences at the University at Buffalo,"$82,284",82284,"$49,770",49770,$76,76,"$107,004",107004,"$74,490",74490,$76,76,49846,74566,2027,2024-2025,
aamc_msar_tuition_fees_insurance,"AAMC MSAR Tuition, Fees and Insurance Information",https://students-residents.aamc.org/medical-school-admission-requirements/medical-school-admission-requirements-reports-applicants-and-advisors,data/raw/aamc/msar_reports/19_msar015-msar-tuition-fees-and-insurance-information.pdf,102,16,325.382,NY,New York Medical College,New York Medical College,"$102,045",102045,"$69,434",69434,"$8,249",8249,"$102,045",102045,"$69,434",69434,"$8,249",8249,77683,77683,2027,2024-2025,
aamc_msar_tuition_fees_insurance,"AAMC MSAR Tuition, Fees and Insurance Information",https://students-residents.aamc.org/medical-school-admission-requirements/medical-school-admission-requirements-reports-applicants-and-advisors,data/raw/aamc/msar_reports/19_msar015-msar-tuition-fees-and-insurance-information.pdf,103,16,302.342,NY,NYU Grossman Long Island School of Medicine,NYU Grossman Long Island School of Medicine,"$27,944",27944,"$4,350",4350,$0,0,"$27,944",27944,"$4,350",4350,$0,0,4350,4350,2027,2024-2025,
aamc_msar_tuition_fees_insurance,"AAMC MSAR Tuition, Fees and Insurance Information",https://students-residents.aamc.org/medical-school-admission-requirements/medical-school-admission-requirements-reports-applicants-and-advisors,data/raw/aamc/msar_reports/19_msar015-msar-tuition-fees-and-insurance-information.pdf,104,16,279.302,NY,NYU Grossman School of Medicine,NYU Grossman School of Medicine,"$35,258",35258,"$4,350",4350,$0,0,"$35,258",35258,"$4,350",4350,$0,0,4350,4350,2027,2024-2025,
aamc_msar_tuition_fees_insurance,"AAMC MSAR Tuition, Fees and Insurance Information",https://students-residents.aamc.org/medical-school-admission-requirements/medical-school-admission-requirements-reports-applicants-and-advisors,data/raw/aamc/msar_reports/19_msar015-msar-tuition-fees-and-insurance-information.pdf,105,16,256.262,NY,Renaissance School of Medicine at Stony Brook University,Renaissance School of Medicine at Stony Brook University,"$90,143",90143,"$50,958",50958,"$5,701",5701,"$112,793",112793,"$73,608",73608,"$5,701",5701,56659,79309,2027,2024-2025,
aamc_msar_tuition_fees_insurance,"AAMC MSAR Tuition, Fees and Insurance Information",https://students-residents.aamc.org/medical-school-admission-requirements/medical-school-admission-requirements-reports-applicants-and-advisors,data/raw/aamc/msar_reports/19_msar015-msar-tuition-fees-and-insurance-information.pdf,106,16,233.222,NY,State University of New York Upstate Medical University Alan and Marlene Norton College of Medicine,State University of New York Upstate Medical University Alan and Marlene Norton College of Medicine,"$89,621",89621,"$48,071",48071,"$7,333",7333,"$114,341",114341,"$72,791",72791,"$7,333",7333,55404,80124,2027,2024-2025,
aamc_msar_tuition_fees_insurance,"AAMC MSAR Tuition, Fees and Insurance Information",https://students-residents.aamc.org/medical-school-admission-requirements/medical-school-admission-requirements-reports-applicants-and-advisors,data/raw/aamc/msar_reports/19_msar015-msar-tuition-fees-and-insurance-information.pdf,107,16,210.182,NY,SUNY Downstate Health Sciences University College of Medicine,SUNY Downstate Health Sciences University College of Medicine,"$87,031",87031,"$47,472",47472,"$7,380",7380,"$111,751",111751,"$72,192",72192,"$7,380",7380,54852,79572,2027,2024-2025,
aamc_msar_tuition_fees_insurance,"AAMC MSAR Tuition, Fees and Insurance Information",https://students-residents.aamc.org/medical-school-admission-requirements/medical-school-admission-requirements-reports-applicants-and-advisors,data/raw/aamc/msar_reports/19_msar015-msar-tuition-fees-and-insurance-information.pdf,108,16,187.142,NY,University of Rochester School of Medicine and Dentistry,University of Rochester School of Medicine and Dentistry,"$103,800",103800,"$76,850",76850,"$3,720",3720,"$103,800",103800,"$76,850",76850,"$3,720",3720,80570,80570,2027,2024-2025,
aamc_msar_tuition_fees_insurance,"AAMC MSAR Tuition, Fees and Insurance Information",https://students-residents.aamc.org/medical-school-admission-requirements/medical-school-admission-requirements-reports-applicants-and-advisors,data/raw/aamc/msar_reports/19_msar015-msar-tuition-fees-and-insurance-information.pdf,109,16,164.102,NY,Weill Cornell Medicine,Weill Cornell Medicine,"$108,442",108442,"$76,286",76286,"$8,100",8100,"$108,442",108442,"$76,286",76286,"$8,100",8100,84386,84386,2027,2024-2025,
aamc_msar_tuition_fees_insurance,"AAMC MSAR Tuition, Fees and Insurance Information",https://students-residents.aamc.org/medical-school-admission-requirements/medical-school-admission-requirements-reports-applicants-and-advisors,data/raw/aamc/msar_reports/19_msar015-msar-tuition-fees-and-insurance-information.pdf,110,16,141.062,OH,Case Western Reserve University School of Medicine,Case Western Reserve University School of Medicine,"$112,023",112023,"$74,540",74540,"$3,986",3986,"$112,023",112023,"$74,540",74540,"$3,986",3986,78526,78526,2027,2024-2025,
aamc_msar_tuition_fees_insurance,"AAMC MSAR Tuition, Fees and Insurance Information",https://students-residents.aamc.org/medical-school-admission-requirements/medical-school-admission-requirements-reports-applicants-and-advisors,data/raw/aamc/msar_reports/19_msar015-msar-tuition-fees-and-insurance-information.pdf,111,16,118.022,OH,Northeast Ohio Medical University,Northeast Ohio Medical University,"$93,516",93516,"$53,173",53173,"$2,956",2956,"$140,044",140044,"$99,701",99701,"$2,956",2956,56129,102657,2027,2024-2025,
aamc_msar_tuition_fees_insurance,"AAMC MSAR Tuition, Fees and Insurance Information",https://students-residents.aamc.org/medical-school-admission-requirements/medical-school-admission-requirements-reports-applicants-and-advisors,data/raw/aamc/msar_reports/19_msar015-msar-tuition-fees-and-insurance-information.pdf,112,16,94.982,OH,Ohio State University College of Medicine,Ohio State University College of Medicine,"$61,508",61508,"$32,202",32202,"$3,918",3918,"$87,056",87056,"$57,122",57122,"$3,918",3918,36120,61040,2027,2024-2025,
aamc_msar_tuition_fees_insurance,"AAMC MSAR Tuition, Fees and Insurance Information",https://students-residents.aamc.org/medical-school-admission-requirements/medical-school-admission-requirements-reports-applicants-and-advisors,data/raw/aamc/msar_reports/19_msar015-msar-tuition-fees-and-insurance-information.pdf,113,16,71.942,OH,The University of Toledo College of Medicine and Life Sciences,The University of Toledo College of Medicine and Life Sciences,"$71,052",71052,"$41,206",41206,"$2,292",2292,"$106,881",106881,"$77,035",77035,"$2,292",2292,43498,79327,2027,2024-2025,
aamc_msar_tuition_fees_insurance,"AAMC MSAR Tuition, Fees and Insurance Information",https://students-residents.aamc.org/medical-school-admission-requirements/medical-school-admission-requirements-reports-applicants-and-advisors,data/raw/aamc/msar_reports/19_msar015-msar-tuition-fees-and-insurance-information.pdf,114,16,48.902,OH,University of Cincinnati College of Medicine,University of Cincinnati College of Medicine,"$63,213",63213,"$35,948",35948,"$2,521",2521,"$82,071",82071,"$54,806",54806,"$2,521",2521,38469,57327,2027,2024-2025,
aamc_msar_tuition_fees_insurance,"AAMC MSAR Tuition, Fees and Insurance Information",https://students-residents.aamc.org/medical-school-admission-requirements/medical-school-admission-requirements-reports-applicants-and-advisors,data/raw/aamc/msar_reports/19_msar015-msar-tuition-fees-and-insurance-information.pdf,115,18,463.622,OH,Wright State University Boonshoft School of Medicine,Wright State University Boonshoft School of Medicine,"$81,999",81999,"$48,671",48671,"$3,363",3363,"$109,161",109161,"$75,833",75833,"$3,363",3363,52034,79196,2027,2024-2025,
aamc_msar_tuition_fees_insurance,"AAMC MSAR Tuition, Fees and Insurance Information",https://students-residents.aamc.org/medical-school-admission-requirements/medical-school-admission-requirements-reports-applicants-and-advisors,data/raw/aamc/msar_reports/19_msar015-msar-tuition-fees-and-insurance-information.pdf,116,18,440.582,OK,University of Oklahoma College of Medicine,University of Oklahoma College of Medicine,"$77,430",77430,"$35,368",35368,"$4,116",4116,"$112,726",112726,"$70,664",70664,"$4,116",4116,39484,74780,2027,2024-2025,
aamc_msar_tuition_fees_insurance,"AAMC MSAR Tuition, Fees and Insurance Information",https://students-residents.aamc.org/medical-school-admission-requirements/medical-school-admission-requirements-reports-applicants-and-advisors,data/raw/aamc/msar_reports/19_msar015-msar-tuition-fees-and-insurance-information.pdf,117,18,417.542,OR,Oregon Health & Science University School of Medicine,Oregon Health & Science University School of Medicine,"$94,089",94089,"$51,372",51372,"$8,270",8270,"$120,397",120397,"$77,680",77680,"$8,270",8270,59642,85950,2027,2024-2025,
aamc_msar_tuition_fees_insurance,"AAMC MSAR Tuition, Fees and Insurance Information",https://students-residents.aamc.org/medical-school-admission-requirements/medical-school-admission-requirements-reports-applicants-and-advisors,data/raw/aamc/msar_reports/19_msar015-msar-tuition-fees-and-insurance-information.pdf,118,18,394.502,PA,Drexel University College of Medicine,Drexel University College of Medicine,"$110,487",110487,"$76,245",76245,"$3,030",3030,"$110,487",110487,"$76,245",76245,"$3,030",3030,79275,79275,2027,2024-2025,
aamc_msar_tuition_fees_insurance,"AAMC MSAR Tuition, Fees and Insurance Information",https://students-residents.aamc.org/medical-school-admission-requirements/medical-school-admission-requirements-reports-applicants-and-advisors,data/raw/aamc/msar_reports/19_msar015-msar-tuition-fees-and-insurance-information.pdf,119,18,371.462,PA,Geisinger Commonwealth School of Medicine,Geisinger Commonwealth School of Medicine,"$105,637",105637,"$65,494",65494,"$5,000",5000,"$112,591",112591,"$72,448",72448,"$5,000",5000,70494,77448,2027,2024-2025,
aamc_msar_tuition_fees_insurance,"AAMC MSAR Tuition, Fees and Insurance Information",https://students-residents.aamc.org/medical-school-admission-requirements/medical-school-admission-requirements-reports-applicants-and-advisors,data/raw/aamc/msar_reports/19_msar015-msar-tuition-fees-and-insurance-information.pdf,120,18,348.422,PA,Lewis Katz School of Medicine at Temple University,Lewis Katz School of Medicine at Temple University,"$88,396",88396,"$60,560",60560,$0,0,"$91,972",91972,"$64,136",64136,$0,0,60560,64136,2027,2024-2025,
aamc_msar_tuition_fees_insurance,"AAMC MSAR Tuition, Fees and Insurance Information",https://students-residents.aamc.org/medical-school-admission-requirements/medical-school-admission-requirements-reports-applicants-and-advisors,data/raw/aamc/msar_reports/19_msar015-msar-tuition-fees-and-insurance-information.pdf,121,18,325.382,PA,Pennsylvania State University College of Medicine,Pennsylvania State University College of Medicine,"$100,415",100415,"$61,354",61354,"$4,417",4417,"$107,619",107619,"$68,558",68558,"$4,417",4417,65771,72975,2027,2024-2025,
aamc_msar_tuition_fees_insurance,"AAMC MSAR Tuition, Fees and Insurance Information",https://students-residents.aamc.org/medical-school-admission-requirements/medical-school-admission-requirements-reports-applicants-and-advisors,data/raw/aamc/msar_reports/19_msar015-msar-tuition-fees-and-insurance-information.pdf,122,18,302.342,PA,Perelman School of Medicine at the University of Pennsylvania,Perelman School of Medicine at the University of Pennsylvania,"$112,583",112583,"$77,491",77491,"$4,662",4662,"$112,583",112583,"$77,491",77491,"$4,662",4662,82153,82153,2027,2024-2025,
aamc_msar_tuition_fees_insurance,"AAMC MSAR Tuition, Fees and Insurance Information",https://students-residents.aamc.org/medical-school-admission-requirements/medical-school-admission-requirements-reports-applicants-and-advisors,data/raw/aamc/msar_reports/19_msar015-msar-tuition-fees-and-insurance-information.pdf,123,18,279.302,PA,Sidney Kimmel Medical College at Thomas Jefferson University,Sidney Kimmel Medical College at Thomas Jefferson University,"$102,480",102480,"$70,292",70292,"$6,076",6076,"$102,480",102480,"$70,292",70292,"$6,076",6076,76368,76368,2027,2024-2025,
aamc_msar_tuition_fees_insurance,"AAMC MSAR Tuition, Fees and Insurance Information",https://students-residents.aamc.org/medical-school-admission-requirements/medical-school-admission-requirements-reports-applicants-and-advisors,data/raw/aamc/msar_reports/19_msar015-msar-tuition-fees-and-insurance-information.pdf,124,18,256.262,PA,University of Pittsburgh School of Medicine,University of Pittsburgh School of Medicine,"$98,074",98074,"$67,522",67522,"$4,728",4728,"$103,350",103350,"$72,798",72798,"$4,728",4728,72250,77526,2027,2024-2025,
aamc_msar_tuition_fees_insurance,"AAMC MSAR Tuition, Fees and Insurance Information",https://students-residents.aamc.org/medical-school-admission-requirements/medical-school-admission-requirements-reports-applicants-and-advisors,data/raw/aamc/msar_reports/19_msar015-msar-tuition-fees-and-insurance-information.pdf,125,18,233.222,PR,Ponce Health Sciences University School of Medicine,Ponce Health Sciences University School of Medicine,"$93,080",93080,"$51,102",51102,"$2,678",2678,"$121,942",121942,"$77,464",77464,"$2,678",2678,53780,80142,2027,2024-2025,
aamc_msar_tuition_fees_insurance,"AAMC MSAR Tuition, Fees and Insurance Information",https://students-residents.aamc.org/medical-school-admission-requirements/medical-school-admission-requirements-reports-applicants-and-advisors,data/raw/aamc/msar_reports/19_msar015-msar-tuition-fees-and-insurance-information.pdf,126,18,210.182,PR,San Juan Bautista School of Medicine,San Juan Bautista School of Medicine,"$69,762",69762,"$35,000",35000,"$4,606",4606,"$82,762",82762,"$45,000",45000,"$4,606",4606,39606,49606,2027,2024-2025,
aamc_msar_tuition_fees_insurance,"AAMC MSAR Tuition, Fees and Insurance Information",https://students-residents.aamc.org/medical-school-admission-requirements/medical-school-admission-requirements-reports-applicants-and-advisors,data/raw/aamc/msar_reports/19_msar015-msar-tuition-fees-and-insurance-information.pdf,127,18,187.142,PR,Universidad Central del Caribe School of Medicine,Universidad Central del Caribe School of Medicine,"$72,902",72902,"$41,869",41869,"$2,814",2814,"$84,939",84939,"$53,906",53906,"$2,814",2814,44683,56720,2027,2024-2025,
aamc_msar_tuition_fees_insurance,"AAMC MSAR Tuition, Fees and Insurance Information",https://students-residents.aamc.org/medical-school-admission-requirements/medical-school-admission-requirements-reports-applicants-and-advisors,data/raw/aamc/msar_reports/19_msar015-msar-tuition-fees-and-insurance-information.pdf,128,18,164.102,PR,University of Puerto Rico School of Medicine,University of Puerto Rico School of Medicine,"$59,390",59390,"$18,200",18200,"$1,486",1486,"$76,890",76890,"$35,700",35700,"$1,486",1486,19686,37186,2027,2024-2025,
aamc_msar_tuition_fees_insurance,"AAMC MSAR Tuition, Fees and Insurance Information",https://students-residents.aamc.org/medical-school-admission-requirements/medical-school-admission-requirements-reports-applicants-and-advisors,data/raw/aamc/msar_reports/19_msar015-msar-tuition-fees-and-insurance-information.pdf,129,18,141.062,RI,The Warren Alpert Medical School of Brown University,The Warren Alpert Medical School of Brown University,"$104,340",104340,"$74,670",74670,"$5,367",5367,"$104,340",104340,"$74,670",74670,"$5,367",5367,80037,80037,2027,2024-2025,
aamc_msar_tuition_fees_insurance,"AAMC MSAR Tuition, Fees and Insurance Information",https://students-residents.aamc.org/medical-school-admission-requirements/medical-school-admission-requirements-reports-applicants-and-advisors,data/raw/aamc/msar_reports/19_msar015-msar-tuition-fees-and-insurance-information.pdf,130,18,118.022,SC,Medical University of South Carolina College of Medicine,Medical University of South Carolina College of Medicine,"$82,113",82113,"$41,209",41209,"$3,780",3780,"$111,228",111228,"$70,324",70324,"$3,780",3780,44989,74104,2027,2024-2025,
aamc_msar_tuition_fees_insurance,"AAMC MSAR Tuition, Fees and Insurance Information",https://students-residents.aamc.org/medical-school-admission-requirements/medical-school-admission-requirements-reports-applicants-and-advisors,data/raw/aamc/msar_reports/19_msar015-msar-tuition-fees-and-insurance-information.pdf,131,18,94.982,SC,University of South Carolina School of Medicine Columbia,University of South Carolina School of Medicine Columbia,"$75,756",75756,"$44,832",44832,"$3,780",3780,"$120,018",120018,"$89,094",89094,"$3,780",3780,48612,92874,2027,2024-2025,
aamc_msar_tuition_fees_insurance,"AAMC MSAR Tuition, Fees and Insurance Information",https://students-residents.aamc.org/medical-school-admission-requirements/medical-school-admission-requirements-reports-applicants-and-advisors,data/raw/aamc/msar_reports/19_msar015-msar-tuition-fees-and-insurance-information.pdf,132,18,71.942,SC,University of South Carolina School of Medicine Greenville,University of South Carolina School of Medicine Greenville,"$78,537",78537,"$44,912",44912,"$3,780",3780,"$122,799",122799,"$89,174",89174,"$3,780",3780,48692,92954,2027,2024-2025,
aamc_msar_tuition_fees_insurance,"AAMC MSAR Tuition, Fees and Insurance Information",https://students-residents.aamc.org/medical-school-admission-requirements/medical-school-admission-requirements-reports-applicants-and-advisors,data/raw/aamc/msar_reports/19_msar015-msar-tuition-fees-and-insurance-information.pdf,133,18,48.902,SD,"University of South Dakota, Sanford School of Medicine","University of South Dakota, Sanford School of Medicine","$64,369",64369,"$35,344",35344,"$2,182",2182,"$110,499",110499,"$81,474",81474,"$2,182",2182,37526,83656,2027,2024-2025,
aamc_msar_tuition_fees_insurance,"AAMC MSAR Tuition, Fees and Insurance Information",https://students-residents.aamc.org/medical-school-admission-requirements/medical-school-admission-requirements-reports-applicants-and-advisors,data/raw/aamc/msar_reports/19_msar015-msar-tuition-fees-and-insurance-information.pdf,134,20,463.622,TN,East Tennessee State University James H. Quillen College of Medicine,East Tennessee State University James H. Quillen College of Medicine,"$74,449",74449,"$38,810",38810,"$4,048",4048,"$85,393",85393,"$49,754",49754,"$4,048",4048,42858,53802,2027,2024-2025,
aamc_msar_tuition_fees_insurance,"AAMC MSAR Tuition, Fees and Insurance Information",https://students-residents.aamc.org/medical-school-admission-requirements/medical-school-admission-requirements-reports-applicants-and-advisors,data/raw/aamc/msar_reports/19_msar015-msar-tuition-fees-and-insurance-information.pdf,135,20,440.582,TN,Meharry Medical College,Meharry Medical College,"$106,566",106566,"$59,250",59250,"$5,737",5737,"$106,566",106566,"$59,250",59250,"$5,737",5737,64987,64987,2027,2024-2025,
aamc_msar_tuition_fees_insurance,"AAMC MSAR Tuition, Fees and Insurance Information",https://students-residents.aamc.org/medical-school-admission-requirements/medical-school-admission-requirements-reports-applicants-and-advisors,data/raw/aamc/msar_reports/19_msar015-msar-tuition-fees-and-insurance-information.pdf,136,20,417.542,TN,"Thomas F. Frist, Jr. College of Medicine at Belmont University","Thomas F. Frist, Jr. College of Medicine at Belmont University","$105,639",105639,"$69,602",69602,"$3,275",3275,"$105,639",105639,"$69,602",69602,"$3,275",3275,72877,72877,2027,2024-2025,
aamc_msar_tuition_fees_insurance,"AAMC MSAR Tuition, Fees and Insurance Information",https://students-residents.aamc.org/medical-school-admission-requirements/medical-school-admission-requirements-reports-applicants-and-advisors,data/raw/aamc/msar_reports/19_msar015-msar-tuition-fees-and-insurance-information.pdf,137,20,394.502,TN,University of Tennessee Health Science Center College of Medicine,University of Tennessee Health Science Center College of Medicine,"$75,551",75551,"$38,874",38874,"$4,232",4232,"$95,047",95047,"$58,370",58370,"$4,232",4232,43106,62602,2027,2024-2025,
aamc_msar_tuition_fees_insurance,"AAMC MSAR Tuition, Fees and Insurance Information",https://students-residents.aamc.org/medical-school-admission-requirements/medical-school-admission-requirements-reports-applicants-and-advisors,data/raw/aamc/msar_reports/19_msar015-msar-tuition-fees-and-insurance-information.pdf,138,20,371.462,TN,Vanderbilt University School of Medicine,Vanderbilt University School of Medicine,"$116,943",116943,"$72,803",72803,"$4,074",4074,"$116,943",116943,"$72,803",72803,"$4,074",4074,76877,76877,2027,2024-2025,
aamc_msar_tuition_fees_insurance,"AAMC MSAR Tuition, Fees and Insurance Information",https://students-residents.aamc.org/medical-school-admission-requirements/medical-school-admission-requirements-reports-applicants-and-advisors,data/raw/aamc/msar_reports/19_msar015-msar-tuition-fees-and-insurance-information.pdf,139,20,348.422,TX,Anne Burnett Marion School of Medicine at TCU,Anne Burnett Marion School of Medicine at TCU,"$114,181",114181,"$72,270",72270,"$2,849",2849,"$114,181",114181,"$72,270",72270,"$2,849",2849,75119,75119,2027,2024-2025,
aamc_msar_tuition_fees_insurance,"AAMC MSAR Tuition, Fees and Insurance Information",https://students-residents.aamc.org/medical-school-admission-requirements/medical-school-admission-requirements-reports-applicants-and-advisors,data/raw/aamc/msar_reports/19_msar015-msar-tuition-fees-and-insurance-information.pdf,140,20,325.382,TX,Baylor College of Medicine,Baylor College of Medicine,"$64,821",64821,"$23,783",23783,"$5,914",5914,"$77,917",77917,"$36,879",36879,"$5,914",5914,29697,42793,2027,2024-2025,
aamc_msar_tuition_fees_insurance,"AAMC MSAR Tuition, Fees and Insurance Information",https://students-residents.aamc.org/medical-school-admission-requirements/medical-school-admission-requirements-reports-applicants-and-advisors,data/raw/aamc/msar_reports/19_msar015-msar-tuition-fees-and-insurance-information.pdf,141,20,302.342,TX,McGovern Medical School at the University of Texas Health Science Center at Houston,McGovern Medical School at the University of Texas Health Science Center at Houston,"$62,492",62492,"$26,165",26165,"$3,438",3438,"$70,147",70147,"$33,820",33820,"$3,438",3438,29603,37258,2027,2024-2025,
aamc_msar_tuition_fees_insurance,"AAMC MSAR Tuition, Fees and Insurance Information",https://students-residents.aamc.org/medical-school-admission-requirements/medical-school-admission-requirements-reports-applicants-and-advisors,data/raw/aamc/msar_reports/19_msar015-msar-tuition-fees-and-insurance-information.pdf,142,20,279.302,TX,Texas A&M University School of Medicine,Texas A&M University School of Medicine,"$53,130",53130,"$22,998",22998,$0,0,"$68,880",68880,"$36,098",36098,$0,0,22998,36098,2027,2024-2025,
aamc_msar_tuition_fees_insurance,"AAMC MSAR Tuition, Fees and Insurance Information",https://students-residents.aamc.org/medical-school-admission-requirements/medical-school-admission-requirements-reports-applicants-and-advisors,data/raw/aamc/msar_reports/19_msar015-msar-tuition-fees-and-insurance-information.pdf,143,20,256.262,TX,Texas Tech University Health Sciences Center Paul L. Foster School of Medicine,Texas Tech University Health Sciences Center Paul L. Foster School of Medicine,"$68,766",68766,"$23,596",23596,"$2,930",2930,"$83,887",83887,"$38,717",38717,"$2,930",2930,26526,41647,2027,2024-2025,
aamc_msar_tuition_fees_insurance,"AAMC MSAR Tuition, Fees and Insurance Information",https://students-residents.aamc.org/medical-school-admission-requirements/medical-school-admission-requirements-reports-applicants-and-advisors,data/raw/aamc/msar_reports/19_msar015-msar-tuition-fees-and-insurance-information.pdf,144,20,233.222,TX,Texas Tech University Health Sciences Center School of Medicine,Texas Tech University Health Sciences Center School of Medicine,"$56,378",56378,"$23,744",23744,"$3,180",3180,"$69,478",69478,"$36,844",36844,"$3,180",3180,26924,40024,2027,2024-2025,
aamc_msar_tuition_fees_insurance,"AAMC MSAR Tuition, Fees and Insurance Information",https://students-residents.aamc.org/medical-school-admission-requirements/medical-school-admission-requirements-reports-applicants-and-advisors,data/raw/aamc/msar_reports/19_msar015-msar-tuition-fees-and-insurance-information.pdf,145,20,210.182,TX,The University of Texas at Tyler School of Medicine,The University of Texas at Tyler School of Medicine,"$60,536",60536,"$22,442",22442,"$3,438",3438,"$76,476",76476,"$38,382",38382,"$3,438",3438,25880,41820,2027,2024-2025,
aamc_msar_tuition_fees_insurance,"AAMC MSAR Tuition, Fees and Insurance Information",https://students-residents.aamc.org/medical-school-admission-requirements/medical-school-admission-requirements-reports-applicants-and-advisors,data/raw/aamc/msar_reports/19_msar015-msar-tuition-fees-and-insurance-information.pdf,146,20,187.142,TX,The University of Texas Health Science Center at San Antonio Joe R. and Teresa Lozano Long School of Medicine,The University of Texas Health Science Center at San Antonio Joe R. and Teresa Lozano Long School of Medicine,"$60,356",60356,"$26,798",26798,"$3,438",3438,"$75,772",75772,"$42,214",42214,"$3,438",3438,30236,45652,2027,2024-2025,
aamc_msar_tuition_fees_insurance,"AAMC MSAR Tuition, Fees and Insurance Information",https://students-residents.aamc.org/medical-school-admission-requirements/medical-school-admission-requirements-reports-applicants-and-advisors,data/raw/aamc/msar_reports/19_msar015-msar-tuition-fees-and-insurance-information.pdf,147,20,164.102,TX,University of Houston Tilman J. Fertitta Family College of Medicine,University of Houston Tilman J. Fertitta Family College of Medicine,"$56,614",56614,"$24,268",24268,"$3,458",3458,"$69,714",69714,"$37,368",37368,"$3,458",3458,27726,40826,2027,2024-2025,
aamc_msar_tuition_fees_insurance,"AAMC MSAR Tuition, Fees and Insurance Information",https://students-residents.aamc.org/medical-school-admission-requirements/medical-school-admission-requirements-reports-applicants-and-advisors,data/raw/aamc/msar_reports/19_msar015-msar-tuition-fees-and-insurance-information.pdf,148,20,141.062,TX,University of Texas at Austin Dell Medical School,University of Texas at Austin Dell Medical School,"$63,184",63184,"$22,074",22074,"$4,032",4032,"$78,248",78248,"$37,138",37138,"$4,032",4032,26106,41170,2027,2024-2025,
aamc_msar_tuition_fees_insurance,"AAMC MSAR Tuition, Fees and Insurance Information",https://students-residents.aamc.org/medical-school-admission-requirements/medical-school-admission-requirements-reports-applicants-and-advisors,data/raw/aamc/msar_reports/19_msar015-msar-tuition-fees-and-insurance-information.pdf,149,20,118.022,TX,University of Texas Medical Branch John Sealy School of Medicine,University of Texas Medical Branch John Sealy School of Medicine,"$61,825",61825,"$26,993",26993,"$3,438",3438,"$76,991",76991,"$42,159",42159,"$3,438",3438,30431,45597,2027,2024-2025,
aamc_msar_tuition_fees_insurance,"AAMC MSAR Tuition, Fees and Insurance Information",https://students-residents.aamc.org/medical-school-admission-requirements/medical-school-admission-requirements-reports-applicants-and-advisors,data/raw/aamc/msar_reports/19_msar015-msar-tuition-fees-and-insurance-information.pdf,150,20,94.982,TX,University of Texas Rio Grande Valley School of Medicine,University of Texas Rio Grande Valley School of Medicine,"$59,260",59260,"$21,532",21532,"$3,438",3438,"$72,360",72360,"$34,632",34632,"$3,438",3438,24970,38070,2027,2024-2025,
aamc_msar_tuition_fees_insurance,"AAMC MSAR Tuition, Fees and Insurance Information",https://students-residents.aamc.org/medical-school-admission-requirements/medical-school-admission-requirements-reports-applicants-and-advisors,data/raw/aamc/msar_reports/19_msar015-msar-tuition-fees-and-insurance-information.pdf,151,20,71.942,TX,University of Texas Southwestern Medical School,University of Texas Southwestern Medical School,"$64,790",64790,"$25,122",25122,"$3,438",3438,"$77,890",77890,"$38,222",38222,"$3,438",3438,28560,41660,2027,2024-2025,
aamc_msar_tuition_fees_insurance,"AAMC MSAR Tuition, Fees and Insurance Information",https://students-residents.aamc.org/medical-school-admission-requirements/medical-school-admission-requirements-reports-applicants-and-advisors,data/raw/aamc/msar_reports/19_msar015-msar-tuition-fees-and-insurance-information.pdf,152,20,48.902,UT,Spencer Fox Eccles School of Medicine at the University of Utah,Spencer Fox Eccles School of Medicine at the University of Utah,"$90,766",90766,"$49,502",49502,"$2,755",2755,"$133,496",133496,"$92,232",92232,"$2,755",2755,52257,94987,2027,2024-2025,
aamc_msar_tuition_fees_insurance,"AAMC MSAR Tuition, Fees and Insurance Information",https://students-residents.aamc.org/medical-school-admission-requirements/medical-school-admission-requirements-reports-applicants-and-advisors,data/raw/aamc/msar_reports/19_msar015-msar-tuition-fees-and-insurance-information.pdf,153,22,463.622,VA,Eastern Virginia Medical School,Eastern Virginia Medical School,"$69,031",69031,"$40,302",40302,"$3,204",3204,"$92,301",92301,"$62,628",62628,"$3,204",3204,43506,65832,2027,2024-2025,
aamc_msar_tuition_fees_insurance,"AAMC MSAR Tuition, Fees and Insurance Information",https://students-residents.aamc.org/medical-school-admission-requirements/medical-school-admission-requirements-reports-applicants-and-advisors,data/raw/aamc/msar_reports/19_msar015-msar-tuition-fees-and-insurance-information.pdf,154,22,440.582,VA,University of Virginia School of Medicine,University of Virginia School of Medicine,"$86,104",86104,"$55,054",55054,"$4,100",4100,"$100,052",100052,"$69,002",69002,"$4,100",4100,59154,73102,2027,2024-2025,
aamc_msar_tuition_fees_insurance,"AAMC MSAR Tuition, Fees and Insurance Information",https://students-residents.aamc.org/medical-school-admission-requirements/medical-school-admission-requirements-reports-applicants-and-advisors,data/raw/aamc/msar_reports/19_msar015-msar-tuition-fees-and-insurance-information.pdf,155,22,417.542,VA,Virginia Commonwealth University School of Medicine,Virginia Commonwealth University School of Medicine,"$88,878",88878,"$41,660",41660,"$3,412",3412,"$116,112",116112,"$67,318",67318,"$3,412",3412,45072,70730,2027,2024-2025,
aamc_msar_tuition_fees_insurance,"AAMC MSAR Tuition, Fees and Insurance Information",https://students-residents.aamc.org/medical-school-admission-requirements/medical-school-admission-requirements-reports-applicants-and-advisors,data/raw/aamc/msar_reports/19_msar015-msar-tuition-fees-and-insurance-information.pdf,156,22,394.502,VA,Virginia Tech Carilion School of Medicine,Virginia Tech Carilion School of Medicine,"$93,201",93201,"$63,779",63779,"$3,818",3818,"$93,201",93201,"$63,779",63779,"$3,818",3818,67597,67597,2027,2024-2025,
aamc_msar_tuition_fees_insurance,"AAMC MSAR Tuition, Fees and Insurance Information",https://students-residents.aamc.org/medical-school-admission-requirements/medical-school-admission-requirements-reports-applicants-and-advisors,data/raw/aamc/msar_reports/19_msar015-msar-tuition-fees-and-insurance-information.pdf,157,22,371.462,VT,"Robert Larner, M.D., College of Medicine at the University of Vermont","Robert Larner, M.D., College of Medicine at the University of Vermont","$72,866",72866,"$41,736",41736,"$3,066",3066,"$105,472",105472,"$72,402",72402,"$3,066",3066,44802,75468,2027,2024-2025,
aamc_msar_tuition_fees_insurance,"AAMC MSAR Tuition, Fees and Insurance Information",https://students-residents.aamc.org/medical-school-admission-requirements/medical-school-admission-requirements-reports-applicants-and-advisors,data/raw/aamc/msar_reports/19_msar015-msar-tuition-fees-and-insurance-information.pdf,158,22,348.422,WA,University of Washington School of Medicine,University of Washington School of Medicine,"$97,083",97083,"$57,968",57968,$0,0,"$141,434",141434,"$102,319",102319,$0,0,57968,102319,2027,2024-2025,
aamc_msar_tuition_fees_insurance,"AAMC MSAR Tuition, Fees and Insurance Information",https://students-residents.aamc.org/medical-school-admission-requirements/medical-school-admission-requirements-reports-applicants-and-advisors,data/raw/aamc/msar_reports/19_msar015-msar-tuition-fees-and-insurance-information.pdf,159,22,325.382,WA,Washington State University Elson S. Floyd College of Medicine,Washington State University Elson S. Floyd College of Medicine,"$74,688",74688,"$44,622",44622,$390,390,$0,0,$0,0,$0,0,45012,0,2027,2024-2025,out-of-state reported cost fields are zero
aamc_msar_tuition_fees_insurance,"AAMC MSAR Tuition, Fees and Insurance Information",https://students-residents.aamc.org/medical-school-admission-requirements/medical-school-admission-requirements-reports-applicants-and-advisors,data/raw/aamc/msar_reports/19_msar015-msar-tuition-fees-and-insurance-information.pdf,160,22,302.342,WI,Medical College of Wisconsin,Medical College of Wisconsin,"$105,717",105717,"$68,398",68398,"$5,209",5209,"$109,187",109187,"$71,868",71868,"$5,209",5209,73607,77077,2027,2024-2025,
aamc_msar_tuition_fees_insurance,"AAMC MSAR Tuition, Fees and Insurance Information",https://students-residents.aamc.org/medical-school-admission-requirements/medical-school-admission-requirements-reports-applicants-and-advisors,data/raw/aamc/msar_reports/19_msar015-msar-tuition-fees-and-insurance-information.pdf,161,22,279.302,WI,University of Wisconsin School of Medicine and Public Health,University of Wisconsin School of Medicine and Public Health,"$78,665",78665,"$44,392",44392,$0,0,"$97,464",97464,"$62,514",62514,$0,0,44392,62514,2027,2024-2025,
aamc_msar_tuition_fees_insurance,"AAMC MSAR Tuition, Fees and Insurance Information",https://students-residents.aamc.org/medical-school-admission-requirements/medical-school-admission-requirements-reports-applicants-and-advisors,data/raw/aamc/msar_reports/19_msar015-msar-tuition-fees-and-insurance-information.pdf,162,22,256.262,WV,Marshall University Joan C. Edwards School of Medicine,Marshall University Joan C. Edwards School of Medicine,"$62,212",62212,"$27,662",27662,$0,0,"$96,796",96796,"$62,246",62246,$0,0,27662,62246,2027,2024-2025,
aamc_msar_tuition_fees_insurance,"AAMC MSAR Tuition, Fees and Insurance Information",https://students-residents.aamc.org/medical-school-admission-requirements/medical-school-admission-requirements-reports-applicants-and-advisors,data/raw/aamc/msar_reports/19_msar015-msar-tuition-fees-and-insurance-information.pdf,163,22,233.222,WV,West Virginia University School of Medicine,West Virginia University School of Medicine,"$70,337",70337,"$37,071",37071,"$3,050",3050,"$108,143",108143,"$74,007",74007,"$3,050",3050,40121,77057,2027,2024-2025,
aamc_msar_tuition_fees_insurance,"AAMC MSAR Tuition, Fees and Insurance Information",https://students-residents.aamc.org/medical-school-admission-requirements/medical-school-admission-requirements-reports-applicants-and-advisors,data/raw/aamc/msar_reports/19_msar015-msar-tuition-fees-and-insurance-information.pdf,164,24,463.621,BC,University of British Columbia Faculty of Medicine,University of British Columbia Faculty of Medicine,$0,0,"$24,838",24838,$0,0,$0,0,"$24,838",24838,$0,0,24838,24838,2027,2024-2025,in-state total cost of attendance is zero but tuition and fees is populated; out-of-state total cost of attendance is zero but tuition and fees is populated
aamc_msar_tuition_fees_insurance,"AAMC MSAR Tuition, Fees and Insurance Information",https://students-residents.aamc.org/medical-school-admission-requirements/medical-school-admission-requirements-reports-applicants-and-advisors,data/raw/aamc/msar_reports/19_msar015-msar-tuition-fees-and-insurance-information.pdf,165,24,440.581,MB,"Max Rady College of Medicine, Rady Faculty of Health Sciences, University of Manitoba","Max Rady College of Medicine, Rady Faculty of Health Sciences, University of Manitoba",$0,0,"$11,658",11658,$0,0,$0,0,$0,0,$0,0,11658,0,2027,2024-2025,out-of-state reported cost fields are zero; in-state total cost of attendance is zero but tuition and fees is populated
aamc_msar_tuition_fees_insurance,"AAMC MSAR Tuition, Fees and Insurance Information",https://students-residents.aamc.org/medical-school-admission-requirements/medical-school-admission-requirements-reports-applicants-and-advisors,data/raw/aamc/msar_reports/19_msar015-msar-tuition-fees-and-insurance-information.pdf,166,24,417.541,NL,Memorial University of Newfoundland Faculty of Medicine,Memorial University of Newfoundland Faculty of Medicine,$0,0,"$14,250",14250,$0,0,$0,0,"$30,000",30000,$0,0,14250,30000,2027,2024-2025,in-state total cost of attendance is zero but tuition and fees is populated; out-of-state total cost of attendance is zero but tuition and fees is populated
aamc_msar_tuition_fees_insurance,"AAMC MSAR Tuition, Fees and Insurance Information",https://students-residents.aamc.org/medical-school-admission-requirements/medical-school-admission-requirements-reports-applicants-and-advisors,data/raw/aamc/msar_reports/19_msar015-msar-tuition-fees-and-insurance-information.pdf,167,24,394.501,NS,Dalhousie University Faculty of Medicine,Dalhousie University Faculty of Medicine,$0,0,"$26,270",26270,$0,0,$0,0,$0,0,$0,0,26270,0,2027,2024-2025,out-of-state reported cost fields are zero; in-state total cost of attendance is zero but tuition and fees is populated
aamc_msar_tuition_fees_insurance,"AAMC MSAR Tuition, Fees and Insurance Information",https://students-residents.aamc.org/medical-school-admission-requirements/medical-school-admission-requirements-reports-applicants-and-advisors,data/raw/aamc/msar_reports/19_msar015-msar-tuition-fees-and-insurance-information.pdf,168,24,371.461,ON,McMaster University Michael G. DeGroote School of Medicine,McMaster University Michael G. DeGroote School of Medicine,$0,0,"$25,130",25130,$0,0,$0,0,$0,0,$0,0,25130,0,2027,2024-2025,out-of-state reported cost fields are zero; in-state total cost of attendance is zero but tuition and fees is populated
aamc_msar_tuition_fees_insurance,"AAMC MSAR Tuition, Fees and Insurance Information",https://students-residents.aamc.org/medical-school-admission-requirements/medical-school-admission-requirements-reports-applicants-and-advisors,data/raw/aamc/msar_reports/19_msar015-msar-tuition-fees-and-insurance-information.pdf,169,24,348.421,ON,Northern Ontario School of Medicine,Northern Ontario School of Medicine,$0,0,"$24,283",24283,$0,0,$0,0,"$24,283",24283,$0,0,24283,24283,2027,2024-2025,in-state total cost of attendance is zero but tuition and fees is populated; out-of-state total cost of attendance is zero but tuition and fees is populated
aamc_msar_tuition_fees_insurance,"AAMC MSAR Tuition, Fees and Insurance Information",https://students-residents.aamc.org/medical-school-admission-requirements/medical-school-admission-requirements-reports-applicants-and-advisors,data/raw/aamc/msar_reports/19_msar015-msar-tuition-fees-and-insurance-information.pdf,170,24,325.381,ON,Queen's University Faculty of Health Sciences,Queen's University Faculty of Health Sciences,$0,0,"$25,277",25277,$0,0,$0,0,"$25,277",25277,$0,0,25277,25277,2027,2024-2025,in-state total cost of attendance is zero but tuition and fees is populated; out-of-state total cost of attendance is zero but tuition and fees is populated
aamc_msar_tuition_fees_insurance,"AAMC MSAR Tuition, Fees and Insurance Information",https://students-residents.aamc.org/medical-school-admission-requirements/medical-school-admission-requirements-reports-applicants-and-advisors,data/raw/aamc/msar_reports/19_msar015-msar-tuition-fees-and-insurance-information.pdf,171,24,302.341,ON,The University of Western Ontario - Schulich School of Medicine & Dentistry,The University of Western Ontario - Schulich School of Medicine & Dentistry,$0,0,"$25,703",25703,$0,0,$0,0,$0,0,$0,0,25703,0,2027,2024-2025,out-of-state reported cost fields are zero; in-state total cost of attendance is zero but tuition and fees is populated
aamc_msar_tuition_fees_insurance,"AAMC MSAR Tuition, Fees and Insurance Information",https://students-residents.aamc.org/medical-school-admission-requirements/medical-school-admission-requirements-reports-applicants-and-advisors,data/raw/aamc/msar_reports/19_msar015-msar-tuition-fees-and-insurance-information.pdf,172,24,279.301,ON,Toronto Metropolitan University School of Medicine,Toronto Metropolitan University School of Medicine,$0,0,"$26,586",26586,$0,0,$0,0,"$29,135",29135,$0,0,26586,29135,2027,2024-2025,in-state total cost of attendance is zero but tuition and fees is populated; out-of-state total cost of attendance is zero but tuition and fees is populated
aamc_msar_tuition_fees_insurance,"AAMC MSAR Tuition, Fees and Insurance Information",https://students-residents.aamc.org/medical-school-admission-requirements/medical-school-admission-requirements-reports-applicants-and-advisors,data/raw/aamc/msar_reports/19_msar015-msar-tuition-fees-and-insurance-information.pdf,173,24,256.261,ON,University of Ottawa Faculty of Medicine,University of Ottawa Faculty of Medicine,$0,0,"$25,487",25487,$0,0,$0,0,"$29,504",29504,$0,0,25487,29504,2027,2024-2025,in-state total cost of attendance is zero but tuition and fees is populated; out-of-state total cost of attendance is zero but tuition and fees is populated
aamc_msar_tuition_fees_insurance,"AAMC MSAR Tuition, Fees and Insurance Information",https://students-residents.aamc.org/medical-school-admission-requirements/medical-school-admission-requirements-reports-applicants-and-advisors,data/raw/aamc/msar_reports/19_msar015-msar-tuition-fees-and-insurance-information.pdf,174,24,233.221,ON,University of Toronto Temerty Faculty of Medicine,University of Toronto Temerty Faculty of Medicine,$0,0,"$25,416",25416,$0,0,$0,0,"$29,836",29836,$0,0,25416,29836,2027,2024-2025,in-state total cost of attendance is zero but tuition and fees is populated; out-of-state total cost of attendance is zero but tuition and fees is populated
aamc_msar_tuition_fees_insurance,"AAMC MSAR Tuition, Fees and Insurance Information",https://students-residents.aamc.org/medical-school-admission-requirements/medical-school-admission-requirements-reports-applicants-and-advisors,data/raw/aamc/msar_reports/19_msar015-msar-tuition-fees-and-insurance-information.pdf,175,24,210.181,QC,Universite de Montreal Faculty of Medicine,Universite de Montreal Faculty of Medicine,$0,0,"$11,610",11610,$0,0,$0,0,"$51,605",51605,$0,0,11610,51605,2027,2024-2025,in-state total cost of attendance is zero but tuition and fees is populated; out-of-state total cost of attendance is zero but tuition and fees is populated
aamc_msar_tuition_fees_insurance,"AAMC MSAR Tuition, Fees and Insurance Information",https://students-residents.aamc.org/medical-school-admission-requirements/medical-school-admission-requirements-reports-applicants-and-advisors,data/raw/aamc/msar_reports/19_msar015-msar-tuition-fees-and-insurance-information.pdf,176,24,187.141,SK,University of Saskatchewan College of Medicine,University of Saskatchewan College of Medicine,$0,0,"$21,056",21056,$0,0,$0,0,$0,0,$0,0,21056,0,2027,2024-2025,out-of-state reported cost fields are zero; in-state total cost of attendance is zero but tuition and fees is populated
