school_id,school_name,state_abbrev,in_state_tuition_fees_insurance,out_state_tuition_fees_insurance,estimated_coa_in_state,estimated_coa_out_state,tuition_source_url,tuition_source_name,aamc_source_row_number,aamc_school_name,match_score,match_label,notes
md_frederick_p_whiddon_college_of_medicine_at_the_university_of_south_alabama_mobil,Frederick P. Whiddon College of Medicine at the University of South Alabama,AL,39655,74888,69123,104356,https://students-residents.aamc.org/medical-school-admission-requirements/medical-school-admission-requirements-reports-applicants-and-advisors,"AAMC MSAR Tuition, Fees and Insurance Information",1,Frederick P. Whiddon College of Medicine at the University of South Alabama,1.000,exact,
md_university_of_alabama_at_birmingham_marnix_e_heersink_school_of_medicine_birming,University of Alabama at Birmingham Marnix E. Heersink School of Medicine,AL,40844,71348,74582,105891,https://students-residents.aamc.org/medical-school-admission-requirements/medical-school-admission-requirements-reports-applicants-and-advisors,"AAMC MSAR Tuition, Fees and Insurance Information",2,University of Alabama at Birmingham Marnix E. Heersink School of Medicine,1.000,exact,
md_alice_l_walton_school_of_medicine_bentonville_arkansas,Alice L. Walton School of Medicine,AR,2390,2390,36246,36246,https://students-residents.aamc.org/medical-school-admission-requirements/medical-school-admission-requirements-reports-applicants-and-advisors,"AAMC MSAR Tuition, Fees and Insurance Information",3,Alice L. Walton School of Medicine,1.000,exact,
md_university_of_arkansas_for_medical_sciences_college_of_medicine_little_rock_arka,University of Arkansas for Medical Sciences College of Medicine,AR,42162,76226,72446,106510,https://students-residents.aamc.org/medical-school-admission-requirements/medical-school-admission-requirements-reports-applicants-and-advisors,"AAMC MSAR Tuition, Fees and Insurance Information",4,University of Arkansas for Medical Sciences College of Medicine,1.000,exact,
md_university_of_arizona_college_of_medicine_tucson_tucson_arizona,University of Arizona College of Medicine - Tucson,AZ,43790,63443,78490,98143,https://students-residents.aamc.org/medical-school-admission-requirements/medical-school-admission-requirements-reports-applicants-and-advisors,"AAMC MSAR Tuition, Fees and Insurance Information",6,University of Arizona College of Medicine,0.940,high_confidence,
md_university_of_arizona_college_of_medicine_phoenix_phoenix_arizona,University of Arizona College of Medicine - Phoenix,AZ,44131,63462,84651,103982,https://students-residents.aamc.org/medical-school-admission-requirements/medical-school-admission-requirements-reports-applicants-and-advisors,"AAMC MSAR Tuition, Fees and Insurance Information",7,University of Arizona College of Medicine - Phoenix,1.000,exact,
md_california_northstate_university_college_of_medicine_elk_grove_california,California Northstate University College of Medicine,CA,81901,81901,113663,113663,https://students-residents.aamc.org/medical-school-admission-requirements/medical-school-admission-requirements-reports-applicants-and-advisors,"AAMC MSAR Tuition, Fees and Insurance Information",8,California Northstate University College of Medicine,1.000,exact,
md_california_university_of_science_and_medicine_school_of_medicine_colton_californ,California University of Science and Medicine - School of Medicine,CA,79982,79982,115072,115072,https://students-residents.aamc.org/medical-school-admission-requirements/medical-school-admission-requirements-reports-applicants-and-advisors,"AAMC MSAR Tuition, Fees and Insurance Information",9,California University of Science and Medicine-School of Medicine,1.000,exact,
md_charles_r_drew_university_of_medicine_and_science_college_of_medicine_los_angele,Charles R. Drew University of Medicine and Science College of Medicine,CA,76682,76682,137117,137117,https://students-residents.aamc.org/medical-school-admission-requirements/medical-school-admission-requirements-reports-applicants-and-advisors,"AAMC MSAR Tuition, Fees and Insurance Information",10,Charles R. Drew University of Medicine and Science College of Medicine,1.000,exact,
md_kaiser_permanente_bernard_j_tyson_school_of_medicine_pasadena_california,Kaiser Permanente Bernard J. Tyson School of Medicine,CA,0,0,39636,39636,https://students-residents.aamc.org/medical-school-admission-requirements/medical-school-admission-requirements-reports-applicants-and-advisors,"AAMC MSAR Tuition, Fees and Insurance Information",11,Kaiser Permanente Bernard J. Tyson School of Medicine,1.000,exact,
md_keck_school_of_medicine_of_the_university_of_southern_california_los_angeles_cal,Keck School of Medicine of the University of Southern California,CA,79713,79713,114717,114717,https://students-residents.aamc.org/medical-school-admission-requirements/medical-school-admission-requirements-reports-applicants-and-advisors,"AAMC MSAR Tuition, Fees and Insurance Information",12,Keck School of Medicine of the University of Southern California,1.000,exact,
md_loma_linda_university_school_of_medicine_loma_linda_california,Loma Linda University School of Medicine,CA,71832,71832,108520,108520,https://students-residents.aamc.org/medical-school-admission-requirements/medical-school-admission-requirements-reports-applicants-and-advisors,"AAMC MSAR Tuition, Fees and Insurance Information",13,Loma Linda University School of Medicine,1.000,exact,
md_stanford_university_school_of_medicine_palo_alto_california,Stanford University School of Medicine,CA,79147,79147,121282,121282,https://students-residents.aamc.org/medical-school-admission-requirements/medical-school-admission-requirements-reports-applicants-and-advisors,"AAMC MSAR Tuition, Fees and Insurance Information",14,Stanford University School of Medicine,1.000,exact,
md_university_of_california_davis_school_of_medicine_davis_california,"University of California, Davis School of Medicine",CA,56275,68520,87708,99953,https://students-residents.aamc.org/medical-school-admission-requirements/medical-school-admission-requirements-reports-applicants-and-advisors,"AAMC MSAR Tuition, Fees and Insurance Information",15,"University of California, Davis, School of Medicine",1.000,exact,
md_university_of_california_irvine_school_of_medicine_irvine_california,"University of California, Irvine School of Medicine",CA,50778,63023,78212,90457,https://students-residents.aamc.org/medical-school-admission-requirements/medical-school-admission-requirements-reports-applicants-and-advisors,"AAMC MSAR Tuition, Fees and Insurance Information",16,"University of California, Irvine, School of Medicine",1.000,exact,
md_david_geffen_school_of_medicine_at_ucla_los_angeles_california,David Geffen School of Medicine at UCLA,CA,52763,65008,97916,110161,https://students-residents.aamc.org/medical-school-admission-requirements/medical-school-admission-requirements-reports-applicants-and-advisors,"AAMC MSAR Tuition, Fees and Insurance Information",17,"University of California, Los Angeles David Geffen School of Medicine",1.000,high_confidence,
md_university_of_california_riverside_school_of_medicine_riverside_california,"University of California, Riverside School of Medicine",CA,47876,60121,97557,109802,https://students-residents.aamc.org/medical-school-admission-requirements/medical-school-admission-requirements-reports-applicants-and-advisors,"AAMC MSAR Tuition, Fees and Insurance Information",18,"University of California, Riverside School of Medicine",1.000,exact,
md_university_of_california_san_diego_school_of_medicine_san_diego_california,"University of California, San Diego School of Medicine",CA,51776,64021,75043,87288,https://students-residents.aamc.org/medical-school-admission-requirements/medical-school-admission-requirements-reports-applicants-and-advisors,"AAMC MSAR Tuition, Fees and Insurance Information",19,"University of California, San Diego School of Medicine",1.000,exact,
md_university_of_california_san_francisco_school_of_medicine_san_francisco_californ,"University of California, San Francisco School of Medicine",CA,53441,65686,89616,101861,https://students-residents.aamc.org/medical-school-admission-requirements/medical-school-admission-requirements-reports-applicants-and-advisors,"AAMC MSAR Tuition, Fees and Insurance Information",20,"University of California, San Francisco, School of Medicine",1.000,exact,
md_university_of_colorado_school_of_medicine_denver_colorado,University of Colorado School of Medicine,CO,52056,78011,88131,114086,https://students-residents.aamc.org/medical-school-admission-requirements/medical-school-admission-requirements-reports-applicants-and-advisors,"AAMC MSAR Tuition, Fees and Insurance Information",21,University of Colorado School of Medicine,1.000,exact,
md_frank_h_netter_md_school_of_medicine_at_quinnipiac_university_north_haven_connec,Frank H. Netter MD School of Medicine at Quinnipiac University,CT,70599,70599,101334,101334,https://students-residents.aamc.org/medical-school-admission-requirements/medical-school-admission-requirements-reports-applicants-and-advisors,"AAMC MSAR Tuition, Fees and Insurance Information",22,Frank H. Netter MD School of Medicine at Quinnipiac University,1.000,exact,
md_university_of_connecticut_school_of_medicine_farmington_connecticut,University of Connecticut School of Medicine,CT,52922,81107,98525,126710,https://students-residents.aamc.org/medical-school-admission-requirements/medical-school-admission-requirements-reports-applicants-and-advisors,"AAMC MSAR Tuition, Fees and Insurance Information",23,University of Connecticut School of Medicine,1.000,exact,
md_yale_school_of_medicine_new_haven_connecticut,Yale School of Medicine,CT,79346,79346,115691,115691,https://students-residents.aamc.org/medical-school-admission-requirements/medical-school-admission-requirements-reports-applicants-and-advisors,"AAMC MSAR Tuition, Fees and Insurance Information",24,Yale School of Medicine,1.000,exact,
md_george_washington_university_school_of_medicine_and_health_sciences_washington_d,George Washington University School of Medicine and Health Sciences,DC,77080,77080,108572,108572,https://students-residents.aamc.org/medical-school-admission-requirements/medical-school-admission-requirements-reports-applicants-and-advisors,"AAMC MSAR Tuition, Fees and Insurance Information",25,George Washington University School of Medicine & Health Sciences,1.000,exact,
md_georgetown_university_school_of_medicine_washington_district_of_columbia,Georgetown University School of Medicine,DC,81130,81130,114380,114380,https://students-residents.aamc.org/medical-school-admission-requirements/medical-school-admission-requirements-reports-applicants-and-advisors,"AAMC MSAR Tuition, Fees and Insurance Information",26,Georgetown University School of Medicine,1.000,exact,
md_howard_university_college_of_medicine_washington_district_of_columbia,Howard University College of Medicine,DC,62924,62924,101787,101787,https://students-residents.aamc.org/medical-school-admission-requirements/medical-school-admission-requirements-reports-applicants-and-advisors,"AAMC MSAR Tuition, Fees and Insurance Information",27,Howard University College of Medicine,1.000,exact,
md_charles_e_schmidt_college_of_medicine_at_florida_atlantic_university_boca_raton_,Charles E. Schmidt College of Medicine at Florida Atlantic University,FL,34186,70328,62938,99080,https://students-residents.aamc.org/medical-school-admission-requirements/medical-school-admission-requirements-reports-applicants-and-advisors,"AAMC MSAR Tuition, Fees and Insurance Information",28,Charles E. Schmidt College of Medicine at Florida Atlantic University,1.000,exact,
md_florida_international_university_herbert_wertheim_college_of_medicine_miami_flor,Florida International University Herbert Wertheim College of Medicine,FL,41816,76314,84478,118976,https://students-residents.aamc.org/medical-school-admission-requirements/medical-school-admission-requirements-reports-applicants-and-advisors,"AAMC MSAR Tuition, Fees and Insurance Information",29,Florida International University Herbert Wertheim College of Medicine,1.000,exact,
md_florida_state_university_college_of_medicine_tallahassee_florida,Florida State University College of Medicine,FL,30271,68278,70612,108619,https://students-residents.aamc.org/medical-school-admission-requirements/medical-school-admission-requirements-reports-applicants-and-advisors,"AAMC MSAR Tuition, Fees and Insurance Information",30,Florida State University College of Medicine,1.000,exact,
md_nova_southeastern_university_dr_kiran_c_patel_college_of_allopathic_medicine_for,Nova Southeastern University Dr. Kiran C. Patel College of Allopathic Medicine,FL,78260,78260,133307,133307,https://students-residents.aamc.org/medical-school-admission-requirements/medical-school-admission-requirements-reports-applicants-and-advisors,"AAMC MSAR Tuition, Fees and Insurance Information",31,Nova Southeastern University Dr. Kiran C. Patel College of Allopathic Medicine,1.000,exact,
md_university_of_central_florida_college_of_medicine_orlando_florida,University of Central Florida College of Medicine,FL,33236,60110,58121,84995,https://students-residents.aamc.org/medical-school-admission-requirements/medical-school-admission-requirements-reports-applicants-and-advisors,"AAMC MSAR Tuition, Fees and Insurance Information",32,University of Central Florida College of Medicine,1.000,exact,
md_university_of_florida_college_of_medicine_gainesville_florida,University of Florida College of Medicine,FL,39689,51945,73121,85377,https://students-residents.aamc.org/medical-school-admission-requirements/medical-school-admission-requirements-reports-applicants-and-advisors,"AAMC MSAR Tuition, Fees and Insurance Information",33,University of Florida College of Medicine,1.000,exact,
md_university_of_miami_leonard_m_miller_school_of_medicine_miami_florida,University of Miami Leonard M. Miller School of Medicine,FL,61817,61817,112815,112815,https://students-residents.aamc.org/medical-school-admission-requirements/medical-school-admission-requirements-reports-applicants-and-advisors,"AAMC MSAR Tuition, Fees and Insurance Information",34,University of Miami Leonard M. Miller School of Medicine,1.000,exact,
md_usf_health_morsani_college_of_medicine_tampa_florida,USF Health Morsani College of Medicine,FL,33726,57036,71974,95284,https://students-residents.aamc.org/medical-school-admission-requirements/medical-school-admission-requirements-reports-applicants-and-advisors,"AAMC MSAR Tuition, Fees and Insurance Information",35,USF Health Morsani College of Medicine,1.000,exact,
md_emory_university_school_of_medicine_atlanta_georgia,Emory University School of Medicine,GA,65838,65838,109402,109402,https://students-residents.aamc.org/medical-school-admission-requirements/medical-school-admission-requirements-reports-applicants-and-advisors,"AAMC MSAR Tuition, Fees and Insurance Information",36,Emory University School of Medicine,1.000,exact,
md_medical_college_of_georgia_at_augusta_university_augusta_georgia,Medical College of Georgia at Augusta University,GA,35191,67497,70271,102577,https://students-residents.aamc.org/medical-school-admission-requirements/medical-school-admission-requirements-reports-applicants-and-advisors,"AAMC MSAR Tuition, Fees and Insurance Information",37,Medical College of Georgia at Augusta University,1.000,exact,
md_mercer_university_school_of_medicine_macon_georgia,Mercer University School of Medicine,GA,48895,0,78788,0,https://students-residents.aamc.org/medical-school-admission-requirements/medical-school-admission-requirements-reports-applicants-and-advisors,"AAMC MSAR Tuition, Fees and Insurance Information",38,Mercer University School of Medicine,1.000,exact,out-of-state reported cost fields are zero
md_morehouse_school_of_medicine_atlanta_georgia,Morehouse School of Medicine,GA,65114,65114,115875,115875,https://students-residents.aamc.org/medical-school-admission-requirements/medical-school-admission-requirements-reports-applicants-and-advisors,"AAMC MSAR Tuition, Fees and Insurance Information",39,Morehouse School of Medicine,1.000,exact,
md_university_of_georgia_school_of_medicine_athens_georgia,University of Georgia School of Medicine,GA,0,0,0,0,https://students-residents.aamc.org/medical-school-admission-requirements/medical-school-admission-requirements-reports-applicants-and-advisors,"AAMC MSAR Tuition, Fees and Insurance Information",40,University of Georgia School of Medicine,1.000,exact,all reported cost fields are zero
md_john_a_burns_school_of_medicine_university_of_hawaii_at_manoa_honolulu_hawaii,John A. Burns School of Medicine University of Hawaii at Manoa,HI,43177,77833,79683,114339,https://students-residents.aamc.org/medical-school-admission-requirements/medical-school-admission-requirements-reports-applicants-and-advisors,"AAMC MSAR Tuition, Fees and Insurance Information",41,"University of Hawaii, John A. Burns School of Medicine",0.910,high_confidence,
md_university_of_iowa_roy_j_and_lucille_a_carver_college_of_medicine_iowa_city_iowa,University of Iowa Roy J. and Lucille A. Carver College of Medicine,IA,39313,60712,71215,92614,https://students-residents.aamc.org/medical-school-admission-requirements/medical-school-admission-requirements-reports-applicants-and-advisors,"AAMC MSAR Tuition, Fees and Insurance Information",42,University of Iowa Roy J. and Lucille A. Carver College of Medicine,1.000,exact,
md_carle_illinois_college_of_medicine_urbana_champaign_illinois,Carle Illinois College of Medicine,IL,57713,70831,82744,96202,https://students-residents.aamc.org/medical-school-admission-requirements/medical-school-admission-requirements-reports-applicants-and-advisors,"AAMC MSAR Tuition, Fees and Insurance Information",43,Carle Illinois College of Medicine,1.000,exact,
md_chicago_medical_school_at_rosalind_franklin_university_of_medicine_and_science_n,Chicago Medical School at Rosalind Franklin University of Medicine and Science,IL,78543,78543,104743,104743,https://students-residents.aamc.org/medical-school-admission-requirements/medical-school-admission-requirements-reports-applicants-and-advisors,"AAMC MSAR Tuition, Fees and Insurance Information",44,Chicago Medical School at Rosalind Franklin University of Medicine & Science,1.000,exact,
md_loyola_university_chicago_stritch_school_of_medicine_maywood_illinois,Loyola University Chicago Stritch School of Medicine,IL,76528,76528,106044,107024,https://students-residents.aamc.org/medical-school-admission-requirements/medical-school-admission-requirements-reports-applicants-and-advisors,"AAMC MSAR Tuition, Fees and Insurance Information",45,Loyola University Chicago Stritch School of Medicine,1.000,exact,
md_northwestern_university_feinberg_school_of_medicine_chicago_illinois,Northwestern University Feinberg School of Medicine,IL,82304,82304,115930,115930,https://students-residents.aamc.org/medical-school-admission-requirements/medical-school-admission-requirements-reports-applicants-and-advisors,"AAMC MSAR Tuition, Fees and Insurance Information",46,Northwestern University The Feinberg School of Medicine,1.000,high_confidence,
md_rush_medical_college_of_rush_university_medical_center_chicago_illinois,Rush Medical College of Rush University Medical Center,IL,66238,66238,116311,107391,https://students-residents.aamc.org/medical-school-admission-requirements/medical-school-admission-requirements-reports-applicants-and-advisors,"AAMC MSAR Tuition, Fees and Insurance Information",47,Rush Medical College of Rush University Medical Center,1.000,exact,
md_southern_illinois_university_school_of_medicine_springfield_illinois,Southern Illinois University School of Medicine,IL,43901,0,65706,0,https://students-residents.aamc.org/medical-school-admission-requirements/medical-school-admission-requirements-reports-applicants-and-advisors,"AAMC MSAR Tuition, Fees and Insurance Information",48,Southern Illinois University School of Medicine,1.000,exact,out-of-state reported cost fields are zero
md_university_of_chicago_division_of_the_biological_sciences_the_pritzker_school_of,"University of Chicago Division of the Biological Sciences, The Pritzker School of Medicine",IL,72082,72082,100977,100977,https://students-residents.aamc.org/medical-school-admission-requirements/medical-school-admission-requirements-reports-applicants-and-advisors,"AAMC MSAR Tuition, Fees and Insurance Information",49,University of Chicago Division of the Biological Sciences The Pritzker School of Medicine,1.000,exact,
md_university_of_illinois_college_of_medicine_chicago_illinois,University of Illinois College of Medicine,IL,54545,88445,89195,123095,https://students-residents.aamc.org/medical-school-admission-requirements/medical-school-admission-requirements-reports-applicants-and-advisors,"AAMC MSAR Tuition, Fees and Insurance Information",50,University of Illinois College of Medicine,1.000,exact,
md_indiana_university_school_of_medicine_indianapolis_indiana,Indiana University School of Medicine,IN,45907,73448,70227,97768,https://students-residents.aamc.org/medical-school-admission-requirements/medical-school-admission-requirements-reports-applicants-and-advisors,"AAMC MSAR Tuition, Fees and Insurance Information",51,Indiana University School of Medicine,1.000,exact,
md_university_of_kansas_school_of_medicine_kansas_city_kansas,University of Kansas School of Medicine,KS,43314,73806,77850,108342,https://students-residents.aamc.org/medical-school-admission-requirements/medical-school-admission-requirements-reports-applicants-and-advisors,"AAMC MSAR Tuition, Fees and Insurance Information",52,University of Kansas School of Medicine,1.000,exact,
md_university_of_kentucky_college_of_medicine_lexington_kentucky,University of Kentucky College of Medicine,KY,42542,77638,73566,109762,https://students-residents.aamc.org/medical-school-admission-requirements/medical-school-admission-requirements-reports-applicants-and-advisors,"AAMC MSAR Tuition, Fees and Insurance Information",53,University of Kentucky College of Medicine,1.000,exact,
md_university_of_louisville_school_of_medicine_louisville_kentucky,University of Louisville School of Medicine,KY,52631,77939,79586,104894,https://students-residents.aamc.org/medical-school-admission-requirements/medical-school-admission-requirements-reports-applicants-and-advisors,"AAMC MSAR Tuition, Fees and Insurance Information",54,University of Louisville School of Medicine,1.000,exact,
md_lsu_health_sciences_center_school_of_medicine_in_new_orleans_new_orleans_louisia,LSU Health Sciences Center School of Medicine in New Orleans,LA,40375,68553,84235,112413,https://students-residents.aamc.org/medical-school-admission-requirements/medical-school-admission-requirements-reports-applicants-and-advisors,"AAMC MSAR Tuition, Fees and Insurance Information",55,Louisiana State University School of Medicine in New Orleans,1.000,high_confidence,
md_louisiana_state_university_school_of_medicine_in_shreveport_shreveport_louisiana,Louisiana State University School of Medicine in Shreveport,LA,33146,66560,67131,100545,https://students-residents.aamc.org/medical-school-admission-requirements/medical-school-admission-requirements-reports-applicants-and-advisors,"AAMC MSAR Tuition, Fees and Insurance Information",56,Louisiana State University School of Medicine in Shreveport,1.000,exact,
md_tulane_university_school_of_medicine_new_orleans_louisiana,Tulane University School of Medicine,LA,82790,82790,114804,114804,https://students-residents.aamc.org/medical-school-admission-requirements/medical-school-admission-requirements-reports-applicants-and-advisors,"AAMC MSAR Tuition, Fees and Insurance Information",57,Tulane University School of Medicine,1.000,exact,
md_boston_university_aram_v_chobanian_and_edward_avedisian_school_of_medicine_bosto,Boston University Aram V. Chobanian & Edward Avedisian School of Medicine,MA,77607,77607,104107,104107,https://students-residents.aamc.org/medical-school-admission-requirements/medical-school-admission-requirements-reports-applicants-and-advisors,"AAMC MSAR Tuition, Fees and Insurance Information",58,Boston University Aram V. Chobanian & Edward Avedisian School of Medicine,1.000,exact,
md_harvard_medical_school_boston_massachusetts,Harvard Medical School,MA,80729,80729,113489,115569,https://students-residents.aamc.org/medical-school-admission-requirements/medical-school-admission-requirements-reports-applicants-and-advisors,"AAMC MSAR Tuition, Fees and Insurance Information",59,Harvard Medical School,1.000,exact,
md_tufts_university_school_of_medicine_boston_massachusetts,Tufts University School of Medicine,MA,78738,78738,111854,111854,https://students-residents.aamc.org/medical-school-admission-requirements/medical-school-admission-requirements-reports-applicants-and-advisors,"AAMC MSAR Tuition, Fees and Insurance Information",60,Tufts University School of Medicine,1.000,exact,
md_university_of_massachusetts_t_h_chan_school_of_medicine_worcester_massachusetts,University of Massachusetts T.H. Chan School of Medicine,MA,52752,83178,82795,113221,https://students-residents.aamc.org/medical-school-admission-requirements/medical-school-admission-requirements-reports-applicants-and-advisors,"AAMC MSAR Tuition, Fees and Insurance Information",61,University of Massachusetts T.H. Chan School of Medicine,1.000,exact,
md_johns_hopkins_university_school_of_medicine_baltimore_maryland,Johns Hopkins University School of Medicine,MD,72448,72448,105788,105788,https://students-residents.aamc.org/medical-school-admission-requirements/medical-school-admission-requirements-reports-applicants-and-advisors,"AAMC MSAR Tuition, Fees and Insurance Information",62,Johns Hopkins University School of Medicine,1.000,exact,
md_uniformed_services_university_of_the_health_sciences_f_edward_h_bert_school_of_m,"Uniformed Services University of the Health Sciences, F. Edward Hébert School of Medicine",MD,0,0,0,0,https://students-residents.aamc.org/medical-school-admission-requirements/medical-school-admission-requirements-reports-applicants-and-advisors,"AAMC MSAR Tuition, Fees and Insurance Information",63,Uniformed Services University of the Health Sciences F. Edward Hebert School of Medicine,1.000,exact,all reported cost fields are zero
md_university_of_maryland_school_of_medicine_baltimore_maryland,University of Maryland School of Medicine,MD,50582,82906,89344,123095,https://students-residents.aamc.org/medical-school-admission-requirements/medical-school-admission-requirements-reports-applicants-and-advisors,"AAMC MSAR Tuition, Fees and Insurance Information",64,University of Maryland School of Medicine,1.000,exact,
md_covenant_healthcare_college_of_medicine_at_central_michigan_university_mount_ple,Covenant HealthCare College of Medicine at Central Michigan University,MI,47710,70968,73285,96543,https://students-residents.aamc.org/medical-school-admission-requirements/medical-school-admission-requirements-reports-applicants-and-advisors,"AAMC MSAR Tuition, Fees and Insurance Information",65,Central Michigan University College of Medicine,0.910,high_confidence,
md_michigan_state_university_college_of_human_medicine_east_lansing_michigan,Michigan State University College of Human Medicine,MI,36864,64688,67978,95802,https://students-residents.aamc.org/medical-school-admission-requirements/medical-school-admission-requirements-reports-applicants-and-advisors,"AAMC MSAR Tuition, Fees and Insurance Information",66,Michigan State University College of Human Medicine,1.000,exact,
md_oakland_university_william_beaumont_school_of_medicine_rochester_michigan,Oakland University William Beaumont School of Medicine,MI,61484,61484,91065,91065,https://students-residents.aamc.org/medical-school-admission-requirements/medical-school-admission-requirements-reports-applicants-and-advisors,"AAMC MSAR Tuition, Fees and Insurance Information",67,Oakland University William Beaumont School of Medicine,1.000,exact,
md_university_of_michigan_medical_school_ann_arbor_michigan,University of Michigan Medical School,MI,62934,83772,101094,121932,https://students-residents.aamc.org/medical-school-admission-requirements/medical-school-admission-requirements-reports-applicants-and-advisors,"AAMC MSAR Tuition, Fees and Insurance Information",68,University of Michigan Medical School,1.000,exact,
md_wayne_state_university_school_of_medicine_detroit_michigan,Wayne State University School of Medicine,MI,50468,78717,79284,107533,https://students-residents.aamc.org/medical-school-admission-requirements/medical-school-admission-requirements-reports-applicants-and-advisors,"AAMC MSAR Tuition, Fees and Insurance Information",69,Wayne State University School of Medicine,1.000,exact,
md_western_michigan_university_homer_stryker_m_d_school_of_medicine_kalamazoo_michi,Western Michigan University Homer Stryker M.D. School of Medicine,MI,69800,69800,102734,102734,https://students-residents.aamc.org/medical-school-admission-requirements/medical-school-admission-requirements-reports-applicants-and-advisors,"AAMC MSAR Tuition, Fees and Insurance Information",70,Western Michigan University Homer Stryker M.D. School of Medicine,1.000,exact,
md_mayo_clinic_alix_school_of_medicine_rochester_minnesota,Mayo Clinic Alix School of Medicine,MN,70084,70084,107884,107884,https://students-residents.aamc.org/medical-school-admission-requirements/medical-school-admission-requirements-reports-applicants-and-advisors,"AAMC MSAR Tuition, Fees and Insurance Information",71,Mayo Clinic Alix School of Medicine,1.000,exact,
md_university_of_minnesota_medical_school_minneapolis_minnesota,University of Minnesota Medical School,MN,48973,71644,83654,106325,https://students-residents.aamc.org/medical-school-admission-requirements/medical-school-admission-requirements-reports-applicants-and-advisors,"AAMC MSAR Tuition, Fees and Insurance Information",72,University of Minnesota Medical School,1.000,exact,
md_saint_louis_university_school_of_medicine_st_louis_missouri,Saint Louis University School of Medicine,MO,72240,72240,98076,98076,https://students-residents.aamc.org/medical-school-admission-requirements/medical-school-admission-requirements-reports-applicants-and-advisors,"AAMC MSAR Tuition, Fees and Insurance Information",73,Saint Louis University School of Medicine,1.000,exact,
md_university_of_missouri_columbia_school_of_medicine_columbia_missouri,University of Missouri-Columbia School of Medicine,MO,49786,97328,81343,128885,https://students-residents.aamc.org/medical-school-admission-requirements/medical-school-admission-requirements-reports-applicants-and-advisors,"AAMC MSAR Tuition, Fees and Insurance Information",74,University of Missouri-Columbia School of Medicine,1.000,exact,
md_university_of_missouri_kansas_city_school_of_medicine_kansas_city_missouri,University of Missouri-Kansas City School of Medicine,MO,48756,92705,80965,124914,https://students-residents.aamc.org/medical-school-admission-requirements/medical-school-admission-requirements-reports-applicants-and-advisors,"AAMC MSAR Tuition, Fees and Insurance Information",75,University of Missouri-Kansas City School of Medicine,1.000,exact,
md_washington_university_in_st_louis_school_of_medicine_st_louis_missouri,Washington University in St. Louis School of Medicine,MO,74693,74693,100069,100069,https://students-residents.aamc.org/medical-school-admission-requirements/medical-school-admission-requirements-reports-applicants-and-advisors,"AAMC MSAR Tuition, Fees and Insurance Information",76,Washington University in St. Louis School of Medicine,1.000,exact,
md_university_of_mississippi_school_of_medicine_jackson_mississippi,University of Mississippi School of Medicine,MS,42336,0,80020,0,https://students-residents.aamc.org/medical-school-admission-requirements/medical-school-admission-requirements-reports-applicants-and-advisors,"AAMC MSAR Tuition, Fees and Insurance Information",77,University of Mississippi School of Medicine,1.000,exact,out-of-state reported cost fields are zero
md_brody_school_of_medicine_at_east_carolina_university_greenville_north_carolina,Brody School of Medicine at East Carolina University,NC,28225,59665,64004,95444,https://students-residents.aamc.org/medical-school-admission-requirements/medical-school-admission-requirements-reports-applicants-and-advisors,"AAMC MSAR Tuition, Fees and Insurance Information",78,Brody School of Medicine at East Carolina University,1.000,exact,
md_duke_university_school_of_medicine_durham_north_carolina,Duke University School of Medicine,NC,78442,78442,113884,113884,https://students-residents.aamc.org/medical-school-admission-requirements/medical-school-admission-requirements-reports-applicants-and-advisors,"AAMC MSAR Tuition, Fees and Insurance Information",79,Duke University School of Medicine,1.000,exact,
md_methodist_university_cape_fear_valley_health_school_of_medicine_fayetteville_nor,Methodist University Cape Fear Valley Health School of Medicine,NC,0,0,0,0,https://students-residents.aamc.org/medical-school-admission-requirements/medical-school-admission-requirements-reports-applicants-and-advisors,"AAMC MSAR Tuition, Fees and Insurance Information",80,Methodist University Cape Fear Valley Health School of Medicine,1.000,exact,all reported cost fields are zero
md_wake_forest_university_school_of_medicine_winston_salem_north_carolina,Wake Forest University School of Medicine,NC,71924,71924,110448,110448,https://students-residents.aamc.org/medical-school-admission-requirements/medical-school-admission-requirements-reports-applicants-and-advisors,"AAMC MSAR Tuition, Fees and Insurance Information",82,Wake Forest University School of Medicine,1.000,exact,
md_university_of_north_dakota_school_of_medicine_and_health_sciences_grand_forks_no,University of North Dakota School of Medicine and Health Sciences,ND,40346,70939,64125,94718,https://students-residents.aamc.org/medical-school-admission-requirements/medical-school-admission-requirements-reports-applicants-and-advisors,"AAMC MSAR Tuition, Fees and Insurance Information",83,University of North Dakota School of Medicine and Health Sciences,1.000,exact,
md_creighton_university_school_of_medicine_omaha_nebraska,Creighton University School of Medicine,NE,74628,74628,109846,109846,https://students-residents.aamc.org/medical-school-admission-requirements/medical-school-admission-requirements-reports-applicants-and-advisors,"AAMC MSAR Tuition, Fees and Insurance Information",84,Creighton University School of Medicine,1.000,exact,
md_university_of_nebraska_college_of_medicine_omaha_nebraska,University of Nebraska College of Medicine,NE,47153,61629,73423,88799,https://students-residents.aamc.org/medical-school-admission-requirements/medical-school-admission-requirements-reports-applicants-and-advisors,"AAMC MSAR Tuition, Fees and Insurance Information",85,University of Nebraska College of Medicine,1.000,exact,
md_geisel_school_of_medicine_at_dartmouth_hanover_new_hampshire,Geisel School of Medicine at Dartmouth,NH,79424,79424,101004,101004,https://students-residents.aamc.org/medical-school-admission-requirements/medical-school-admission-requirements-reports-applicants-and-advisors,"AAMC MSAR Tuition, Fees and Insurance Information",86,Geisel School of Medicine at Dartmouth,1.000,exact,
md_cooper_medical_school_of_rowan_university_camden_new_jersey,Cooper Medical School of Rowan University,NJ,50830,76932,80381,106483,https://students-residents.aamc.org/medical-school-admission-requirements/medical-school-admission-requirements-reports-applicants-and-advisors,"AAMC MSAR Tuition, Fees and Insurance Information",87,Cooper Medical School of Rowan University,1.000,exact,
md_hackensack_meridian_school_of_medicine_nutley_new_jersey,Hackensack Meridian School of Medicine,NJ,84425,84425,127852,125352,https://students-residents.aamc.org/medical-school-admission-requirements/medical-school-admission-requirements-reports-applicants-and-advisors,"AAMC MSAR Tuition, Fees and Insurance Information",88,Hackensack Meridian School of Medicine,1.000,exact,
md_rutgers_new_jersey_medical_school_newark_new_jersey,Rutgers New Jersey Medical School,NJ,52650,81126,99290,127766,https://students-residents.aamc.org/medical-school-admission-requirements/medical-school-admission-requirements-reports-applicants-and-advisors,"AAMC MSAR Tuition, Fees and Insurance Information",89,Rutgers New Jersey Medical School,1.000,exact,
md_rutgers_robert_wood_johnson_medical_school_piscataway_new_jersey,"Rutgers, Robert Wood Johnson Medical School",NJ,52458,80934,101100,129576,https://students-residents.aamc.org/medical-school-admission-requirements/medical-school-admission-requirements-reports-applicants-and-advisors,"AAMC MSAR Tuition, Fees and Insurance Information",90,"Rutgers, Robert Wood Johnson Medical School",1.000,exact,
md_university_of_new_mexico_school_of_medicine_albuquerque_new_mexico,University of New Mexico School of Medicine,NM,24095,52331,61985,90221,https://students-residents.aamc.org/medical-school-admission-requirements/medical-school-admission-requirements-reports-applicants-and-advisors,"AAMC MSAR Tuition, Fees and Insurance Information",91,University of New Mexico School of Medicine,1.000,exact,
md_kirk_kerkorian_school_of_medicine_at_unlv_las_vegas_nevada,Kirk Kerkorian School of Medicine at UNLV,NV,42364,75983,85830,119449,https://students-residents.aamc.org/medical-school-admission-requirements/medical-school-admission-requirements-reports-applicants-and-advisors,"AAMC MSAR Tuition, Fees and Insurance Information",92,Kirk Kerkorian School of Medicine at UNLV,1.000,exact,
md_roseman_university_college_of_medicine_las_vegas_nevada,Roseman University College of Medicine,NV,73067,73067,113531,113531,https://students-residents.aamc.org/medical-school-admission-requirements/medical-school-admission-requirements-reports-applicants-and-advisors,"AAMC MSAR Tuition, Fees and Insurance Information",93,Roseman University College of Medicine,1.000,exact,
md_university_of_nevada_reno_school_of_medicine_reno_nevada,"University of Nevada, Reno School of Medicine",NV,43933,72636,76988,105691,https://students-residents.aamc.org/medical-school-admission-requirements/medical-school-admission-requirements-reports-applicants-and-advisors,"AAMC MSAR Tuition, Fees and Insurance Information",94,"University of Nevada, Reno School of Medicine",1.000,exact,
md_albany_medical_college_albany_new_york,Albany Medical College,NY,65689,65689,93727,93727,https://students-residents.aamc.org/medical-school-admission-requirements/medical-school-admission-requirements-reports-applicants-and-advisors,"AAMC MSAR Tuition, Fees and Insurance Information",95,Albany Medical College,1.000,exact,
md_albert_einstein_college_of_medicine_new_york_new_york,Albert Einstein College of Medicine,NY,82697,82697,112697,112697,https://students-residents.aamc.org/medical-school-admission-requirements/medical-school-admission-requirements-reports-applicants-and-advisors,"AAMC MSAR Tuition, Fees and Insurance Information",96,Albert Einstein College of Medicine,1.000,exact,
md_columbia_university_vagelos_college_of_physicians_and_surgeons_new_york_new_york,Columbia University Vagelos College of Physicians and Surgeons,NY,82962,82962,114621,114621,https://students-residents.aamc.org/medical-school-admission-requirements/medical-school-admission-requirements-reports-applicants-and-advisors,"AAMC MSAR Tuition, Fees and Insurance Information",97,Columbia University Vagelos College of Physicians and Surgeons,1.000,exact,
md_cuny_school_of_medicine_new_york_new_york,CUNY School of Medicine,NY,41911,69571,69751,97411,https://students-residents.aamc.org/medical-school-admission-requirements/medical-school-admission-requirements-reports-applicants-and-advisors,"AAMC MSAR Tuition, Fees and Insurance Information",98,CUNY School of Medicine,1.000,exact,
md_donald_and_barbara_zucker_school_of_medicine_at_hofstra_northwell_hempstead_new_,Donald and Barbara Zucker School of Medicine at Hofstra/Northwell,NY,68648,68648,104842,104842,https://students-residents.aamc.org/medical-school-admission-requirements/medical-school-admission-requirements-reports-applicants-and-advisors,"AAMC MSAR Tuition, Fees and Insurance Information",99,Donald and Barbara Zucker School of Medicine at Hofstra/Northwell,1.000,exact,
md_icahn_school_of_medicine_at_mount_sinai_new_york_new_york,Icahn School of Medicine at Mount Sinai,NY,83157,0,107007,0,https://students-residents.aamc.org/medical-school-admission-requirements/medical-school-admission-requirements-reports-applicants-and-advisors,"AAMC MSAR Tuition, Fees and Insurance Information",100,Icahn School of Medicine at Mount Sinai,1.000,exact,out-of-state reported cost fields are zero
md_jacobs_school_of_medicine_and_biomedical_sciences_at_the_university_at_buffalo_b,Jacobs School of Medicine and Biomedical Sciences at the University at Buffalo,NY,49846,74566,82284,107004,https://students-residents.aamc.org/medical-school-admission-requirements/medical-school-admission-requirements-reports-applicants-and-advisors,"AAMC MSAR Tuition, Fees and Insurance Information",101,Jacobs School of Medicine and Biomedical Sciences at the University at Buffalo,1.000,exact,
md_new_york_medical_college_valhalla_new_york,New York Medical College,NY,77683,77683,102045,102045,https://students-residents.aamc.org/medical-school-admission-requirements/medical-school-admission-requirements-reports-applicants-and-advisors,"AAMC MSAR Tuition, Fees and Insurance Information",102,New York Medical College,1.000,exact,
md_nyu_grossman_long_island_school_of_medicine_mineola_new_york,NYU Grossman Long Island School of Medicine,NY,4350,4350,27944,27944,https://students-residents.aamc.org/medical-school-admission-requirements/medical-school-admission-requirements-reports-applicants-and-advisors,"AAMC MSAR Tuition, Fees and Insurance Information",103,NYU Grossman Long Island School of Medicine,1.000,exact,
md_nyu_grossman_school_of_medicine_new_york_new_york,NYU Grossman School of Medicine,NY,4350,4350,35258,35258,https://students-residents.aamc.org/medical-school-admission-requirements/medical-school-admission-requirements-reports-applicants-and-advisors,"AAMC MSAR Tuition, Fees and Insurance Information",104,NYU Grossman School of Medicine,1.000,exact,
md_renaissance_school_of_medicine_at_stony_brook_university_stony_brook_new_york,Renaissance School of Medicine at Stony Brook University,NY,56659,79309,90143,112793,https://students-residents.aamc.org/medical-school-admission-requirements/medical-school-admission-requirements-reports-applicants-and-advisors,"AAMC MSAR Tuition, Fees and Insurance Information",105,Renaissance School of Medicine at Stony Brook University,1.000,exact,
md_state_university_of_new_york_upstate_medical_university_alan_and_marlene_norton_,State University of New York Upstate Medical University Alan and Marlene Norton College of Medicine,NY,55404,80124,89621,114341,https://students-residents.aamc.org/medical-school-admission-requirements/medical-school-admission-requirements-reports-applicants-and-advisors,"AAMC MSAR Tuition, Fees and Insurance Information",106,State University of New York Upstate Medical University Alan and Marlene Norton College of Medicine,1.000,exact,
md_suny_downstate_health_sciences_university_college_of_medicine_brooklyn_new_york,SUNY Downstate Health Sciences University College of Medicine,NY,54852,79572,87031,111751,https://students-residents.aamc.org/medical-school-admission-requirements/medical-school-admission-requirements-reports-applicants-and-advisors,"AAMC MSAR Tuition, Fees and Insurance Information",107,SUNY Downstate Health Sciences University College of Medicine,1.000,exact,
md_university_of_rochester_school_of_medicine_and_dentistry_rochester_new_york,University of Rochester School of Medicine and Dentistry,NY,80570,80570,103800,103800,https://students-residents.aamc.org/medical-school-admission-requirements/medical-school-admission-requirements-reports-applicants-and-advisors,"AAMC MSAR Tuition, Fees and Insurance Information",108,University of Rochester School of Medicine and Dentistry,1.000,exact,
md_weill_cornell_medicine_new_york_new_york,Weill Cornell Medicine,NY,84386,84386,108442,108442,https://students-residents.aamc.org/medical-school-admission-requirements/medical-school-admission-requirements-reports-applicants-and-advisors,"AAMC MSAR Tuition, Fees and Insurance Information",109,Weill Cornell Medicine,1.000,exact,
md_case_western_reserve_university_school_of_medicine_cleveland_ohio,Case Western Reserve University School of Medicine,OH,78526,78526,112023,112023,https://students-residents.aamc.org/medical-school-admission-requirements/medical-school-admission-requirements-reports-applicants-and-advisors,"AAMC MSAR Tuition, Fees and Insurance Information",110,Case Western Reserve University School of Medicine,1.000,exact,
md_northeast_ohio_medical_university_college_of_medicine_rootstown_ohio,Northeast Ohio Medical University College of Medicine,OH,56129,102657,93516,140044,https://students-residents.aamc.org/medical-school-admission-requirements/medical-school-admission-requirements-reports-applicants-and-advisors,"AAMC MSAR Tuition, Fees and Insurance Information",111,Northeast Ohio Medical University,0.940,high_confidence,
md_the_ohio_state_university_college_of_medicine_columbus_ohio,The Ohio State University College of Medicine,OH,36120,61040,61508,87056,https://students-residents.aamc.org/medical-school-admission-requirements/medical-school-admission-requirements-reports-applicants-and-advisors,"AAMC MSAR Tuition, Fees and Insurance Information",112,Ohio State University College of Medicine,0.953,high_confidence,
md_university_of_toledo_college_of_medicine_and_life_sciences_toledo_ohio,University of Toledo College of Medicine and Life Sciences,OH,43498,79327,71052,106881,https://students-residents.aamc.org/medical-school-admission-requirements/medical-school-admission-requirements-reports-applicants-and-advisors,"AAMC MSAR Tuition, Fees and Insurance Information",113,The University of Toledo College of Medicine and Life Sciences,1.000,high_confidence,
md_university_of_cincinnati_college_of_medicine_cincinnati_ohio,University of Cincinnati College of Medicine,OH,38469,57327,63213,82071,https://students-residents.aamc.org/medical-school-admission-requirements/medical-school-admission-requirements-reports-applicants-and-advisors,"AAMC MSAR Tuition, Fees and Insurance Information",114,University of Cincinnati College of Medicine,1.000,exact,
md_boonshoft_school_of_medicine_wright_state_university_dayton_ohio,Boonshoft School of Medicine Wright State University,OH,52034,79196,81999,109161,https://students-residents.aamc.org/medical-school-admission-requirements/medical-school-admission-requirements-reports-applicants-and-advisors,"AAMC MSAR Tuition, Fees and Insurance Information",115,Wright State University Boonshoft School of Medicine,1.000,high_confidence,
md_university_of_oklahoma_college_of_medicine_oklahoma_city_oklahoma,University of Oklahoma College of Medicine,OK,39484,74780,77430,112726,https://students-residents.aamc.org/medical-school-admission-requirements/medical-school-admission-requirements-reports-applicants-and-advisors,"AAMC MSAR Tuition, Fees and Insurance Information",116,University of Oklahoma College of Medicine,1.000,exact,
md_oregon_health_and_science_university_school_of_medicine_portland_oregon,Oregon Health & Science University School of Medicine,OR,59642,85950,94089,120397,https://students-residents.aamc.org/medical-school-admission-requirements/medical-school-admission-requirements-reports-applicants-and-advisors,"AAMC MSAR Tuition, Fees and Insurance Information",117,Oregon Health & Science University School of Medicine,1.000,exact,
md_drexel_university_college_of_medicine_philadelphia_pennsylvania,Drexel University College of Medicine,PA,79275,79275,110487,110487,https://students-residents.aamc.org/medical-school-admission-requirements/medical-school-admission-requirements-reports-applicants-and-advisors,"AAMC MSAR Tuition, Fees and Insurance Information",118,Drexel University College of Medicine,1.000,exact,
md_geisinger_commonwealth_school_of_medicine_scranton_pennsylvania,Geisinger Commonwealth School of Medicine,PA,70494,77448,105637,112591,https://students-residents.aamc.org/medical-school-admission-requirements/medical-school-admission-requirements-reports-applicants-and-advisors,"AAMC MSAR Tuition, Fees and Insurance Information",119,Geisinger Commonwealth School of Medicine,1.000,exact,
md_lewis_katz_school_of_medicine_at_temple_university_philadelphia_pennsylvania,Lewis Katz School of Medicine at Temple University,PA,60560,64136,88396,91972,https://students-residents.aamc.org/medical-school-admission-requirements/medical-school-admission-requirements-reports-applicants-and-advisors,"AAMC MSAR Tuition, Fees and Insurance Information",120,Lewis Katz School of Medicine at Temple University,1.000,exact,
md_penn_state_college_of_medicine_hershey_pennsylvania,Penn State College of Medicine,PA,65771,72975,100415,107619,https://students-residents.aamc.org/medical-school-admission-requirements/medical-school-admission-requirements-reports-applicants-and-advisors,"AAMC MSAR Tuition, Fees and Insurance Information",121,Pennsylvania State University College of Medicine,1.000,exact,
md_raymond_and_ruth_perelman_school_of_medicine_at_the_university_of_pennsylvania_p,Raymond and Ruth Perelman School of Medicine at the University of Pennsylvania,PA,82153,82153,112583,112583,https://students-residents.aamc.org/medical-school-admission-requirements/medical-school-admission-requirements-reports-applicants-and-advisors,"AAMC MSAR Tuition, Fees and Insurance Information",122,Perelman School of Medicine at the University of Pennsylvania,0.940,high_confidence,
md_sidney_kimmel_medical_college_at_thomas_jefferson_university_philadelphia_pennsy,Sidney Kimmel Medical College at Thomas Jefferson University,PA,76368,76368,102480,102480,https://students-residents.aamc.org/medical-school-admission-requirements/medical-school-admission-requirements-reports-applicants-and-advisors,"AAMC MSAR Tuition, Fees and Insurance Information",123,Sidney Kimmel Medical College at Thomas Jefferson University,1.000,exact,
md_university_of_pittsburgh_school_of_medicine_pittsburgh_pennsylvania,University of Pittsburgh School of Medicine,PA,72250,77526,98074,103350,https://students-residents.aamc.org/medical-school-admission-requirements/medical-school-admission-requirements-reports-applicants-and-advisors,"AAMC MSAR Tuition, Fees and Insurance Information",124,University of Pittsburgh School of Medicine,1.000,exact,
md_the_warren_alpert_medical_school_of_brown_university_providence_rhode_island,The Warren Alpert Medical School of Brown University,RI,80037,80037,104340,104340,https://students-residents.aamc.org/medical-school-admission-requirements/medical-school-admission-requirements-reports-applicants-and-advisors,"AAMC MSAR Tuition, Fees and Insurance Information",129,The Warren Alpert Medical School of Brown University,1.000,exact,
md_medical_university_of_south_carolina_college_of_medicine_charleston_south_caroli,Medical University of South Carolina College of Medicine,SC,44989,74104,82113,111228,https://students-residents.aamc.org/medical-school-admission-requirements/medical-school-admission-requirements-reports-applicants-and-advisors,"AAMC MSAR Tuition, Fees and Insurance Information",130,Medical University of South Carolina College of Medicine,1.000,exact,
md_university_of_south_carolina_school_of_medicine_greenville_greenville_south_caro,"University of South Carolina School of Medicine, Greenville",SC,48692,92954,78537,122799,https://students-residents.aamc.org/medical-school-admission-requirements/medical-school-admission-requirements-reports-applicants-and-advisors,"AAMC MSAR Tuition, Fees and Insurance Information",132,University of South Carolina School of Medicine Greenville,1.000,exact,
md_university_of_south_dakota_sanford_school_of_medicine_vermillion_south_dakota,University of South Dakota Sanford School of Medicine,SD,37526,83656,64369,110499,https://students-residents.aamc.org/medical-school-admission-requirements/medical-school-admission-requirements-reports-applicants-and-advisors,"AAMC MSAR Tuition, Fees and Insurance Information",133,"University of South Dakota, Sanford School of Medicine",1.000,exact,
md_east_tennessee_state_university_james_h_quillen_college_of_medicine_johnson_city,East Tennessee State University James H. Quillen College of Medicine,TN,42858,53802,74449,85393,https://students-residents.aamc.org/medical-school-admission-requirements/medical-school-admission-requirements-reports-applicants-and-advisors,"AAMC MSAR Tuition, Fees and Insurance Information",134,East Tennessee State University James H. Quillen College of Medicine,1.000,exact,
md_meharry_medical_college_school_of_medicine_nashville_tennessee,Meharry Medical College School of Medicine,TN,64987,64987,106566,106566,https://students-residents.aamc.org/medical-school-admission-requirements/medical-school-admission-requirements-reports-applicants-and-advisors,"AAMC MSAR Tuition, Fees and Insurance Information",135,Meharry Medical College,0.940,high_confidence,
md_thomas_f_frist_jr_college_of_medicine_at_belmont_university_nashville_tennessee,"Thomas F. Frist, Jr. College of Medicine at Belmont University",TN,72877,72877,105639,105639,https://students-residents.aamc.org/medical-school-admission-requirements/medical-school-admission-requirements-reports-applicants-and-advisors,"AAMC MSAR Tuition, Fees and Insurance Information",136,"Thomas F. Frist, Jr. College of Medicine at Belmont University",1.000,exact,
md_university_of_tennessee_health_science_center_college_of_medicine_memphis_tennes,University of Tennessee Health Science Center College of Medicine,TN,43106,62602,75551,95047,https://students-residents.aamc.org/medical-school-admission-requirements/medical-school-admission-requirements-reports-applicants-and-advisors,"AAMC MSAR Tuition, Fees and Insurance Information",137,University of Tennessee Health Science Center College of Medicine,1.000,exact,
md_vanderbilt_university_school_of_medicine_nashville_tennessee,Vanderbilt University School of Medicine,TN,76877,76877,116943,116943,https://students-residents.aamc.org/medical-school-admission-requirements/medical-school-admission-requirements-reports-applicants-and-advisors,"AAMC MSAR Tuition, Fees and Insurance Information",138,Vanderbilt University School of Medicine,1.000,exact,
md_anne_burnett_marion_school_of_medicine_at_texas_christian_university_fort_worth_,Anne Burnett Marion School of Medicine at Texas Christian University,TX,75119,75119,114181,114181,https://students-residents.aamc.org/medical-school-admission-requirements/medical-school-admission-requirements-reports-applicants-and-advisors,"AAMC MSAR Tuition, Fees and Insurance Information",139,Anne Burnett Marion School of Medicine at TCU,1.000,exact,
md_baylor_college_of_medicine_school_of_medicine_houston_texas,Baylor College of Medicine School of Medicine,TX,29697,42793,64821,77917,https://students-residents.aamc.org/medical-school-admission-requirements/medical-school-admission-requirements-reports-applicants-and-advisors,"AAMC MSAR Tuition, Fees and Insurance Information",140,Baylor College of Medicine,0.940,high_confidence,
md_mcgovern_medical_school_at_uthealth_houston_houston_texas,McGovern Medical School at UTHealth Houston,TX,29603,37258,62492,70147,https://students-residents.aamc.org/medical-school-admission-requirements/medical-school-admission-requirements-reports-applicants-and-advisors,"AAMC MSAR Tuition, Fees and Insurance Information",141,McGovern Medical School at the University of Texas Health Science Center at Houston,1.000,high_confidence,
md_texas_a_and_m_university_naresh_k_vashisht_college_of_medicine_college_station_t,Texas A&M University Naresh K. Vashisht College of Medicine,TX,22998,36098,53130,68880,https://students-residents.aamc.org/medical-school-admission-requirements/medical-school-admission-requirements-reports-applicants-and-advisors,"AAMC MSAR Tuition, Fees and Insurance Information",142,Texas A&M University School of Medicine,0.910,high_confidence,
md_paul_l_foster_school_of_medicine_texas_tech_university_health_sciences_center_at,Paul L. Foster School of Medicine Texas Tech University Health Sciences Center at El Paso,TX,26526,41647,68766,83887,https://students-residents.aamc.org/medical-school-admission-requirements/medical-school-admission-requirements-reports-applicants-and-advisors,"AAMC MSAR Tuition, Fees and Insurance Information",143,Texas Tech University Health Sciences Center Paul L. Foster School of Medicine,0.910,high_confidence,
md_texas_tech_university_health_sciences_center_school_of_medicine_lubbock_texas,Texas Tech University Health Sciences Center School of Medicine,TX,26924,40024,56378,69478,https://students-residents.aamc.org/medical-school-admission-requirements/medical-school-admission-requirements-reports-applicants-and-advisors,"AAMC MSAR Tuition, Fees and Insurance Information",144,Texas Tech University Health Sciences Center School of Medicine,1.000,exact,
md_the_university_of_texas_at_tyler_school_of_medicine_tyler_texas,The University of Texas at Tyler School of Medicine,TX,25880,41820,60536,76476,https://students-residents.aamc.org/medical-school-admission-requirements/medical-school-admission-requirements-reports-applicants-and-advisors,"AAMC MSAR Tuition, Fees and Insurance Information",145,The University of Texas at Tyler School of Medicine,1.000,exact,
md_the_university_of_texas_at_san_antonio_joe_r_and_teresa_lozano_long_school_of_me,The University of Texas at San Antonio Joe R. and Teresa Lozano Long School of Medicine,TX,30236,45652,60356,75772,https://students-residents.aamc.org/medical-school-admission-requirements/medical-school-admission-requirements-reports-applicants-and-advisors,"AAMC MSAR Tuition, Fees and Insurance Information",146,The University of Texas Health Science Center at San Antonio Joe R. and Teresa Lozano Long School of Medicine,1.000,high_confidence,
md_university_of_houston_tilman_j_fertitta_family_college_of_medicine_houston_texas,University of Houston Tilman J. Fertitta Family College of Medicine,TX,27726,40826,56614,69714,https://students-residents.aamc.org/medical-school-admission-requirements/medical-school-admission-requirements-reports-applicants-and-advisors,"AAMC MSAR Tuition, Fees and Insurance Information",147,University of Houston Tilman J. Fertitta Family College of Medicine,1.000,exact,
md_dell_medical_school_university_of_texas_at_austin_austin_texas,Dell Medical School – University of Texas at Austin,TX,26106,41170,63184,78248,https://students-residents.aamc.org/medical-school-admission-requirements/medical-school-admission-requirements-reports-applicants-and-advisors,"AAMC MSAR Tuition, Fees and Insurance Information",148,University of Texas at Austin Dell Medical School,1.000,high_confidence,
md_university_of_texas_medical_branch_john_sealy_school_of_medicine_galveston_texas,University of Texas Medical Branch John Sealy School of Medicine,TX,30431,45597,61825,76991,https://students-residents.aamc.org/medical-school-admission-requirements/medical-school-admission-requirements-reports-applicants-and-advisors,"AAMC MSAR Tuition, Fees and Insurance Information",149,University of Texas Medical Branch John Sealy School of Medicine,1.000,exact,
md_university_of_texas_rio_grande_valley_school_of_medicine_edinburg_texas,University of Texas Rio Grande Valley School of Medicine,TX,24970,38070,59260,72360,https://students-residents.aamc.org/medical-school-admission-requirements/medical-school-admission-requirements-reports-applicants-and-advisors,"AAMC MSAR Tuition, Fees and Insurance Information",150,University of Texas Rio Grande Valley School of Medicine,1.000,exact,
md_university_of_texas_southwestern_medical_school_dallas_texas,University of Texas Southwestern Medical School,TX,28560,41660,64790,77890,https://students-residents.aamc.org/medical-school-admission-requirements/medical-school-admission-requirements-reports-applicants-and-advisors,"AAMC MSAR Tuition, Fees and Insurance Information",151,University of Texas Southwestern Medical School,1.000,exact,
md_spencer_fox_eccles_school_of_medicine_at_the_university_of_utah_salt_lake_city_u,Spencer Fox Eccles School of Medicine at the University of Utah,UT,52257,94987,90766,133496,https://students-residents.aamc.org/medical-school-admission-requirements/medical-school-admission-requirements-reports-applicants-and-advisors,"AAMC MSAR Tuition, Fees and Insurance Information",152,Spencer Fox Eccles School of Medicine at the University of Utah,1.000,exact,
md_eastern_virginia_medical_school_at_old_dominion_university_norfolk_virginia,Eastern Virginia Medical School at Old Dominion University,VA,43506,65832,69031,92301,https://students-residents.aamc.org/medical-school-admission-requirements/medical-school-admission-requirements-reports-applicants-and-advisors,"AAMC MSAR Tuition, Fees and Insurance Information",153,Eastern Virginia Medical School,0.940,high_confidence,
md_university_of_virginia_school_of_medicine_charlottesville_virginia,University of Virginia School of Medicine,VA,59154,73102,86104,100052,https://students-residents.aamc.org/medical-school-admission-requirements/medical-school-admission-requirements-reports-applicants-and-advisors,"AAMC MSAR Tuition, Fees and Insurance Information",154,University of Virginia School of Medicine,1.000,exact,
md_virginia_commonwealth_university_school_of_medicine_richmond_virginia,Virginia Commonwealth University School of Medicine,VA,45072,70730,88878,116112,https://students-residents.aamc.org/medical-school-admission-requirements/medical-school-admission-requirements-reports-applicants-and-advisors,"AAMC MSAR Tuition, Fees and Insurance Information",155,Virginia Commonwealth University School of Medicine,1.000,exact,
md_virginia_tech_carilion_school_of_medicine_roanoke_virginia,Virginia Tech Carilion School of Medicine,VA,67597,67597,93201,93201,https://students-residents.aamc.org/medical-school-admission-requirements/medical-school-admission-requirements-reports-applicants-and-advisors,"AAMC MSAR Tuition, Fees and Insurance Information",156,Virginia Tech Carilion School of Medicine,1.000,exact,
md_robert_larner_m_d_college_of_medicine_at_the_university_of_vermont_burlington_ve,"Robert Larner, M.D. College of Medicine at the University of Vermont",VT,44802,75468,72866,105472,https://students-residents.aamc.org/medical-school-admission-requirements/medical-school-admission-requirements-reports-applicants-and-advisors,"AAMC MSAR Tuition, Fees and Insurance Information",157,"Robert Larner, M.D., College of Medicine at the University of Vermont",1.000,exact,
md_university_of_washington_school_of_medicine_seattle_washington,University of Washington School of Medicine,WA,57968,102319,97083,141434,https://students-residents.aamc.org/medical-school-admission-requirements/medical-school-admission-requirements-reports-applicants-and-advisors,"AAMC MSAR Tuition, Fees and Insurance Information",158,University of Washington School of Medicine,1.000,exact,
md_washington_state_university_elson_s_floyd_college_of_medicine_spokane_washington,Washington State University Elson S. Floyd College of Medicine,WA,45012,0,74688,0,https://students-residents.aamc.org/medical-school-admission-requirements/medical-school-admission-requirements-reports-applicants-and-advisors,"AAMC MSAR Tuition, Fees and Insurance Information",159,Washington State University Elson S. Floyd College of Medicine,1.000,exact,out-of-state reported cost fields are zero
md_medical_college_of_wisconsin_milwaukee_wisconsin,Medical College of Wisconsin,WI,73607,77077,105717,109187,https://students-residents.aamc.org/medical-school-admission-requirements/medical-school-admission-requirements-reports-applicants-and-advisors,"AAMC MSAR Tuition, Fees and Insurance Information",160,Medical College of Wisconsin,1.000,exact,
md_university_of_wisconsin_school_of_medicine_and_public_health_madison_wisconsin,University of Wisconsin School of Medicine and Public Health,WI,44392,62514,78665,97464,https://students-residents.aamc.org/medical-school-admission-requirements/medical-school-admission-requirements-reports-applicants-and-advisors,"AAMC MSAR Tuition, Fees and Insurance Information",161,University of Wisconsin School of Medicine and Public Health,1.000,exact,
md_marshall_university_joan_c_edwards_school_of_medicine_huntington_west_virginia,Marshall University Joan C. Edwards School of Medicine,WV,27662,62246,62212,96796,https://students-residents.aamc.org/medical-school-admission-requirements/medical-school-admission-requirements-reports-applicants-and-advisors,"AAMC MSAR Tuition, Fees and Insurance Information",162,Marshall University Joan C. Edwards School of Medicine,1.000,exact,
md_west_virginia_university_school_of_medicine_morgantown_west_virginia,West Virginia University School of Medicine,WV,40121,77057,70337,108143,https://students-residents.aamc.org/medical-school-admission-requirements/medical-school-admission-requirements-reports-applicants-and-advisors,"AAMC MSAR Tuition, Fees and Insurance Information",163,West Virginia University School of Medicine,1.000,exact,
