source_key,source_name,source_url,pdf_file,source_row_number,stream_index,row_y,state,school_name_raw,school_name_clean,preview_policy,notes
aamc_msar_preview_policies,AAMC MSAR Advisor Reports,https://students-residents.aamc.org/medical-school-admission-requirements/medical-school-admission-requirements-reports-applicants-and-advisors,data/raw/aamc/msar_reports/13_msar-preview-participation-06-09-25-04152026-sc.pdf,1,3,694.660,,University of Alabama at Birmingham Marnix E. Heersink School of Medicine,University of Alabama at Birmingham Marnix E. Heersink School of Medicine,PREview Policy | We are requiring applicants to submit PREview scores | We are not using PREview scores in the admissions process,
aamc_msar_preview_policies,AAMC MSAR Advisor Reports,https://students-residents.aamc.org/medical-school-admission-requirements/medical-school-admission-requirements-reports-applicants-and-advisors,data/raw/aamc/msar_reports/13_msar-preview-participation-06-09-25-04152026-sc.pdf,2,3,679.420,,Albany Medical College,Albany Medical College,We are requiring applicants to submit PREview scores | We are not using PREview scores in the admissions process,
aamc_msar_preview_policies,AAMC MSAR Advisor Reports,https://students-residents.aamc.org/medical-school-admission-requirements/medical-school-admission-requirements-reports-applicants-and-advisors,data/raw/aamc/msar_reports/13_msar-preview-participation-06-09-25-04152026-sc.pdf,3,3,652.060,,University of Arkansas for Medical Sciences College of Medicine,University of Arkansas for Medical Sciences College of Medicine,We are not using PREview scores in the admissions process,
aamc_msar_preview_policies,AAMC MSAR Advisor Reports,https://students-residents.aamc.org/medical-school-admission-requirements/medical-school-admission-requirements-reports-applicants-and-advisors,data/raw/aamc/msar_reports/13_msar-preview-participation-06-09-25-04152026-sc.pdf,4,5,624.700,,Boston University Aram V. Chobanian & Edward Avedisian School of Medicine,Boston University Aram V. Chobanian & Edward Avedisian School of Medicine,process | We are not using PREview scores in the admissions process,
aamc_msar_preview_policies,AAMC MSAR Advisor Reports,https://students-residents.aamc.org/medical-school-admission-requirements/medical-school-admission-requirements-reports-applicants-and-advisors,data/raw/aamc/msar_reports/13_msar-preview-participation-06-09-25-04152026-sc.pdf,5,5,609.460,,Wake Forest University School of Medicine,Wake Forest University School of Medicine,We are not using PREview scores in the admissions process | Exploring PREview for Future use - will not be used in this cycle’s admissions decisions,
aamc_msar_preview_policies,AAMC MSAR Advisor Reports,https://students-residents.aamc.org/medical-school-admission-requirements/medical-school-admission-requirements-reports-applicants-and-advisors,data/raw/aamc/msar_reports/13_msar-preview-participation-06-09-25-04152026-sc.pdf,6,5,582.100,,Jacobs School of Medicine and Biomedical Sciences at the University at Buffalo,Jacobs School of Medicine and Biomedical Sciences at the University at Buffalo,We are not using PREview scores in the admissions process | Exploring PREview for Future use - will not be used in this cycle’s admissions decisions | We are not using PREview scores in the admissions,
aamc_msar_preview_policies,AAMC MSAR Advisor Reports,https://students-residents.aamc.org/medical-school-admission-requirements/medical-school-admission-requirements-reports-applicants-and-advisors,data/raw/aamc/msar_reports/13_msar-preview-participation-06-09-25-04152026-sc.pdf,7,5,554.710,,"University of California, San Francisco, School of Medicine","University of California, San Francisco, School of Medicine",Exploring PREview for Future use - will not be used in this cycle’s admissions decisions | We are not using PREview scores in the admissions,
aamc_msar_preview_policies,AAMC MSAR Advisor Reports,https://students-residents.aamc.org/medical-school-admission-requirements/medical-school-admission-requirements-reports-applicants-and-advisors,data/raw/aamc/msar_reports/13_msar-preview-participation-06-09-25-04152026-sc.pdf,8,6,527.350,,"University of California, Los Angeles David Geffen School of Medicine","University of California, Los Angeles David Geffen School of Medicine",We are requiring applicants to submit PREview scores | We are recommending applicants submit PREview scores,
aamc_msar_preview_policies,AAMC MSAR Advisor Reports,https://students-residents.aamc.org/medical-school-admission-requirements/medical-school-admission-requirements-reports-applicants-and-advisors,data/raw/aamc/msar_reports/13_msar-preview-participation-06-09-25-04152026-sc.pdf,9,6,499.990,,Chicago Medical School at Rosalind Franklin University of Medicine & Science,Chicago Medical School at Rosalind Franklin University of Medicine & Science,We are requiring applicants to submit PREview scores | We are recommending applicants submit PREview scores | We are not using PREview scores in the admissions process,
aamc_msar_preview_policies,AAMC MSAR Advisor Reports,https://students-residents.aamc.org/medical-school-admission-requirements/medical-school-admission-requirements-reports-applicants-and-advisors,data/raw/aamc/msar_reports/13_msar-preview-participation-06-09-25-04152026-sc.pdf,10,6,458.830,,University of Chicago Division of the Biological Sciences The Pritzker School of Medicine,University of Chicago Division of the Biological Sciences The Pritzker School of Medicine,We are recommending applicants submit PREview scores | We are not using PREview scores in the admissions process | Exploring PREview for Future use - will not be used in,
aamc_msar_preview_policies,AAMC MSAR Advisor Reports,https://students-residents.aamc.org/medical-school-admission-requirements/medical-school-admission-requirements-reports-applicants-and-advisors,data/raw/aamc/msar_reports/13_msar-preview-participation-06-09-25-04152026-sc.pdf,11,6,431.470,,University of Cincinnati College of Medicine,University of Cincinnati College of Medicine,We are not using PREview scores in the admissions process | Exploring PREview for Future use - will not be used in,
aamc_msar_preview_policies,AAMC MSAR Advisor Reports,https://students-residents.aamc.org/medical-school-admission-requirements/medical-school-admission-requirements-reports-applicants-and-advisors,data/raw/aamc/msar_reports/13_msar-preview-participation-06-09-25-04152026-sc.pdf,12,7,416.230,,University of Colorado School of Medicine,University of Colorado School of Medicine,We are not using PREview scores in the admissions process,
aamc_msar_preview_policies,AAMC MSAR Advisor Reports,https://students-residents.aamc.org/medical-school-admission-requirements/medical-school-admission-requirements-reports-applicants-and-advisors,data/raw/aamc/msar_reports/13_msar-preview-participation-06-09-25-04152026-sc.pdf,13,7,388.870,,Columbia University Vagelos College of Physicians and Surgeons,Columbia University Vagelos College of Physicians and Surgeons,We are not using PREview scores in the admissions process,
aamc_msar_preview_policies,AAMC MSAR Advisor Reports,https://students-residents.aamc.org/medical-school-admission-requirements/medical-school-admission-requirements-reports-applicants-and-advisors,data/raw/aamc/msar_reports/13_msar-preview-participation-06-09-25-04152026-sc.pdf,14,7,373.610,,Weill Cornell Medicine,Weill Cornell Medicine,We are not using PREview scores in the admissions process,
aamc_msar_preview_policies,AAMC MSAR Advisor Reports,https://students-residents.aamc.org/medical-school-admission-requirements/medical-school-admission-requirements-reports-applicants-and-advisors,data/raw/aamc/msar_reports/13_msar-preview-participation-06-09-25-04152026-sc.pdf,15,7,358.370,,Creighton University School of Medicine,Creighton University School of Medicine,We are not using PREview scores in the admissions process | Exploring PREview for Future use - will not be used in,
aamc_msar_preview_policies,AAMC MSAR Advisor Reports,https://students-residents.aamc.org/medical-school-admission-requirements/medical-school-admission-requirements-reports-applicants-and-advisors,data/raw/aamc/msar_reports/13_msar-preview-participation-06-09-25-04152026-sc.pdf,16,7,331.010,,University of Florida College of Medicine,University of Florida College of Medicine,We are not using PREview scores in the admissions process | Exploring PREview for Future use - will not be used in,
aamc_msar_preview_policies,AAMC MSAR Advisor Reports,https://students-residents.aamc.org/medical-school-admission-requirements/medical-school-admission-requirements-reports-applicants-and-advisors,data/raw/aamc/msar_reports/13_msar-preview-participation-06-09-25-04152026-sc.pdf,17,8,315.770,,Geisel School of Medicine at Dartmouth,Geisel School of Medicine at Dartmouth,We are not using PREview scores in the admissions process,
aamc_msar_preview_policies,AAMC MSAR Advisor Reports,https://students-residents.aamc.org/medical-school-admission-requirements/medical-school-admission-requirements-reports-applicants-and-advisors,data/raw/aamc/msar_reports/13_msar-preview-participation-06-09-25-04152026-sc.pdf,18,8,300.530,,Duke University School of Medicine,Duke University School of Medicine,We are not using PREview scores in the admissions process,
aamc_msar_preview_policies,AAMC MSAR Advisor Reports,https://students-residents.aamc.org/medical-school-admission-requirements/medical-school-admission-requirements-reports-applicants-and-advisors,data/raw/aamc/msar_reports/13_msar-preview-participation-06-09-25-04152026-sc.pdf,19,8,285.290,,Albert Einstein College of Medicine,Albert Einstein College of Medicine,We are not using PREview scores in the admissions process,
aamc_msar_preview_policies,AAMC MSAR Advisor Reports,https://students-residents.aamc.org/medical-school-admission-requirements/medical-school-admission-requirements-reports-applicants-and-advisors,data/raw/aamc/msar_reports/13_msar-preview-participation-06-09-25-04152026-sc.pdf,20,8,270.050,,Emory University School of Medicine,Emory University School of Medicine,We are not using PREview scores in the admissions process | We are not using PREview scores in the admissions,
aamc_msar_preview_policies,AAMC MSAR Advisor Reports,https://students-residents.aamc.org/medical-school-admission-requirements/medical-school-admission-requirements-reports-applicants-and-advisors,data/raw/aamc/msar_reports/13_msar-preview-participation-06-09-25-04152026-sc.pdf,21,8,254.810,,Georgetown University School of Medicine,Georgetown University School of Medicine,We are not using PREview scores in the admissions process | We are not using PREview scores in the admissions,
aamc_msar_preview_policies,AAMC MSAR Advisor Reports,https://students-residents.aamc.org/medical-school-admission-requirements/medical-school-admission-requirements-reports-applicants-and-advisors,data/raw/aamc/msar_reports/13_msar-preview-participation-06-09-25-04152026-sc.pdf,22,9,227.450,,Medicine and Health Sciences,Medicine and Health Sciences,We are not using PREview scores in the admissions process,
aamc_msar_preview_policies,AAMC MSAR Advisor Reports,https://students-residents.aamc.org/medical-school-admission-requirements/medical-school-admission-requirements-reports-applicants-and-advisors,data/raw/aamc/msar_reports/13_msar-preview-participation-06-09-25-04152026-sc.pdf,23,9,200.090,,Medical College of Georgia at Augusta University,Medical College of Georgia at Augusta University,We are not using PREview scores in the admissions process,
aamc_msar_preview_policies,AAMC MSAR Advisor Reports,https://students-residents.aamc.org/medical-school-admission-requirements/medical-school-admission-requirements-reports-applicants-and-advisors,data/raw/aamc/msar_reports/13_msar-preview-participation-06-09-25-04152026-sc.pdf,24,9,184.820,,Harvard Medical School,Harvard Medical School,We are not using PREview scores in the admissions process | We are recommending applicants submit PREview scores,
aamc_msar_preview_policies,AAMC MSAR Advisor Reports,https://students-residents.aamc.org/medical-school-admission-requirements/medical-school-admission-requirements-reports-applicants-and-advisors,data/raw/aamc/msar_reports/13_msar-preview-participation-06-09-25-04152026-sc.pdf,25,9,169.580,,Howard University College of Medicine,Howard University College of Medicine,We are not using PREview scores in the admissions process | We are recommending applicants submit PREview scores | Exploring PREview for Future use - will not be used in this cycle’s admissions decisions,
aamc_msar_preview_policies,AAMC MSAR Advisor Reports,https://students-residents.aamc.org/medical-school-admission-requirements/medical-school-admission-requirements-reports-applicants-and-advisors,data/raw/aamc/msar_reports/13_msar-preview-participation-06-09-25-04152026-sc.pdf,26,9,142.220,,University of Illinois College of Medicine,University of Illinois College of Medicine,We are recommending applicants submit PREview scores | Exploring PREview for Future use - will not be used in this cycle’s admissions decisions,
aamc_msar_preview_policies,AAMC MSAR Advisor Reports,https://students-residents.aamc.org/medical-school-admission-requirements/medical-school-admission-requirements-reports-applicants-and-advisors,data/raw/aamc/msar_reports/13_msar-preview-participation-06-09-25-04152026-sc.pdf,27,10,99.624,,"University of California, Irvine, School of Medicine","University of California, Irvine, School of Medicine",We are not using PREview scores in the admissions process | Exploring PREview for Future use - will not be used in this cycle’s admissions decisions,
aamc_msar_preview_policies,AAMC MSAR Advisor Reports,https://students-residents.aamc.org/medical-school-admission-requirements/medical-school-admission-requirements-reports-applicants-and-advisors,data/raw/aamc/msar_reports/13_msar-preview-participation-06-09-25-04152026-sc.pdf,28,10,72.264,,University of Iowa Roy J. and Lucille A. Carver College of Medicine,University of Iowa Roy J. and Lucille A. Carver College of Medicine,Exploring PREview for Future use - will not be used in this cycle’s admissions decisions | We are not using PREview scores in the admissions process,
aamc_msar_preview_policies,AAMC MSAR Advisor Reports,https://students-residents.aamc.org/medical-school-admission-requirements/medical-school-admission-requirements-reports-applicants-and-advisors,data/raw/aamc/msar_reports/13_msar-preview-participation-06-09-25-04152026-sc.pdf,29,17,710.620,,Sidney Kimmel Medical College at Thomas Jefferson University,Sidney Kimmel Medical College at Thomas Jefferson University,We are not using PREview scores in the admissions process | Exploring PREview for Future use - will not be used in this cycle’s admissions decisions,
aamc_msar_preview_policies,AAMC MSAR Advisor Reports,https://students-residents.aamc.org/medical-school-admission-requirements/medical-school-admission-requirements-reports-applicants-and-advisors,data/raw/aamc/msar_reports/13_msar-preview-participation-06-09-25-04152026-sc.pdf,30,17,683.260,,Johns Hopkins University School of Medicine,Johns Hopkins University School of Medicine,We are not using PREview scores in the admissions process | Exploring PREview for Future use - will not be used in this cycle’s admissions decisions,
aamc_msar_preview_policies,AAMC MSAR Advisor Reports,https://students-residents.aamc.org/medical-school-admission-requirements/medical-school-admission-requirements-reports-applicants-and-advisors,data/raw/aamc/msar_reports/13_msar-preview-participation-06-09-25-04152026-sc.pdf,31,17,655.900,,University of Kansas School of Medicine,University of Kansas School of Medicine,Exploring PREview for Future use - will not be used in this cycle’s admissions decisions | We are not using PREview scores in the admissions process,
aamc_msar_preview_policies,AAMC MSAR Advisor Reports,https://students-residents.aamc.org/medical-school-admission-requirements/medical-school-admission-requirements-reports-applicants-and-advisors,data/raw/aamc/msar_reports/13_msar-preview-participation-06-09-25-04152026-sc.pdf,32,17,640.660,,University of Kentucky College of Medicine,University of Kentucky College of Medicine,Exploring PREview for Future use - will not be used in this cycle’s admissions decisions | We are not using PREview scores in the admissions process | We are recommending applicants submit PREview scores,
aamc_msar_preview_policies,AAMC MSAR Advisor Reports,https://students-residents.aamc.org/medical-school-admission-requirements/medical-school-admission-requirements-reports-applicants-and-advisors,data/raw/aamc/msar_reports/13_msar-preview-participation-06-09-25-04152026-sc.pdf,33,17,613.300,,SUNY Downstate Health Sciences University College of Medicine,SUNY Downstate Health Sciences University College of Medicine,We are not using PREview scores in the admissions process | We are recommending applicants submit PREview scores,
aamc_msar_preview_policies,AAMC MSAR Advisor Reports,https://students-residents.aamc.org/medical-school-admission-requirements/medical-school-admission-requirements-reports-applicants-and-advisors,data/raw/aamc/msar_reports/13_msar-preview-participation-06-09-25-04152026-sc.pdf,34,17,585.940,,Louisiana State University School of Medicine in New Orleans,Louisiana State University School of Medicine in New Orleans,We are recommending applicants submit PREview scores | Exploring PREview for Future use - will not be used in this cycle’s admissions decisions,
aamc_msar_preview_policies,AAMC MSAR Advisor Reports,https://students-residents.aamc.org/medical-school-admission-requirements/medical-school-admission-requirements-reports-applicants-and-advisors,data/raw/aamc/msar_reports/13_msar-preview-participation-06-09-25-04152026-sc.pdf,35,17,558.550,,University of Louisville School of Medicine,University of Louisville School of Medicine,We are recommending applicants submit PREview scores | Exploring PREview for Future use - will not be used in this cycle’s admissions decisions | We are not using PREview scores in the admissions process,
aamc_msar_preview_policies,AAMC MSAR Advisor Reports,https://students-residents.aamc.org/medical-school-admission-requirements/medical-school-admission-requirements-reports-applicants-and-advisors,data/raw/aamc/msar_reports/13_msar-preview-participation-06-09-25-04152026-sc.pdf,36,17,531.190,,Loyola University Chicago Stritch School of Medicine,Loyola University Chicago Stritch School of Medicine,Exploring PREview for Future use - will not be used in this cycle’s admissions decisions | We are not using PREview scores in the admissions process,
aamc_msar_preview_policies,AAMC MSAR Advisor Reports,https://students-residents.aamc.org/medical-school-admission-requirements/medical-school-admission-requirements-reports-applicants-and-advisors,data/raw/aamc/msar_reports/13_msar-preview-participation-06-09-25-04152026-sc.pdf,37,17,503.830,,University of Miami Leonard M. Miller School of Medicine,University of Miami Leonard M. Miller School of Medicine,We are not using PREview scores in the admissions process,
aamc_msar_preview_policies,AAMC MSAR Advisor Reports,https://students-residents.aamc.org/medical-school-admission-requirements/medical-school-admission-requirements-reports-applicants-and-advisors,data/raw/aamc/msar_reports/13_msar-preview-participation-06-09-25-04152026-sc.pdf,38,17,488.590,,Medical College of Wisconsin,Medical College of Wisconsin,We are not using PREview scores in the admissions process,
aamc_msar_preview_policies,AAMC MSAR Advisor Reports,https://students-residents.aamc.org/medical-school-admission-requirements/medical-school-admission-requirements-reports-applicants-and-advisors,data/raw/aamc/msar_reports/13_msar-preview-participation-06-09-25-04152026-sc.pdf,39,17,473.350,,University of Maryland School of Medicine,University of Maryland School of Medicine,We are not using PREview scores in the admissions process,
aamc_msar_preview_policies,AAMC MSAR Advisor Reports,https://students-residents.aamc.org/medical-school-admission-requirements/medical-school-admission-requirements-reports-applicants-and-advisors,data/raw/aamc/msar_reports/13_msar-preview-participation-06-09-25-04152026-sc.pdf,40,17,458.110,,Loma Linda University School of Medicine,Loma Linda University School of Medicine,We are not using PREview scores in the admissions process,
aamc_msar_preview_policies,AAMC MSAR Advisor Reports,https://students-residents.aamc.org/medical-school-admission-requirements/medical-school-admission-requirements-reports-applicants-and-advisors,data/raw/aamc/msar_reports/13_msar-preview-participation-06-09-25-04152026-sc.pdf,41,17,442.870,,Meharry Medical College,Meharry Medical College,We are not using PREview scores in the admissions process | Exploring PREview for Future use - will not be used in this cycle’s admissions decisions,
aamc_msar_preview_policies,AAMC MSAR Advisor Reports,https://students-residents.aamc.org/medical-school-admission-requirements/medical-school-admission-requirements-reports-applicants-and-advisors,data/raw/aamc/msar_reports/13_msar-preview-participation-06-09-25-04152026-sc.pdf,42,17,415.510,,University of Michigan Medical School,University of Michigan Medical School,We are not using PREview scores in the admissions process | Exploring PREview for Future use - will not be used in this cycle’s admissions decisions | We are requiring applicants to submit PREview scores,
aamc_msar_preview_policies,AAMC MSAR Advisor Reports,https://students-residents.aamc.org/medical-school-admission-requirements/medical-school-admission-requirements-reports-applicants-and-advisors,data/raw/aamc/msar_reports/13_msar-preview-participation-06-09-25-04152026-sc.pdf,43,17,400.270,,University of Minnesota Medical School,University of Minnesota Medical School,Exploring PREview for Future use - will not be used in this cycle’s admissions decisions | We are requiring applicants to submit PREview scores | We are not using PREview scores in the admissions process,
aamc_msar_preview_policies,AAMC MSAR Advisor Reports,https://students-residents.aamc.org/medical-school-admission-requirements/medical-school-admission-requirements-reports-applicants-and-advisors,data/raw/aamc/msar_reports/13_msar-preview-participation-06-09-25-04152026-sc.pdf,44,17,385.030,,University of Mississippi School of Medicine,University of Mississippi School of Medicine,We are requiring applicants to submit PREview scores | We are not using PREview scores in the admissions process,
aamc_msar_preview_policies,AAMC MSAR Advisor Reports,https://students-residents.aamc.org/medical-school-admission-requirements/medical-school-admission-requirements-reports-applicants-and-advisors,data/raw/aamc/msar_reports/13_msar-preview-participation-06-09-25-04152026-sc.pdf,45,17,357.650,,University of Missouri-Columbia School of Medicine,University of Missouri-Columbia School of Medicine,We are not using PREview scores in the admissions process | Exploring PREview for Future use - will not be used in this cycle’s admissions decisions,
aamc_msar_preview_policies,AAMC MSAR Advisor Reports,https://students-residents.aamc.org/medical-school-admission-requirements/medical-school-admission-requirements-reports-applicants-and-advisors,data/raw/aamc/msar_reports/13_msar-preview-participation-06-09-25-04152026-sc.pdf,46,17,330.290,,University of Nebraska College of Medicine,University of Nebraska College of Medicine,We are not using PREview scores in the admissions process | Exploring PREview for Future use - will not be used in this cycle’s admissions decisions,
aamc_msar_preview_policies,AAMC MSAR Advisor Reports,https://students-residents.aamc.org/medical-school-admission-requirements/medical-school-admission-requirements-reports-applicants-and-advisors,data/raw/aamc/msar_reports/13_msar-preview-participation-06-09-25-04152026-sc.pdf,47,17,302.930,,University of New Mexico School of Medicine,University of New Mexico School of Medicine,Exploring PREview for Future use - will not be used in this cycle’s admissions decisions | We are not using PREview scores in the admissions process,
aamc_msar_preview_policies,AAMC MSAR Advisor Reports,https://students-residents.aamc.org/medical-school-admission-requirements/medical-school-admission-requirements-reports-applicants-and-advisors,data/raw/aamc/msar_reports/13_msar-preview-participation-06-09-25-04152026-sc.pdf,48,17,287.690,,New York Medical College,New York Medical College,Exploring PREview for Future use - will not be used in this cycle’s admissions decisions | We are not using PREview scores in the admissions process,
aamc_msar_preview_policies,AAMC MSAR Advisor Reports,https://students-residents.aamc.org/medical-school-admission-requirements/medical-school-admission-requirements-reports-applicants-and-advisors,data/raw/aamc/msar_reports/13_msar-preview-participation-06-09-25-04152026-sc.pdf,49,17,272.450,,NYU Grossman School of Medicine,NYU Grossman School of Medicine,We are not using PREview scores in the admissions process,
aamc_msar_preview_policies,AAMC MSAR Advisor Reports,https://students-residents.aamc.org/medical-school-admission-requirements/medical-school-admission-requirements-reports-applicants-and-advisors,data/raw/aamc/msar_reports/13_msar-preview-participation-06-09-25-04152026-sc.pdf,50,17,245.090,,University of North Carolina at Chapel Hill School of Medicine,University of North Carolina at Chapel Hill School of Medicine,We are not using PREview scores in the admissions process | Exploring PREview for Future use - will not be used in this cycle’s admissions decisions,
aamc_msar_preview_policies,AAMC MSAR Advisor Reports,https://students-residents.aamc.org/medical-school-admission-requirements/medical-school-admission-requirements-reports-applicants-and-advisors,data/raw/aamc/msar_reports/13_msar-preview-participation-06-09-25-04152026-sc.pdf,51,17,217.730,,University of North Dakota School of Medicine and Health Sciences,University of North Dakota School of Medicine and Health Sciences,We are not using PREview scores in the admissions process | Exploring PREview for Future use - will not be used in this cycle’s admissions decisions,
aamc_msar_preview_policies,AAMC MSAR Advisor Reports,https://students-residents.aamc.org/medical-school-admission-requirements/medical-school-admission-requirements-reports-applicants-and-advisors,data/raw/aamc/msar_reports/13_msar-preview-participation-06-09-25-04152026-sc.pdf,52,17,190.340,,Northwestern University The Feinberg School of Medicine,Northwestern University The Feinberg School of Medicine,Exploring PREview for Future use - will not be used in this cycle’s admissions decisions | We are not using PREview scores in the admissions,
aamc_msar_preview_policies,AAMC MSAR Advisor Reports,https://students-residents.aamc.org/medical-school-admission-requirements/medical-school-admission-requirements-reports-applicants-and-advisors,data/raw/aamc/msar_reports/13_msar-preview-participation-06-09-25-04152026-sc.pdf,53,17,175.100,,Ohio State University College of Medicine,Ohio State University College of Medicine,Exploring PREview for Future use - will not be used in this cycle’s admissions decisions | We are not using PREview scores in the admissions,
aamc_msar_preview_policies,AAMC MSAR Advisor Reports,https://students-residents.aamc.org/medical-school-admission-requirements/medical-school-admission-requirements-reports-applicants-and-advisors,data/raw/aamc/msar_reports/13_msar-preview-participation-06-09-25-04152026-sc.pdf,54,17,147.740,,University of Oklahoma College of Medicine,University of Oklahoma College of Medicine,We are not using PREview scores in the admissions | We are not using PREview scores in the admissions process,
aamc_msar_preview_policies,AAMC MSAR Advisor Reports,https://students-residents.aamc.org/medical-school-admission-requirements/medical-school-admission-requirements-reports-applicants-and-advisors,data/raw/aamc/msar_reports/13_msar-preview-participation-06-09-25-04152026-sc.pdf,55,17,120.380,,Oregon Health & Science University School of Medicine,Oregon Health & Science University School of Medicine,We are not using PREview scores in the admissions process,
aamc_msar_preview_policies,AAMC MSAR Advisor Reports,https://students-residents.aamc.org/medical-school-admission-requirements/medical-school-admission-requirements-reports-applicants-and-advisors,data/raw/aamc/msar_reports/13_msar-preview-participation-06-09-25-04152026-sc.pdf,56,17,93.024,,Perelman School of Medicine at the University of Pennsylvania,Perelman School of Medicine at the University of Pennsylvania,We are not using PREview scores in the admissions process | Exploring PREview for Future use - will not be used in this cycle’s admissions decisions,
aamc_msar_preview_policies,AAMC MSAR Advisor Reports,https://students-residents.aamc.org/medical-school-admission-requirements/medical-school-admission-requirements-reports-applicants-and-advisors,data/raw/aamc/msar_reports/13_msar-preview-participation-06-09-25-04152026-sc.pdf,57,17,65.664,,University of Puerto Rico School of Medicine,University of Puerto Rico School of Medicine,We are not using PREview scores in the admissions process | Exploring PREview for Future use - will not be used in this cycle’s admissions decisions,
aamc_msar_preview_policies,AAMC MSAR Advisor Reports,https://students-residents.aamc.org/medical-school-admission-requirements/medical-school-admission-requirements-reports-applicants-and-advisors,data/raw/aamc/msar_reports/13_msar-preview-participation-06-09-25-04152026-sc.pdf,58,21,722.740,,University of Pittsburgh School of Medicine,University of Pittsburgh School of Medicine,scores | We are not using PREview scores in the admissions process,
aamc_msar_preview_policies,AAMC MSAR Advisor Reports,https://students-residents.aamc.org/medical-school-admission-requirements/medical-school-admission-requirements-reports-applicants-and-advisors,data/raw/aamc/msar_reports/13_msar-preview-participation-06-09-25-04152026-sc.pdf,59,21,695.380,,University of Rochester School of Medicine and Dentistry,University of Rochester School of Medicine and Dentistry,scores | We are not using PREview scores in the admissions process | We are requiring applicants to submit PREview scores,
aamc_msar_preview_policies,AAMC MSAR Advisor Reports,https://students-residents.aamc.org/medical-school-admission-requirements/medical-school-admission-requirements-reports-applicants-and-advisors,data/raw/aamc/msar_reports/13_msar-preview-participation-06-09-25-04152026-sc.pdf,60,21,680.140,,Saint Louis University School of Medicine,Saint Louis University School of Medicine,We are not using PREview scores in the admissions process | We are requiring applicants to submit PREview scores | Exploring PREview for Future use - will not be used in this cycle’s admissions decisions,
aamc_msar_preview_policies,AAMC MSAR Advisor Reports,https://students-residents.aamc.org/medical-school-admission-requirements/medical-school-admission-requirements-reports-applicants-and-advisors,data/raw/aamc/msar_reports/13_msar-preview-participation-06-09-25-04152026-sc.pdf,61,21,652.780,,Medical University of South Carolina College of Medicine,Medical University of South Carolina College of Medicine,We are requiring applicants to submit PREview scores | Exploring PREview for Future use - will not be used in this cycle’s admissions decisions,
aamc_msar_preview_policies,AAMC MSAR Advisor Reports,https://students-residents.aamc.org/medical-school-admission-requirements/medical-school-admission-requirements-reports-applicants-and-advisors,data/raw/aamc/msar_reports/13_msar-preview-participation-06-09-25-04152026-sc.pdf,62,21,625.420,,"University of South Dakota, Sanford School of Medicine","University of South Dakota, Sanford School of Medicine",Exploring PREview for Future use - will not be used in this cycle’s admissions decisions | We are not using PREview scores in the admissions process,
aamc_msar_preview_policies,AAMC MSAR Advisor Reports,https://students-residents.aamc.org/medical-school-admission-requirements/medical-school-admission-requirements-reports-applicants-and-advisors,data/raw/aamc/msar_reports/13_msar-preview-participation-06-09-25-04152026-sc.pdf,63,21,598.060,,Keck School of Medicine of the University of Southern California,Keck School of Medicine of the University of Southern California,Exploring PREview for Future use - will not be used in this cycle’s admissions decisions | We are not using PREview scores in the admissions process,
aamc_msar_preview_policies,AAMC MSAR Advisor Reports,https://students-residents.aamc.org/medical-school-admission-requirements/medical-school-admission-requirements-reports-applicants-and-advisors,data/raw/aamc/msar_reports/13_msar-preview-participation-06-09-25-04152026-sc.pdf,64,21,582.820,,Stanford University School of Medicine,Stanford University School of Medicine,We are not using PREview scores in the admissions process,
aamc_msar_preview_policies,AAMC MSAR Advisor Reports,https://students-residents.aamc.org/medical-school-admission-requirements/medical-school-admission-requirements-reports-applicants-and-advisors,data/raw/aamc/msar_reports/13_msar-preview-participation-06-09-25-04152026-sc.pdf,65,21,567.580,,Rutgers New Jersey Medical School,Rutgers New Jersey Medical School,We are not using PREview scores in the admissions process,
aamc_msar_preview_policies,AAMC MSAR Advisor Reports,https://students-residents.aamc.org/medical-school-admission-requirements/medical-school-admission-requirements-reports-applicants-and-advisors,data/raw/aamc/msar_reports/13_msar-preview-participation-06-09-25-04152026-sc.pdf,66,21,526.390,,State University of New York Upstate Medical University Alan and Marlene Norton College of Medicine,State University of New York Upstate Medical University Alan and Marlene Norton College of Medicine,We are not using PREview scores in the admissions process,
aamc_msar_preview_policies,AAMC MSAR Advisor Reports,https://students-residents.aamc.org/medical-school-admission-requirements/medical-school-admission-requirements-reports-applicants-and-advisors,data/raw/aamc/msar_reports/13_msar-preview-participation-06-09-25-04152026-sc.pdf,67,21,499.030,,Lewis Katz School of Medicine at Temple University,Lewis Katz School of Medicine at Temple University,We are not using PREview scores in the admissions process,
aamc_msar_preview_policies,AAMC MSAR Advisor Reports,https://students-residents.aamc.org/medical-school-admission-requirements/medical-school-admission-requirements-reports-applicants-and-advisors,data/raw/aamc/msar_reports/13_msar-preview-participation-06-09-25-04152026-sc.pdf,68,21,471.670,,University of Tennessee Health Science Center College of Medicine,University of Tennessee Health Science Center College of Medicine,We are not using PREview scores in the admissions process,
aamc_msar_preview_policies,AAMC MSAR Advisor Reports,https://students-residents.aamc.org/medical-school-admission-requirements/medical-school-admission-requirements-reports-applicants-and-advisors,data/raw/aamc/msar_reports/13_msar-preview-participation-06-09-25-04152026-sc.pdf,69,21,456.430,,Tufts University School of Medicine,Tufts University School of Medicine,We are not using PREview scores in the admissions process,
aamc_msar_preview_policies,AAMC MSAR Advisor Reports,https://students-residents.aamc.org/medical-school-admission-requirements/medical-school-admission-requirements-reports-applicants-and-advisors,data/raw/aamc/msar_reports/13_msar-preview-participation-06-09-25-04152026-sc.pdf,70,21,441.190,,Tulane University School of Medicine,Tulane University School of Medicine,We are not using PREview scores in the admissions process | We are requiring applicants to submit PREview scores,
aamc_msar_preview_policies,AAMC MSAR Advisor Reports,https://students-residents.aamc.org/medical-school-admission-requirements/medical-school-admission-requirements-reports-applicants-and-advisors,data/raw/aamc/msar_reports/13_msar-preview-participation-06-09-25-04152026-sc.pdf,71,21,413.830,,Spencer Fox Eccles School of Medicine at the University of Utah,Spencer Fox Eccles School of Medicine at the University of Utah,We are not using PREview scores in the admissions process | We are requiring applicants to submit PREview scores,
aamc_msar_preview_policies,AAMC MSAR Advisor Reports,https://students-residents.aamc.org/medical-school-admission-requirements/medical-school-admission-requirements-reports-applicants-and-advisors,data/raw/aamc/msar_reports/13_msar-preview-participation-06-09-25-04152026-sc.pdf,72,21,398.590,,Vanderbilt University School of Medicine,Vanderbilt University School of Medicine,We are requiring applicants to submit PREview scores | We are not using PREview scores in the admissions process | Exploring PREview for Future use - will not be used in this cycle’s admissions decisions,
aamc_msar_preview_policies,AAMC MSAR Advisor Reports,https://students-residents.aamc.org/medical-school-admission-requirements/medical-school-admission-requirements-reports-applicants-and-advisors,data/raw/aamc/msar_reports/13_msar-preview-participation-06-09-25-04152026-sc.pdf,73,21,371.210,,"Robert Larner, M.D., College of Medicine at the University of Vermont","Robert Larner, M.D., College of Medicine at the University of Vermont",We are not using PREview scores in the admissions process | Exploring PREview for Future use - will not be used in this cycle’s admissions decisions | We are requiring applicants to submit situational judgment test (SJT) scores; PREview scores fulfill SJT,
aamc_msar_preview_policies,AAMC MSAR Advisor Reports,https://students-residents.aamc.org/medical-school-admission-requirements/medical-school-admission-requirements-reports-applicants-and-advisors,data/raw/aamc/msar_reports/13_msar-preview-participation-06-09-25-04152026-sc.pdf,74,21,343.850,,"Rutgers, Robert Wood Johnson Medical School","Rutgers, Robert Wood Johnson Medical School",Exploring PREview for Future use - will not be used in this cycle’s admissions decisions | We are requiring applicants to submit situational judgment test (SJT) scores; PREview scores fulfill SJT,
aamc_msar_preview_policies,AAMC MSAR Advisor Reports,https://students-residents.aamc.org/medical-school-admission-requirements/medical-school-admission-requirements-reports-applicants-and-advisors,data/raw/aamc/msar_reports/13_msar-preview-participation-06-09-25-04152026-sc.pdf,75,21,316.490,,University of Virginia School of Medicine,University of Virginia School of Medicine,We are requiring applicants to submit situational judgment test (SJT) scores; PREview scores fulfill SJT | Exploring PREview for Future use - will not be used in this cycle’s admissions decisions,
aamc_msar_preview_policies,AAMC MSAR Advisor Reports,https://students-residents.aamc.org/medical-school-admission-requirements/medical-school-admission-requirements-reports-applicants-and-advisors,data/raw/aamc/msar_reports/13_msar-preview-participation-06-09-25-04152026-sc.pdf,76,21,289.130,,Virginia Commonwealth University School of Medicine,Virginia Commonwealth University School of Medicine,Exploring PREview for Future use - will not be used in this cycle’s admissions decisions | We are not using PREview scores in the admissions process,
aamc_msar_preview_policies,AAMC MSAR Advisor Reports,https://students-residents.aamc.org/medical-school-admission-requirements/medical-school-admission-requirements-reports-applicants-and-advisors,data/raw/aamc/msar_reports/13_msar-preview-participation-06-09-25-04152026-sc.pdf,77,21,261.770,,University of Washington School of Medicine,University of Washington School of Medicine,We are not using PREview scores in the admissions process,
aamc_msar_preview_policies,AAMC MSAR Advisor Reports,https://students-residents.aamc.org/medical-school-admission-requirements/medical-school-admission-requirements-reports-applicants-and-advisors,data/raw/aamc/msar_reports/13_msar-preview-participation-06-09-25-04152026-sc.pdf,78,21,234.410,,Washington University in St. Louis School of Medicine,Washington University in St. Louis School of Medicine,We are not using PREview scores in the admissions process,
aamc_msar_preview_policies,AAMC MSAR Advisor Reports,https://students-residents.aamc.org/medical-school-admission-requirements/medical-school-admission-requirements-reports-applicants-and-advisors,data/raw/aamc/msar_reports/13_msar-preview-participation-06-09-25-04152026-sc.pdf,79,21,219.170,,Wayne State University School of Medicine,Wayne State University School of Medicine,We are not using PREview scores in the admissions process,
aamc_msar_preview_policies,AAMC MSAR Advisor Reports,https://students-residents.aamc.org/medical-school-admission-requirements/medical-school-admission-requirements-reports-applicants-and-advisors,data/raw/aamc/msar_reports/13_msar-preview-participation-06-09-25-04152026-sc.pdf,80,21,191.780,,Case Western Reserve University School of Medicine,Case Western Reserve University School of Medicine,We are not using PREview scores in the admissions process | We are not using PREview scores in the admissions,
aamc_msar_preview_policies,AAMC MSAR Advisor Reports,https://students-residents.aamc.org/medical-school-admission-requirements/medical-school-admission-requirements-reports-applicants-and-advisors,data/raw/aamc/msar_reports/13_msar-preview-participation-06-09-25-04152026-sc.pdf,81,21,176.540,,West Virginia University School of Medicine,West Virginia University School of Medicine,We are not using PREview scores in the admissions process | We are not using PREview scores in the admissions,
aamc_msar_preview_policies,AAMC MSAR Advisor Reports,https://students-residents.aamc.org/medical-school-admission-requirements/medical-school-admission-requirements-reports-applicants-and-advisors,data/raw/aamc/msar_reports/13_msar-preview-participation-06-09-25-04152026-sc.pdf,82,21,149.180,,University of Wisconsin School of Medicine and Public Health,University of Wisconsin School of Medicine and Public Health,We are not using PREview scores in the admissions | We are not using PREview scores in the admissions process,
aamc_msar_preview_policies,AAMC MSAR Advisor Reports,https://students-residents.aamc.org/medical-school-admission-requirements/medical-school-admission-requirements-reports-applicants-and-advisors,data/raw/aamc/msar_reports/13_msar-preview-participation-06-09-25-04152026-sc.pdf,83,21,121.820,,University of Connecticut School of Medicine,University of Connecticut School of Medicine,We are not using PREview scores in the admissions process,
aamc_msar_preview_policies,AAMC MSAR Advisor Reports,https://students-residents.aamc.org/medical-school-admission-requirements/medical-school-admission-requirements-reports-applicants-and-advisors,data/raw/aamc/msar_reports/13_msar-preview-participation-06-09-25-04152026-sc.pdf,84,21,106.580,,Yale School of Medicine,Yale School of Medicine,We are not using PREview scores in the admissions process | Exploring PREview for Future use - will not be used in this cycle’s admissions decisions,
aamc_msar_preview_policies,AAMC MSAR Advisor Reports,https://students-residents.aamc.org/medical-school-admission-requirements/medical-school-admission-requirements-reports-applicants-and-advisors,data/raw/aamc/msar_reports/13_msar-preview-participation-06-09-25-04152026-sc.pdf,85,21,79.224,,The Warren Alpert Medical School of Brown University,The Warren Alpert Medical School of Brown University,We are not using PREview scores in the admissions process | Exploring PREview for Future use - will not be used in this cycle’s admissions decisions,
aamc_msar_preview_policies,AAMC MSAR Advisor Reports,https://students-residents.aamc.org/medical-school-admission-requirements/medical-school-admission-requirements-reports-applicants-and-advisors,data/raw/aamc/msar_reports/13_msar-preview-participation-06-09-25-04152026-sc.pdf,86,27,710.620,,University of rizona College of Medicine - Tucson,University of rizona College of Medicine - Tucson,Exploring PREview for Future use - will not be used in this cycle’s admissions decisions,
aamc_msar_preview_policies,AAMC MSAR Advisor Reports,https://students-residents.aamc.org/medical-school-admission-requirements/medical-school-admission-requirements-reports-applicants-and-advisors,data/raw/aamc/msar_reports/13_msar-preview-participation-06-09-25-04152026-sc.pdf,87,27,683.260,,"University of California, San Diego School of Medicine","University of California, San Diego School of Medicine",Exploring PREview for Future use - will not be used in this cycle’s admissions decisions | We are requiring applicants to submit PREview scores,
aamc_msar_preview_policies,AAMC MSAR Advisor Reports,https://students-residents.aamc.org/medical-school-admission-requirements/medical-school-admission-requirements-reports-applicants-and-advisors,data/raw/aamc/msar_reports/13_msar-preview-participation-06-09-25-04152026-sc.pdf,88,27,655.900,,University of Massachusetts T.H. Chan School of Medicine,University of Massachusetts T.H. Chan School of Medicine,Exploring PREview for Future use - will not be used in this cycle’s admissions decisions | We are requiring applicants to submit PREview scores | We are requiring applicants to submit situational judgment test (SJT) scores; PREview scores fulfill SJT,
aamc_msar_preview_policies,AAMC MSAR Advisor Reports,https://students-residents.aamc.org/medical-school-admission-requirements/medical-school-admission-requirements-reports-applicants-and-advisors,data/raw/aamc/msar_reports/13_msar-preview-participation-06-09-25-04152026-sc.pdf,89,27,628.540,,Michigan State University College of Human Medicine,Michigan State University College of Human Medicine,We are requiring applicants to submit PREview scores | We are requiring applicants to submit situational judgment test (SJT) scores; PREview scores fulfill SJT,
aamc_msar_preview_policies,AAMC MSAR Advisor Reports,https://students-residents.aamc.org/medical-school-admission-requirements/medical-school-admission-requirements-reports-applicants-and-advisors,data/raw/aamc/msar_reports/13_msar-preview-participation-06-09-25-04152026-sc.pdf,90,27,601.180,,"University of Hawaii, John A. Burns School of Medicine","University of Hawaii, John A. Burns School of Medicine",We are requiring applicants to submit situational judgment test (SJT) scores; PREview scores fulfill SJT | We are requiring applicants to submit PREview scores | We are not using PREview scores in the admissions process,
aamc_msar_preview_policies,AAMC MSAR Advisor Reports,https://students-residents.aamc.org/medical-school-admission-requirements/medical-school-admission-requirements-reports-applicants-and-advisors,data/raw/aamc/msar_reports/13_msar-preview-participation-06-09-25-04152026-sc.pdf,91,27,573.820,,Pennsylvania State University College of Medicine,Pennsylvania State University College of Medicine,We are requiring applicants to submit PREview scores | We are not using PREview scores in the admissions process | Exploring PREview for Future use - will not be used in this cycle’s admissions decisions,
aamc_msar_preview_policies,AAMC MSAR Advisor Reports,https://students-residents.aamc.org/medical-school-admission-requirements/medical-school-admission-requirements-reports-applicants-and-advisors,data/raw/aamc/msar_reports/13_msar-preview-participation-06-09-25-04152026-sc.pdf,92,27,546.430,,Icahn School of Medicine at Mount Sinai,Icahn School of Medicine at Mount Sinai,We are not using PREview scores in the admissions process | Exploring PREview for Future use - will not be used in this cycle’s admissions decisions | We are requiring applicants to submit PREview scores,
aamc_msar_preview_policies,AAMC MSAR Advisor Reports,https://students-residents.aamc.org/medical-school-admission-requirements/medical-school-admission-requirements-reports-applicants-and-advisors,data/raw/aamc/msar_reports/13_msar-preview-participation-06-09-25-04152026-sc.pdf,93,27,519.070,,"University of California, Davis, School of Medicine","University of California, Davis, School of Medicine",Exploring PREview for Future use - will not be used in this cycle’s admissions decisions | We are requiring applicants to submit PREview scores,
aamc_msar_preview_policies,AAMC MSAR Advisor Reports,https://students-residents.aamc.org/medical-school-admission-requirements/medical-school-admission-requirements-reports-applicants-and-advisors,data/raw/aamc/msar_reports/13_msar-preview-participation-06-09-25-04152026-sc.pdf,94,27,491.710,,The University of Toledo College of Medicine and Life Sciences,The University of Toledo College of Medicine and Life Sciences,We are requiring applicants to submit PREview scores | Exploring PREview for Future use - will not be used in this cycle’s admissions decisions | We are not using PREview scores in the admissions process,
aamc_msar_preview_policies,AAMC MSAR Advisor Reports,https://students-residents.aamc.org/medical-school-admission-requirements/medical-school-admission-requirements-reports-applicants-and-advisors,data/raw/aamc/msar_reports/13_msar-preview-participation-06-09-25-04152026-sc.pdf,95,27,464.350,,Louisiana State University School of Medicine in Shreveport,Louisiana State University School of Medicine in Shreveport,Exploring PREview for Future use - will not be used in this cycle’s admissions decisions | We are not using PREview scores in the admissions process,
aamc_msar_preview_policies,AAMC MSAR Advisor Reports,https://students-residents.aamc.org/medical-school-admission-requirements/medical-school-admission-requirements-reports-applicants-and-advisors,data/raw/aamc/msar_reports/13_msar-preview-participation-06-09-25-04152026-sc.pdf,96,27,436.990,,Renaissance School of Medicine at Stony Brook University,Renaissance School of Medicine at Stony Brook University,We are not using PREview scores in the admissions process | We are not using PREview scores in the admissions,
aamc_msar_preview_policies,AAMC MSAR Advisor Reports,https://students-residents.aamc.org/medical-school-admission-requirements/medical-school-admission-requirements-reports-applicants-and-advisors,data/raw/aamc/msar_reports/13_msar-preview-participation-06-09-25-04152026-sc.pdf,97,27,421.750,,USF Health Morsani College of Medicine,USF Health Morsani College of Medicine,We are not using PREview scores in the admissions process | We are not using PREview scores in the admissions,
aamc_msar_preview_policies,AAMC MSAR Advisor Reports,https://students-residents.aamc.org/medical-school-admission-requirements/medical-school-admission-requirements-reports-applicants-and-advisors,data/raw/aamc/msar_reports/13_msar-preview-participation-06-09-25-04152026-sc.pdf,98,27,394.390,,"University of Nevada, Reno School of Medicine","University of Nevada, Reno School of Medicine",We are not using PREview scores in the admissions | We are not using PREview scores in the admissions process,
aamc_msar_preview_policies,AAMC MSAR Advisor Reports,https://students-residents.aamc.org/medical-school-admission-requirements/medical-school-admission-requirements-reports-applicants-and-advisors,data/raw/aamc/msar_reports/13_msar-preview-participation-06-09-25-04152026-sc.pdf,99,27,367.010,,University of Missouri-Kansas City School of Medicine,University of Missouri-Kansas City School of Medicine,We are not using PREview scores in the admissions process | Exploring PREview for Future use - will not be used in this cycle’s admissions decisions,
aamc_msar_preview_policies,AAMC MSAR Advisor Reports,https://students-residents.aamc.org/medical-school-admission-requirements/medical-school-admission-requirements-reports-applicants-and-advisors,data/raw/aamc/msar_reports/13_msar-preview-participation-06-09-25-04152026-sc.pdf,100,27,339.650,,Southern Illinois University School of Medicine,Southern Illinois University School of Medicine,We are not using PREview scores in the admissions process | Exploring PREview for Future use - will not be used in this cycle’s admissions decisions,
aamc_msar_preview_policies,AAMC MSAR Advisor Reports,https://students-residents.aamc.org/medical-school-admission-requirements/medical-school-admission-requirements-reports-applicants-and-advisors,data/raw/aamc/msar_reports/13_msar-preview-participation-06-09-25-04152026-sc.pdf,101,27,312.290,,Florida State University College of Medicine,Florida State University College of Medicine,Exploring PREview for Future use - will not be used in this cycle’s admissions decisions,
aamc_msar_preview_policies,AAMC MSAR Advisor Reports,https://students-residents.aamc.org/medical-school-admission-requirements/medical-school-admission-requirements-reports-applicants-and-advisors,data/raw/aamc/msar_reports/13_msar-preview-participation-06-09-25-04152026-sc.pdf,102,27,284.930,,Rush Medical College of Rush University Medical Center,Rush Medical College of Rush University Medical Center,Exploring PREview for Future use - will not be used in this cycle’s admissions decisions,
aamc_msar_preview_policies,AAMC MSAR Advisor Reports,https://students-residents.aamc.org/medical-school-admission-requirements/medical-school-admission-requirements-reports-applicants-and-advisors,data/raw/aamc/msar_reports/13_msar-preview-participation-06-09-25-04152026-sc.pdf,103,27,257.570,,Brody School of Medicine at East Carolina University,Brody School of Medicine at East Carolina University,Exploring PREview for Future use - will not be used in this cycle’s admissions decisions | We are not using PREview scores in the admissions process,
aamc_msar_preview_policies,AAMC MSAR Advisor Reports,https://students-residents.aamc.org/medical-school-admission-requirements/medical-school-admission-requirements-reports-applicants-and-advisors,data/raw/aamc/msar_reports/13_msar-preview-participation-06-09-25-04152026-sc.pdf,104,27,230.210,,Frederick P. Whiddon College of Medicine at the University of South Alabama,Frederick P. Whiddon College of Medicine at the University of South Alabama,Exploring PREview for Future use - will not be used in this cycle’s admissions decisions | We are not using PREview scores in the admissions process | We are recommending applicants submit PREview scores,
aamc_msar_preview_policies,AAMC MSAR Advisor Reports,https://students-residents.aamc.org/medical-school-admission-requirements/medical-school-admission-requirements-reports-applicants-and-advisors,data/raw/aamc/msar_reports/13_msar-preview-participation-06-09-25-04152026-sc.pdf,105,27,214.970,,Mayo Clinic Alix School of Medicine,Mayo Clinic Alix School of Medicine,We are not using PREview scores in the admissions process | We are recommending applicants submit PREview scores,
aamc_msar_preview_policies,AAMC MSAR Advisor Reports,https://students-residents.aamc.org/medical-school-admission-requirements/medical-school-admission-requirements-reports-applicants-and-advisors,data/raw/aamc/msar_reports/13_msar-preview-participation-06-09-25-04152026-sc.pdf,106,27,187.580,,Eastern Virginia Medical School at Old Dominion University,Eastern Virginia Medical School at Old Dominion University,We are recommending applicants submit PREview scores | We are not using PREview scores in the admissions process,
aamc_msar_preview_policies,AAMC MSAR Advisor Reports,https://students-residents.aamc.org/medical-school-admission-requirements/medical-school-admission-requirements-reports-applicants-and-advisors,data/raw/aamc/msar_reports/13_msar-preview-participation-06-09-25-04152026-sc.pdf,107,27,160.220,,Wright State University Boonshoft School of Medicine,Wright State University Boonshoft School of Medicine,We are not using PREview scores in the admissions process,
aamc_msar_preview_policies,AAMC MSAR Advisor Reports,https://students-residents.aamc.org/medical-school-admission-requirements/medical-school-admission-requirements-reports-applicants-and-advisors,data/raw/aamc/msar_reports/13_msar-preview-participation-06-09-25-04152026-sc.pdf,108,27,132.860,,University of South Carolina School of Medicine Columbia,University of South Carolina School of Medicine Columbia,We are not using PREview scores in the admissions process | We are recommending applicants submit PREview scores,
aamc_msar_preview_policies,AAMC MSAR Advisor Reports,https://students-residents.aamc.org/medical-school-admission-requirements/medical-school-admission-requirements-reports-applicants-and-advisors,data/raw/aamc/msar_reports/13_msar-preview-participation-06-09-25-04152026-sc.pdf,109,27,91.704,,Uniformed Services University of the Health Sciences F. Edward Hebert School of Medicine,Uniformed Services University of the Health Sciences F. Edward Hebert School of Medicine,We are not using PREview scores in the admissions process | We are recommending applicants submit PREview scores,
aamc_msar_preview_policies,AAMC MSAR Advisor Reports,https://students-residents.aamc.org/medical-school-admission-requirements/medical-school-admission-requirements-reports-applicants-and-advisors,data/raw/aamc/msar_reports/13_msar-preview-participation-06-09-25-04152026-sc.pdf,110,27,76.464,,Northeast Ohio Medical University,Northeast Ohio Medical University,We are recommending applicants submit PREview scores | We are not using PREview scores in the admissions process,
aamc_msar_preview_policies,AAMC MSAR Advisor Reports,https://students-residents.aamc.org/medical-school-admission-requirements/medical-school-admission-requirements-reports-applicants-and-advisors,data/raw/aamc/msar_reports/13_msar-preview-participation-06-09-25-04152026-sc.pdf,111,27,61.224,,Morehouse School of Medicine,Morehouse School of Medicine,We are not using PREview scores in the admissions process | We are recommending applicants submit PREview scores,
aamc_msar_preview_policies,AAMC MSAR Advisor Reports,https://students-residents.aamc.org/medical-school-admission-requirements/medical-school-admission-requirements-reports-applicants-and-advisors,data/raw/aamc/msar_reports/13_msar-preview-participation-06-09-25-04152026-sc.pdf,112,31,683.260,,Marshall University Joan C. Edwards School of Medicine,Marshall University Joan C. Edwards School of Medicine,Exploring PREview for Future use - will not be used in this cycle’s admissions decisions,
aamc_msar_preview_policies,AAMC MSAR Advisor Reports,https://students-residents.aamc.org/medical-school-admission-requirements/medical-school-admission-requirements-reports-applicants-and-advisors,data/raw/aamc/msar_reports/13_msar-preview-participation-06-09-25-04152026-sc.pdf,113,31,655.900,,Ponce Health Sciences University School of Medicine,Ponce Health Sciences University School of Medicine,Exploring PREview for Future use - will not be used in this cycle’s admissions decisions | We are not using PREview scores in the admissions process,
aamc_msar_preview_policies,AAMC MSAR Advisor Reports,https://students-residents.aamc.org/medical-school-admission-requirements/medical-school-admission-requirements-reports-applicants-and-advisors,data/raw/aamc/msar_reports/13_msar-preview-participation-06-09-25-04152026-sc.pdf,114,31,628.540,,Universidad Central del Caribe School of Medicine,Universidad Central del Caribe School of Medicine,Exploring PREview for Future use - will not be used in this cycle’s admissions decisions | We are not using PREview scores in the admissions process,
aamc_msar_preview_policies,AAMC MSAR Advisor Reports,https://students-residents.aamc.org/medical-school-admission-requirements/medical-school-admission-requirements-reports-applicants-and-advisors,data/raw/aamc/msar_reports/13_msar-preview-participation-06-09-25-04152026-sc.pdf,115,31,613.300,,Mercer University School of Medicine,Mercer University School of Medicine,We are not using PREview scores in the admissions process,
aamc_msar_preview_policies,AAMC MSAR Advisor Reports,https://students-residents.aamc.org/medical-school-admission-requirements/medical-school-admission-requirements-reports-applicants-and-advisors,data/raw/aamc/msar_reports/13_msar-preview-participation-06-09-25-04152026-sc.pdf,116,31,598.060,,Drexel University College of Medicine,Drexel University College of Medicine,We are not using PREview scores in the admissions process,
aamc_msar_preview_policies,AAMC MSAR Advisor Reports,https://students-residents.aamc.org/medical-school-admission-requirements/medical-school-admission-requirements-reports-applicants-and-advisors,data/raw/aamc/msar_reports/13_msar-preview-participation-06-09-25-04152026-sc.pdf,117,31,582.820,,San Juan Bautista School of Medicine,San Juan Bautista School of Medicine,We are not using PREview scores in the admissions process | Exploring PREview for Future use - will not be used in this cycle’s admissions decisions,
aamc_msar_preview_policies,AAMC MSAR Advisor Reports,https://students-residents.aamc.org/medical-school-admission-requirements/medical-school-admission-requirements-reports-applicants-and-advisors,data/raw/aamc/msar_reports/13_msar-preview-participation-06-09-25-04152026-sc.pdf,118,31,555.430,,University of Central Florida College of Medicine,University of Central Florida College of Medicine,We are not using PREview scores in the admissions process | Exploring PREview for Future use - will not be used in this cycle’s admissions decisions,
aamc_msar_preview_policies,AAMC MSAR Advisor Reports,https://students-residents.aamc.org/medical-school-admission-requirements/medical-school-admission-requirements-reports-applicants-and-advisors,data/raw/aamc/msar_reports/13_msar-preview-participation-06-09-25-04152026-sc.pdf,119,31,528.070,,Florida International University Herbert Wertheim College of Medicine,Florida International University Herbert Wertheim College of Medicine,Exploring PREview for Future use - will not be used in this cycle’s admissions decisions | We are not using PREview scores in the admissions process,
aamc_msar_preview_policies,AAMC MSAR Advisor Reports,https://students-residents.aamc.org/medical-school-admission-requirements/medical-school-admission-requirements-reports-applicants-and-advisors,data/raw/aamc/msar_reports/13_msar-preview-participation-06-09-25-04152026-sc.pdf,120,31,512.830,,Virginia Tech Carilion School of Medicine,Virginia Tech Carilion School of Medicine,We are not using PREview scores in the admissions process | We are recommending applicants submit PREview scores,
aamc_msar_preview_policies,AAMC MSAR Advisor Reports,https://students-residents.aamc.org/medical-school-admission-requirements/medical-school-admission-requirements-reports-applicants-and-advisors,data/raw/aamc/msar_reports/13_msar-preview-participation-06-09-25-04152026-sc.pdf,121,31,485.470,,Oakland University William Beaumont School of Medicine,Oakland University William Beaumont School of Medicine,We are not using PREview scores in the admissions process | We are recommending applicants submit PREview scores | Exploring PREview for Future use - will not be used in this cycle’s admissions decisions,
aamc_msar_preview_policies,AAMC MSAR Advisor Reports,https://students-residents.aamc.org/medical-school-admission-requirements/medical-school-admission-requirements-reports-applicants-and-advisors,data/raw/aamc/msar_reports/13_msar-preview-participation-06-09-25-04152026-sc.pdf,122,31,458.110,,Donald and Barbara Zucker School of Medicine at Hofstra/Northwell,Donald and Barbara Zucker School of Medicine at Hofstra/Northwell,We are recommending applicants submit PREview scores | Exploring PREview for Future use - will not be used in this cycle’s admissions decisions,
aamc_msar_preview_policies,AAMC MSAR Advisor Reports,https://students-residents.aamc.org/medical-school-admission-requirements/medical-school-admission-requirements-reports-applicants-and-advisors,data/raw/aamc/msar_reports/13_msar-preview-participation-06-09-25-04152026-sc.pdf,123,31,430.750,,Geisinger Commonwealth School of Medicine,Geisinger Commonwealth School of Medicine,Exploring PREview for Future use - will not be used in this cycle’s admissions decisions | We are recommending applicants submit PREview scores,
aamc_msar_preview_policies,AAMC MSAR Advisor Reports,https://students-residents.aamc.org/medical-school-admission-requirements/medical-school-admission-requirements-reports-applicants-and-advisors,data/raw/aamc/msar_reports/13_msar-preview-participation-06-09-25-04152026-sc.pdf,124,31,403.390,,Central Michigan University College of Medicine,Central Michigan University College of Medicine,We are recommending applicants submit PREview scores | Exploring PREview for Future use - will not be used in this cycle’s admissions decisions,
aamc_msar_preview_policies,AAMC MSAR Advisor Reports,https://students-residents.aamc.org/medical-school-admission-requirements/medical-school-admission-requirements-reports-applicants-and-advisors,data/raw/aamc/msar_reports/13_msar-preview-participation-06-09-25-04152026-sc.pdf,125,31,388.150,,Cooper Medical School of Rowan University,Cooper Medical School of Rowan University,Exploring PREview for Future use - will not be used in this cycle’s admissions decisions | We are recommending applicants submit PREview scores | We are not using PREview scores in the admissions process,
aamc_msar_preview_policies,AAMC MSAR Advisor Reports,https://students-residents.aamc.org/medical-school-admission-requirements/medical-school-admission-requirements-reports-applicants-and-advisors,data/raw/aamc/msar_reports/13_msar-preview-participation-06-09-25-04152026-sc.pdf,126,31,360.770,,"University of California, Riverside School of Medicine","University of California, Riverside School of Medicine",We are recommending applicants submit PREview scores | We are not using PREview scores in the admissions process,
aamc_msar_preview_policies,AAMC MSAR Advisor Reports,https://students-residents.aamc.org/medical-school-admission-requirements/medical-school-admission-requirements-reports-applicants-and-advisors,data/raw/aamc/msar_reports/13_msar-preview-participation-06-09-25-04152026-sc.pdf,127,31,333.410,,University of South Carolina School of Medicine Greenville,University of South Carolina School of Medicine Greenville,We are not using PREview scores in the admissions process,
aamc_msar_preview_policies,AAMC MSAR Advisor Reports,https://students-residents.aamc.org/medical-school-admission-requirements/medical-school-admission-requirements-reports-applicants-and-advisors,data/raw/aamc/msar_reports/13_msar-preview-participation-06-09-25-04152026-sc.pdf,128,31,306.050,,University of Arizona College of Medicine - Phoenix,University of Arizona College of Medicine - Phoenix,We are not using PREview scores in the admissions process,
aamc_msar_preview_policies,AAMC MSAR Advisor Reports,https://students-residents.aamc.org/medical-school-admission-requirements/medical-school-admission-requirements-reports-applicants-and-advisors,data/raw/aamc/msar_reports/13_msar-preview-participation-06-09-25-04152026-sc.pdf,129,31,278.690,,Western Michigan University Homer Stryker M.D. School of Medicine,Western Michigan University Homer Stryker M.D. School of Medicine,We are not using PREview scores in the admissions process,
aamc_msar_preview_policies,AAMC MSAR Advisor Reports,https://students-residents.aamc.org/medical-school-admission-requirements/medical-school-admission-requirements-reports-applicants-and-advisors,data/raw/aamc/msar_reports/13_msar-preview-participation-06-09-25-04152026-sc.pdf,130,31,251.330,,Charles E. Schmidt College of Medicine at Florida Atlantic University,Charles E. Schmidt College of Medicine at Florida Atlantic University,We are not using PREview scores in the admissions process,
aamc_msar_preview_policies,AAMC MSAR Advisor Reports,https://students-residents.aamc.org/medical-school-admission-requirements/medical-school-admission-requirements-reports-applicants-and-advisors,data/raw/aamc/msar_reports/13_msar-preview-participation-06-09-25-04152026-sc.pdf,131,31,223.970,,Frank H. Netter MD School of Medicine at Quinnipiac University,Frank H. Netter MD School of Medicine at Quinnipiac University,We are not using PREview scores in the admissions process,
aamc_msar_preview_policies,AAMC MSAR Advisor Reports,https://students-residents.aamc.org/medical-school-admission-requirements/medical-school-admission-requirements-reports-applicants-and-advisors,data/raw/aamc/msar_reports/13_msar-preview-participation-06-09-25-04152026-sc.pdf,132,31,196.610,,California Northstate University College of Medicine,California Northstate University College of Medicine,We are not using PREview scores in the admissions process,
aamc_msar_preview_policies,AAMC MSAR Advisor Reports,https://students-residents.aamc.org/medical-school-admission-requirements/medical-school-admission-requirements-reports-applicants-and-advisors,data/raw/aamc/msar_reports/13_msar-preview-participation-06-09-25-04152026-sc.pdf,133,31,181.340,,Carle Illinois College of Medicine,Carle Illinois College of Medicine,We are not using PREview scores in the admissions process | We are requiring applicants to submit PREview scores,
aamc_msar_preview_policies,AAMC MSAR Advisor Reports,https://students-residents.aamc.org/medical-school-admission-requirements/medical-school-admission-requirements-reports-applicants-and-advisors,data/raw/aamc/msar_reports/13_msar-preview-participation-06-09-25-04152026-sc.pdf,134,31,153.980,,Kaiser Permanente Bernard J. Tyson School of Medicine,Kaiser Permanente Bernard J. Tyson School of Medicine,We are not using PREview scores in the admissions process | We are requiring applicants to submit PREview scores,
aamc_msar_preview_policies,AAMC MSAR Advisor Reports,https://students-residents.aamc.org/medical-school-admission-requirements/medical-school-admission-requirements-reports-applicants-and-advisors,data/raw/aamc/msar_reports/13_msar-preview-participation-06-09-25-04152026-sc.pdf,135,31,138.740,,Roseman University College of Medicine,Roseman University College of Medicine,We are requiring applicants to submit PREview scores | We are not using PREview scores in the admissions process | We are not using PREview scores in the admissions,
aamc_msar_preview_policies,AAMC MSAR Advisor Reports,https://students-residents.aamc.org/medical-school-admission-requirements/medical-school-admission-requirements-reports-applicants-and-advisors,data/raw/aamc/msar_reports/13_msar-preview-participation-06-09-25-04152026-sc.pdf,136,31,123.500,,Kirk Kerkorian School of Medicine at UNLV,Kirk Kerkorian School of Medicine at UNLV,We are not using PREview scores in the admissions process | We are not using PREview scores in the admissions | process,
aamc_msar_preview_policies,AAMC MSAR Advisor Reports,https://students-residents.aamc.org/medical-school-admission-requirements/medical-school-admission-requirements-reports-applicants-and-advisors,data/raw/aamc/msar_reports/13_msar-preview-participation-06-09-25-04152026-sc.pdf,137,31,108.260,,Hackensack Meridian School of Medicine,Hackensack Meridian School of Medicine,We are not using PREview scores in the admissions | process | We are not using PREview scores in the admissions process,
aamc_msar_preview_policies,AAMC MSAR Advisor Reports,https://students-residents.aamc.org/medical-school-admission-requirements/medical-school-admission-requirements-reports-applicants-and-advisors,data/raw/aamc/msar_reports/13_msar-preview-participation-06-09-25-04152026-sc.pdf,138,31,80.904,,Anne Burnett Marion School of Medicine at TCU,Anne Burnett Marion School of Medicine at TCU,process | We are not using PREview scores in the admissions process,
aamc_msar_preview_policies,AAMC MSAR Advisor Reports,https://students-residents.aamc.org/medical-school-admission-requirements/medical-school-admission-requirements-reports-applicants-and-advisors,data/raw/aamc/msar_reports/13_msar-preview-participation-06-09-25-04152026-sc.pdf,139,37,710.620,,Washington State University Elson S. Floyd College of Medicine,Washington State University Elson S. Floyd College of Medicine,We are not using PREview scores in the admissions process,
aamc_msar_preview_policies,AAMC MSAR Advisor Reports,https://students-residents.aamc.org/medical-school-admission-requirements/medical-school-admission-requirements-reports-applicants-and-advisors,data/raw/aamc/msar_reports/13_msar-preview-participation-06-09-25-04152026-sc.pdf,140,37,683.260,,Nova Southeastern University Dr. Kiran C. Patel College of Allopathic Medicine,Nova Southeastern University Dr. Kiran C. Patel College of Allopathic Medicine,We are not using PREview scores in the admissions process | Exploring PREview for Future use - will not be used in this cycle’s admissions decisions,
aamc_msar_preview_policies,AAMC MSAR Advisor Reports,https://students-residents.aamc.org/medical-school-admission-requirements/medical-school-admission-requirements-reports-applicants-and-advisors,data/raw/aamc/msar_reports/13_msar-preview-participation-06-09-25-04152026-sc.pdf,141,37,655.900,,California University of Science and Medicine,California University of Science and Medicine,Exploring PREview for Future use - will not be used in this cycle’s admissions decisions,
aamc_msar_preview_policies,AAMC MSAR Advisor Reports,https://students-residents.aamc.org/medical-school-admission-requirements/medical-school-admission-requirements-reports-applicants-and-advisors,data/raw/aamc/msar_reports/13_msar-preview-participation-06-09-25-04152026-sc.pdf,142,37,628.540,,NYU Grossman Long Island School of Medicine,NYU Grossman Long Island School of Medicine,Exploring PREview for Future use - will not be used in this cycle’s admissions decisions,
aamc_msar_preview_policies,AAMC MSAR Advisor Reports,https://students-residents.aamc.org/medical-school-admission-requirements/medical-school-admission-requirements-reports-applicants-and-advisors,data/raw/aamc/msar_reports/13_msar-preview-participation-06-09-25-04152026-sc.pdf,143,37,601.180,,"Thomas F. Frist, Jr. College of Medicine at Belmont University","Thomas F. Frist, Jr. College of Medicine at Belmont University",We are not using PREview scores in the admissions process,
aamc_msar_preview_policies,AAMC MSAR Advisor Reports,https://students-residents.aamc.org/medical-school-admission-requirements/medical-school-admission-requirements-reports-applicants-and-advisors,data/raw/aamc/msar_reports/13_msar-preview-participation-06-09-25-04152026-sc.pdf,144,37,573.820,,Charles R. Drew University Of Medicine and Science College of Medicine,Charles R. Drew University Of Medicine and Science College of Medicine,We are not using PREview scores in the admissions process | scores,
aamc_msar_preview_policies,AAMC MSAR Advisor Reports,https://students-residents.aamc.org/medical-school-admission-requirements/medical-school-admission-requirements-reports-applicants-and-advisors,data/raw/aamc/msar_reports/13_msar-preview-participation-06-09-25-04152026-sc.pdf,145,37,558.550,,Alice L. Walton School of Medicine,Alice L. Walton School of Medicine,We are not using PREview scores in the admissions process | scores,
