source_key,source_name,source_url,source_row_number,explorer_slug,explorer_url,school_name_raw,school_name_clean,search_text,school_type,city,state,country,setting,institution_type,applications_tracked,combined_degree_applications_tracked,notes
cycletrack_explorer,CycleTrack School Explorer,https://cycletrack.org/explorer,1,A.T. Still - Arizona,https://cycletrack.org/explorer/school/A.T. Still - Arizona,A.T. Still University of Health Sciences (Arizona),A.T. Still University of Health Sciences (Arizona),A.T. Still - Arizona A.T. Still University-School of Osteopathic Medicine in Arizona A.T. Still University of Health Sciences (Arizona),DO,Mesa,AZ,USA,Suburban,Private Institution,729,5,
cycletrack_explorer,CycleTrack School Explorer,https://cycletrack.org/explorer,2,A.T. Still - Kirksville,https://cycletrack.org/explorer/school/A.T. Still - Kirksville,A.T. Still University of Health Sciences (Kirksville),A.T. Still University of Health Sciences (Kirksville),A.T. Still - Kirksville A.T. Still University of Health Sciences - Kirksville College of Osteopathic Medicine A.T. Still University of Health Sciences (Kirksville),DO,Kirksville,MO,USA,Rural,Private Institution,538,3,
cycletrack_explorer,CycleTrack School Explorer,https://cycletrack.org/explorer,3,Alabama,https://cycletrack.org/explorer/school/Alabama,University of Alabama at Birmingham,University of Alabama at Birmingham,Alabama University of Alabama at Birmingham Marnix E. Heersink School of Medicine University of Alabama at Birmingham,MD,Birmingham,AL,USA,Urban,Public Institution,943,182,
cycletrack_explorer,CycleTrack School Explorer,https://cycletrack.org/explorer,4,Alabama COM,https://cycletrack.org/explorer/school/Alabama COM,Alabama College of Osteopathic Medicine,Alabama College of Osteopathic Medicine,Alabama COM Alabama College of Osteopathic Medicine Alabama College of Osteopathic Medicine,DO,Dothan,AL,USA,Suburban,Private Institution,474,,
cycletrack_explorer,CycleTrack School Explorer,https://cycletrack.org/explorer,5,Albany,https://cycletrack.org/explorer/school/Albany,Albany Medical College,Albany Medical College,Albany Albany Medical College Albany Medical College,MD,Albany,NY,USA,Urban,Private Institution,4743,16,
cycletrack_explorer,CycleTrack School Explorer,https://cycletrack.org/explorer,6,Albert Einstein,https://cycletrack.org/explorer/school/Albert Einstein,Albert Einstein College of Medicine,Albert Einstein College of Medicine,Albert Einstein Albert Einstein College of Medicine Albert Einstein College of Medicine,MD,Bronx,NY,USA,Urban,Private Institution,6827,506,
cycletrack_explorer,CycleTrack School Explorer,https://cycletrack.org/explorer,7,Alberta,https://cycletrack.org/explorer/school/Alberta,University of Alberta,University of Alberta,Alberta University of Alberta Faculty of Medicine & Dentistry University of Alberta,MD,Edmonton,AB,CAN,Urban,Public Institution,34,5,
cycletrack_explorer,CycleTrack School Explorer,https://cycletrack.org/explorer,8,Alice Walton,https://cycletrack.org/explorer/school/Alice Walton,Alice L. Walton School of Medicine,Alice L. Walton School of Medicine,Alice Walton Alice L. Walton School of Medicine Alice L. Walton School of Medicine,MD,Bentonville,AR,USA,Rural,Private Institution,509,,
cycletrack_explorer,CycleTrack School Explorer,https://cycletrack.org/explorer,9,Arizona - Phoenix,https://cycletrack.org/explorer/school/Arizona - Phoenix,University of Arizona (Phoenix),University of Arizona (Phoenix),Arizona - Phoenix University of Arizona College of Medicine - Phoenix University of Arizona (Phoenix),MD,Phoenix,AZ,USA,Urban,Public Institution,2044,67,
cycletrack_explorer,CycleTrack School Explorer,https://cycletrack.org/explorer,10,Arizona - Tucson,https://cycletrack.org/explorer/school/Arizona - Tucson,University of Arizona (Tucson),University of Arizona (Tucson),Arizona - Tucson University of Arizona College of Medicine University of Arizona (Tucson),MD,Tuscon,AZ,USA,Suburban,Public Institution,1482,118,
cycletrack_explorer,CycleTrack School Explorer,https://cycletrack.org/explorer,11,Arizona State,https://cycletrack.org/explorer/school/Arizona State,Arizona State University,Arizona State University,Arizona State ASU John Shufeldt School of Medicine and Medical Engineering Arizona State University,MD,Phoenix,AZ,USA,Urban,Public Institution,59,,
cycletrack_explorer,CycleTrack School Explorer,https://cycletrack.org/explorer,12,Arkansas,https://cycletrack.org/explorer/school/Arkansas,University of Arkansas,University of Arkansas,Arkansas University of Arkansas for Medical Sciences College of Medicine University of Arkansas,MD,Little Rock,AR,USA,Urban,Public Institution,291,18,
cycletrack_explorer,CycleTrack School Explorer,https://cycletrack.org/explorer,13,Arkansas COM,https://cycletrack.org/explorer/school/Arkansas COM,Arkansas College of Osteopathic Medicine,Arkansas College of Osteopathic Medicine,Arkansas COM Arkansas College of Osteopathic Medicine Arkansas College of Osteopathic Medicine,DO,Fort Smith,AR,USA,Rural,Private Institution,316,,
cycletrack_explorer,CycleTrack School Explorer,https://cycletrack.org/explorer,14,Baptist Health Sciences University COM,https://cycletrack.org/explorer/school/Baptist Health Sciences University COM,Baptist Health Sciences University,Baptist Health Sciences University,Baptist Health Sciences University COM Baptist Health Sciences University College of Osteopathic Medicine Baptist Health Sciences University,DO,Memphis,TN,USA,Urban,Private Institution,206,1,
cycletrack_explorer,CycleTrack School Explorer,https://cycletrack.org/explorer,15,Baylor,https://cycletrack.org/explorer/school/Baylor,Baylor,Baylor,Baylor Baylor College of Medicine Baylor,MD,Houston,TX,USA,Urban,Private Institution,1744,339,
cycletrack_explorer,CycleTrack School Explorer,https://cycletrack.org/explorer,16,Belmont University,https://cycletrack.org/explorer/school/Belmont University,Belmont University,Belmont University,"Belmont University Thomas F. Frist, Jr. College of Medicine at Belmont University Belmont University",MD,Nashville,TN,USA,Urban,Private Institution,707,,
cycletrack_explorer,CycleTrack School Explorer,https://cycletrack.org/explorer,17,Boston,https://cycletrack.org/explorer/school/Boston,Boston University,Boston University,Boston Boston University Aram V. Chobanian & Edward Avedisian School of Medicine Boston University,MD,Boston,MA,USA,Urban,Private Institution,5552,289,
cycletrack_explorer,CycleTrack School Explorer,https://cycletrack.org/explorer,18,Brown,https://cycletrack.org/explorer/school/Brown,Brown University,Brown University,Brown The Warren Alpert Medical School of Brown University Brown University,MD,Providence,RI,USA,Urban,Private Institution,5144,225,
cycletrack_explorer,CycleTrack School Explorer,https://cycletrack.org/explorer,19,Buffalo,https://cycletrack.org/explorer/school/Buffalo,University at Buffalo,University at Buffalo,Buffalo Jacobs School of Medicine and Biomedical Sciences at the University at Buffalo University at Buffalo,MD,Buffalo,NY,USA,Urban,Public Institution,1676,119,
cycletrack_explorer,CycleTrack School Explorer,https://cycletrack.org/explorer,20,Burrell COM,https://cycletrack.org/explorer/school/Burrell COM,Burrell College of Osteopathic Medicine,Burrell College of Osteopathic Medicine,Burrell COM Burrell College of Osteopathic Medicine Burrell College of Osteopathic Medicine,DO,Las Cruces,NM,USA,Suburban,Private Institution,621,2,
cycletrack_explorer,CycleTrack School Explorer,https://cycletrack.org/explorer,21,Calgary,https://cycletrack.org/explorer/school/Calgary,University of Calgary,University of Calgary,Calgary University of Calgary Cumming School of Medicine University of Calgary,MD,Calgary,AB,CAN,Urban,Public Institution,55,6,
cycletrack_explorer,CycleTrack School Explorer,https://cycletrack.org/explorer,22,California Health Sciences,https://cycletrack.org/explorer/school/California Health Sciences,California Health Sciences University,California Health Sciences University,California Health Sciences California Health Sciences University College of Osteopathic Medicine California Health Sciences University,DO,Clovis,CA,USA,Suburban,Private Institution,428,3,
cycletrack_explorer,CycleTrack School Explorer,https://cycletrack.org/explorer,23,California Northstate,https://cycletrack.org/explorer/school/California Northstate,California Northstate University,California Northstate University,California Northstate California Northstate University College of Medicine California Northstate University,MD,Elk Grove,CA,USA,Suburban,Private Institution,688,11,
cycletrack_explorer,CycleTrack School Explorer,https://cycletrack.org/explorer,24,California University of Science and Medicine,https://cycletrack.org/explorer/school/California University of Science and Medicine,California University of Science and Medicine,California University of Science and Medicine,California University of Science and Medicine California University of Science and Medicine-School of Medicine California University of Science and Medicine,MD,Colton,CA,USA,Suburban,Private Institution,1447,16,
cycletrack_explorer,CycleTrack School Explorer,https://cycletrack.org/explorer,25,Campbell,https://cycletrack.org/explorer/school/Campbell,Campbell University,Campbell University,Campbell Campbell University Jerry M. Wallace School of Osteopathic Medicine Campbell University,DO,Lillington,NC,USA,Rural,Private Institution,555,2,
cycletrack_explorer,CycleTrack School Explorer,https://cycletrack.org/explorer,26,Caribe,https://cycletrack.org/explorer/school/Caribe,Universidad Central del Caribe,Universidad Central del Caribe,Caribe Universidad Central del Caribe School of Medicine Universidad Central del Caribe,MD,Bayamon,PR,USA,Urban,Private Institution,47,,
cycletrack_explorer,CycleTrack School Explorer,https://cycletrack.org/explorer,27,Carle Illinois,https://cycletrack.org/explorer/school/Carle Illinois,Carle Illinois,Carle Illinois,Carle Illinois Carle Illinois College of Medicine Carle Illinois,MD,Urbana,IL,USA,Urban,Public Institution,747,16,
cycletrack_explorer,CycleTrack School Explorer,https://cycletrack.org/explorer,28,Case Western,https://cycletrack.org/explorer/school/Case Western,Case Western Reserve,Case Western Reserve,Case Western Case Western Reserve University School of Medicine Case Western Reserve,MD,Cleveland,OH,USA,Urban,Private Institution,5110,481,
cycletrack_explorer,CycleTrack School Explorer,https://cycletrack.org/explorer,29,Central Michigan,https://cycletrack.org/explorer/school/Central Michigan,Central Michigan University,Central Michigan University,Central Michigan Central Michigan University College of Medicine Central Michigan University,MD,Mt Pleasant,MI,USA,Rural,Public Institution,1527,8,
cycletrack_explorer,CycleTrack School Explorer,https://cycletrack.org/explorer,30,Charles R. Drew,https://cycletrack.org/explorer/school/Charles R. Drew,Charles R. Drew University of Medicine and Science,Charles R. Drew University of Medicine and Science,Charles R. Drew Charles R. Drew University of Medicine and Science College of Medicine Charles R. Drew University of Medicine and Science,MD,Los Angeles,CA,USA,Urban,Private Institution,775,7,
cycletrack_explorer,CycleTrack School Explorer,https://cycletrack.org/explorer,31,Charles R. Drew-UCLA,https://cycletrack.org/explorer/school/Charles R. Drew-UCLA,Charles R. Drew/UCLA Medical Education Program,Charles R. Drew/UCLA Medical Education Program,Charles R. Drew-UCLA Charles R. Drew/UCLA Medical Education Program Charles R. Drew/UCLA Medical Education Program,MD,Los Angeles,CA,USA,Urban,Private Institution,344,11,
cycletrack_explorer,CycleTrack School Explorer,https://cycletrack.org/explorer,32,Chicago,https://cycletrack.org/explorer/school/Chicago,University of Chicago,University of Chicago,Chicago University of Chicago The Pritzker School of Medicine University of Chicago,MD,Chicago,IL,USA,Urban,Private Institution,4494,527,
cycletrack_explorer,CycleTrack School Explorer,https://cycletrack.org/explorer,33,Cincinnati,https://cycletrack.org/explorer/school/Cincinnati,University of Cincinnati,University of Cincinnati,Cincinnati University of Cincinnati College of Medicine University of Cincinnati,MD,Cincinnati,OH,USA,Urban,Public Institution,3295,262,
cycletrack_explorer,CycleTrack School Explorer,https://cycletrack.org/explorer,34,City University of New York,https://cycletrack.org/explorer/school/City University of New York,City University of New York,City University of New York,City University of New York CUNY School of Medicine City University of New York,MD,New York,NY,USA,Urban,Public Institution,95,1,
cycletrack_explorer,CycleTrack School Explorer,https://cycletrack.org/explorer,35,Cleveland Clinic Lerner,https://cycletrack.org/explorer/school/Cleveland Clinic Lerner,Cleveland Clinic Lerner,Cleveland Clinic Lerner,Cleveland Clinic Lerner Cleveland Clinic Lerner College of Medicine Cleveland Clinic Lerner,MD,Cleveland,OH,USA,Urban,Private Institution,1103,9,
cycletrack_explorer,CycleTrack School Explorer,https://cycletrack.org/explorer,36,Colorado,https://cycletrack.org/explorer/school/Colorado,University of Colorado,University of Colorado,Colorado University of Colorado School of Medicine University of Colorado,MD,Aurora,CO,USA,Urban,Public Institution,4359,372,
cycletrack_explorer,CycleTrack School Explorer,https://cycletrack.org/explorer,37,Columbia,https://cycletrack.org/explorer/school/Columbia,Columbia University,Columbia University,Columbia Columbia University Vagelos College of Physicians and Surgeons Columbia University,MD,New York,NY,USA,Urban,Private Institution,4542,591,
cycletrack_explorer,CycleTrack School Explorer,https://cycletrack.org/explorer,38,Connecticut,https://cycletrack.org/explorer/school/Connecticut,University of Connecticut,University of Connecticut,Connecticut University of Connecticut School of Medicine University of Connecticut,MD,Farmington,CT,USA,Suburban,Public Institution,1729,181,
cycletrack_explorer,CycleTrack School Explorer,https://cycletrack.org/explorer,39,Cooper Rowan,https://cycletrack.org/explorer/school/Cooper Rowan,Rowan University,Rowan University,Cooper Rowan Cooper Medical School of Rowan University Rowan University,MD,Camden,NJ,USA,Urban,Public Institution,1412,9,
cycletrack_explorer,CycleTrack School Explorer,https://cycletrack.org/explorer,40,Cornell,https://cycletrack.org/explorer/school/Cornell,Cornell University,Cornell University,Cornell Weill Cornell Medicine Cornell University,MD,New York,NY,USA,Urban,Private Institution,5438,561,
cycletrack_explorer,CycleTrack School Explorer,https://cycletrack.org/explorer,41,Creighton,https://cycletrack.org/explorer/school/Creighton,Creighton University,Creighton University,Creighton Creighton University School of Medicine Creighton University,MD,Omaha,NE,USA,Urban,Private Institution,2356,25,
cycletrack_explorer,CycleTrack School Explorer,https://cycletrack.org/explorer,42,Dalhousie,https://cycletrack.org/explorer/school/Dalhousie,Dalhousie University,Dalhousie University,Dalhousie Dalhousie University Faculty of Medicine Dalhousie University,MD,Halifax,NS,CAN,Urban,Public Institution,27,2,
cycletrack_explorer,CycleTrack School Explorer,https://cycletrack.org/explorer,43,Dartmouth,https://cycletrack.org/explorer/school/Dartmouth,Dartmouth College,Dartmouth College,Dartmouth Geisel School of Medicine at Dartmouth Dartmouth College,MD,Hanover,NH,USA,Rural,Private Institution,5392,218,
cycletrack_explorer,CycleTrack School Explorer,https://cycletrack.org/explorer,44,Des Moines,https://cycletrack.org/explorer/school/Des Moines,Des Moines University,Des Moines University,Des Moines Des Moines University College of Osteopathic Medicine Des Moines University,DO,Des Moines,IA,USA,Urban,Private Institution,801,3,
cycletrack_explorer,CycleTrack School Explorer,https://cycletrack.org/explorer,45,Drexel,https://cycletrack.org/explorer/school/Drexel,Drexel University,Drexel University,Drexel Drexel University College of Medicine Drexel University,MD,Philadelphia,PA,USA,Urban,Private Institution,6352,120,
cycletrack_explorer,CycleTrack School Explorer,https://cycletrack.org/explorer,46,Duke,https://cycletrack.org/explorer/school/Duke,Duke University,Duke University,Duke Duke University School of Medicine Duke University,MD,Durham,NC,USA,Urban,Private Institution,4917,618,
cycletrack_explorer,CycleTrack School Explorer,https://cycletrack.org/explorer,47,Duquesne University COM,https://cycletrack.org/explorer/school/Duquesne University COM,Duquesne University,Duquesne University,Duquesne University COM Duquesne University College of Osteopathic Medicine Duquesne University,DO,Pittsburgh,PA,USA,Urban,Private Institution,384,2,
cycletrack_explorer,CycleTrack School Explorer,https://cycletrack.org/explorer,48,East Carolina,https://cycletrack.org/explorer/school/East Carolina,East Carolina University,East Carolina University,East Carolina Brody School of Medicine at East Carolina University East Carolina University,MD,Greenville,NC,USA,Urban,Public Institution,499,4,
cycletrack_explorer,CycleTrack School Explorer,https://cycletrack.org/explorer,49,East Tennessee,https://cycletrack.org/explorer/school/East Tennessee,East Tennessee State University,East Tennessee State University,East Tennessee East Tennessee State University James H. Quillen College of Medicine East Tennessee State University,MD,Johnson City,TN,USA,Urban,Public Institution,468,5,
cycletrack_explorer,CycleTrack School Explorer,https://cycletrack.org/explorer,50,Eastern Virginia,https://cycletrack.org/explorer/school/Eastern Virginia,Eastern Virginia Medical School,Eastern Virginia Medical School,Eastern Virginia Eastern Virginia Medical School Eastern Virginia Medical School,MD,Norfolk,VA,USA,Urban,Public Institution,2886,7,
cycletrack_explorer,CycleTrack School Explorer,https://cycletrack.org/explorer,51,Edward Via - Auburn,https://cycletrack.org/explorer/school/Edward Via - Auburn,Edward Via College of Osteopathic Medicine (Auburn),Edward Via College of Osteopathic Medicine (Auburn),Edward Via - Auburn Edward Via College of Osteopathic Medicine Auburn Campus Edward Via College of Osteopathic Medicine (Auburn),DO,Auburn,AL,USA,Suburban,Private Institution,439,1,
cycletrack_explorer,CycleTrack School Explorer,https://cycletrack.org/explorer,52,Edward Via - Carolinas,https://cycletrack.org/explorer/school/Edward Via - Carolinas,Edward Via College of Osteopathic Medicine (Carolinas),Edward Via College of Osteopathic Medicine (Carolinas),Edward Via - Carolinas Edward Via College of Osteopathic Medicine Carolinas Campus Edward Via College of Osteopathic Medicine (Carolinas),DO,Spartansburg,SC,USA,Suburban,Private Institution,484,3,
cycletrack_explorer,CycleTrack School Explorer,https://cycletrack.org/explorer,53,Edward Via - Louisiana,https://cycletrack.org/explorer/school/Edward Via - Louisiana,Edward Via College of Osteopathic Medicine (Louisiana),Edward Via College of Osteopathic Medicine (Louisiana),Edward Via - Louisiana Edward Via College of Osteopathic Medicine Louisiana Campus Edward Via College of Osteopathic Medicine (Louisiana),DO,Monroe,LA,USA,Rural,Private Institution,324,1,
cycletrack_explorer,CycleTrack School Explorer,https://cycletrack.org/explorer,54,Edward Via - Virginia,https://cycletrack.org/explorer/school/Edward Via - Virginia,Edward Via College of Osteopathic Medicine (Virginia),Edward Via College of Osteopathic Medicine (Virginia),Edward Via - Virginia Edward Via College of Osteopathic Medicine Virginia Campus Edward Via College of Osteopathic Medicine (Virginia),DO,Blacksburg,VA,USA,Suburban,Private Institution,753,4,
cycletrack_explorer,CycleTrack School Explorer,https://cycletrack.org/explorer,55,Emory,https://cycletrack.org/explorer/school/Emory,Emory University,Emory University,Emory Emory University School of Medicine Emory University,MD,Atlanta,GA,USA,Suburban,Private Institution,6724,565,
cycletrack_explorer,CycleTrack School Explorer,https://cycletrack.org/explorer,56,Florida,https://cycletrack.org/explorer/school/Florida,University of Florida,University of Florida,Florida University of Florida College of Medicine University of Florida,MD,Gainesville,FL,USA,Suburban,Public Institution,1557,110,
cycletrack_explorer,CycleTrack School Explorer,https://cycletrack.org/explorer,57,Florida Atlantic,https://cycletrack.org/explorer/school/Florida Atlantic,Florida Atlantic University,Florida Atlantic University,Florida Atlantic Charles E. Schmidt College of Medicine at Florida Atlantic University Florida Atlantic University,MD,Boca Raton,FL,USA,Urban,Public Institution,1251,13,
cycletrack_explorer,CycleTrack School Explorer,https://cycletrack.org/explorer,58,Florida International,https://cycletrack.org/explorer/school/Florida International,Florida International University,Florida International University,Florida International Florida International University Herbert Wertheim College of Medicine Florida International University,MD,Miami,FL,USA,Urban,Public Institution,1398,7,
cycletrack_explorer,CycleTrack School Explorer,https://cycletrack.org/explorer,59,Florida State,https://cycletrack.org/explorer/school/Florida State,Florida State University,Florida State University,Florida State Florida State University College of Medicine Florida State University,MD,Tallahassee,FL,USA,Urban,Public Institution,1173,7,
cycletrack_explorer,CycleTrack School Explorer,https://cycletrack.org/explorer,60,Geisinger Commonwealth,https://cycletrack.org/explorer/school/Geisinger Commonwealth,Geisinger Commonwealth School of Medicine,Geisinger Commonwealth School of Medicine,Geisinger Commonwealth Geisinger Commonwealth School of Medicine Geisinger Commonwealth School of Medicine,MD,Scranton,PA,USA,Urban,Private Institution,2341,8,
cycletrack_explorer,CycleTrack School Explorer,https://cycletrack.org/explorer,61,George Washington,https://cycletrack.org/explorer/school/George Washington,George Washington University,George Washington University,George Washington George Washington University School of Medicine and Health Sciences George Washington University,MD,Washington,DC,USA,Urban,Private Institution,6370,22,
cycletrack_explorer,CycleTrack School Explorer,https://cycletrack.org/explorer,62,Georgetown,https://cycletrack.org/explorer/school/Georgetown,Georgetown University,Georgetown University,Georgetown Georgetown University School of Medicine Georgetown University,MD,Washington,DC,USA,Urban,Private Institution,6380,223,
cycletrack_explorer,CycleTrack School Explorer,https://cycletrack.org/explorer,63,Hackensack Meridian,https://cycletrack.org/explorer/school/Hackensack Meridian,Hackensack Meridian School of Medicine,Hackensack Meridian School of Medicine,Hackensack Meridian Hackensack Meridian School of Medicine Hackensack Meridian School of Medicine,MD,Nutley,NJ,USA,Suburban,Private Institution,2532,8,
cycletrack_explorer,CycleTrack School Explorer,https://cycletrack.org/explorer,64,Harvard,https://cycletrack.org/explorer/school/Harvard,Harvard Medical School,Harvard Medical School,Harvard Harvard Medical School Harvard Medical School,MD,Boston,MA,USA,Urban,Private Institution,5212,719,
cycletrack_explorer,CycleTrack School Explorer,https://cycletrack.org/explorer,65,Hawaii,https://cycletrack.org/explorer/school/Hawaii,University of Hawaii,University of Hawaii,"Hawaii University of Hawaii, John A. Burns School of Medicine University of Hawaii",MD,Honolulu,HI,USA,Urban,Public Institution,458,7,
cycletrack_explorer,CycleTrack School Explorer,https://cycletrack.org/explorer,66,Hofstra,https://cycletrack.org/explorer/school/Hofstra,Hofstra University,Hofstra University,Hofstra Donald and Barbara Zucker School of Medicine at Hofstra/Northwell Hofstra University,MD,Hempstead,NY,USA,Suburban,Private Institution,3075,107,
cycletrack_explorer,CycleTrack School Explorer,https://cycletrack.org/explorer,67,Houston,https://cycletrack.org/explorer/school/Houston,University of Houston,University of Houston,Houston University of Houston Tilman J. Fertitta Family College of Medicine University of Houston,MD,Houston,TX,USA,Urban,Public Institution,729,10,
cycletrack_explorer,CycleTrack School Explorer,https://cycletrack.org/explorer,68,Howard,https://cycletrack.org/explorer/school/Howard,Howard University,Howard University,Howard Howard University College of Medicine Howard University,MD,Washington,DC,USA,Urban,Private Institution,1396,36,
cycletrack_explorer,CycleTrack School Explorer,https://cycletrack.org/explorer,69,Idaho COM,https://cycletrack.org/explorer/school/Idaho COM,Idaho College of Osteopathic Medicine,Idaho College of Osteopathic Medicine,Idaho COM Idaho College of Osteopathic Medicine Idaho College of Osteopathic Medicine,DO,Meridian,ID,USA,Urban,Private Institution,343,1,
cycletrack_explorer,CycleTrack School Explorer,https://cycletrack.org/explorer,70,Illinois,https://cycletrack.org/explorer/school/Illinois,University of Illinois,University of Illinois,Illinois University of Illinois College of Medicine University of Illinois,MD,Chicago,IL,USA,Urban,Public Institution,3510,302,
cycletrack_explorer,CycleTrack School Explorer,https://cycletrack.org/explorer,71,Illinois COM,https://cycletrack.org/explorer/school/Illinois COM,Illinois College of Osteopathic Medicine,Illinois College of Osteopathic Medicine,Illinois COM Illinois College of Osteopathic Medicine Illinois College of Osteopathic Medicine,DO,Chicago,IL,USA,Urban,Private Institution,151,,
cycletrack_explorer,CycleTrack School Explorer,https://cycletrack.org/explorer,72,Incarnate Word,https://cycletrack.org/explorer/school/Incarnate Word,University of the Incarnate Word,University of the Incarnate Word,Incarnate Word University of the Incarnate Word School of Osteopathic Medicine University of the Incarnate Word,DO,San Antonio,TX,USA,Urban,Private Institution,399,2,
cycletrack_explorer,CycleTrack School Explorer,https://cycletrack.org/explorer,73,Indiana,https://cycletrack.org/explorer/school/Indiana,Indiana University,Indiana University,Indiana Indiana University School of Medicine Indiana University,MD,Indianapolis,IN,USA,Urban,Public Institution,2192,196,
cycletrack_explorer,CycleTrack School Explorer,https://cycletrack.org/explorer,74,Iowa,https://cycletrack.org/explorer/school/Iowa,University of Iowa,University of Iowa,Iowa University of Iowa Roy J. and Lucille A. Carver College of Medicine University of Iowa,MD,Iowa City,IA,USA,Suburban,Public Institution,1693,200,
cycletrack_explorer,CycleTrack School Explorer,https://cycletrack.org/explorer,75,Jefferson,https://cycletrack.org/explorer/school/Jefferson,Thomas Jefferson University,Thomas Jefferson University,Jefferson Sidney Kimmel Medical College at Thomas Jefferson University Thomas Jefferson University,MD,Philadelphia,PA,USA,Urban,Private Institution,5836,174,
cycletrack_explorer,CycleTrack School Explorer,https://cycletrack.org/explorer,76,Johns Hopkins,https://cycletrack.org/explorer/school/Johns Hopkins,Johns Hopkins University,Johns Hopkins University,Johns Hopkins Johns Hopkins University School of Medicine Johns Hopkins University,MD,Balitmore,MD,USA,Urban,Private Institution,3904,534,
cycletrack_explorer,CycleTrack School Explorer,https://cycletrack.org/explorer,77,Kaiser Permanente,https://cycletrack.org/explorer/school/Kaiser Permanente,Kaiser Permanente,Kaiser Permanente,Kaiser Permanente Kaiser Permanente Bernard J. Tyson School of Medicine Kaiser Permanente,MD,Pasadena,CA,USA,Urban,Private Institution,3391,144,
cycletrack_explorer,CycleTrack School Explorer,https://cycletrack.org/explorer,78,Kansas,https://cycletrack.org/explorer/school/Kansas,University of Kansas,University of Kansas,Kansas University of Kansas School of Medicine University of Kansas,MD,Kansas City,KS,USA,Urban,Public Institution,672,91,
cycletrack_explorer,CycleTrack School Explorer,https://cycletrack.org/explorer,79,Kansas COM,https://cycletrack.org/explorer/school/Kansas COM,Kansas College of Osteopathic Medicine,Kansas College of Osteopathic Medicine,Kansas COM Kansas Health Science Center-Kansas College of Osteopathic Medicine Kansas College of Osteopathic Medicine,DO,Wichita,KS,USA,Urban,Private Institution,304,2,
cycletrack_explorer,CycleTrack School Explorer,https://cycletrack.org/explorer,80,Kansas City University COM,https://cycletrack.org/explorer/school/Kansas City University COM,Kansas City University,Kansas City University,Kansas City University COM Kansas City University College of Osteopathic Medicine Kansas City University,DO,Kansas City,MO,USA,Urban,Private Institution,826,3,
cycletrack_explorer,CycleTrack School Explorer,https://cycletrack.org/explorer,81,Kentucky,https://cycletrack.org/explorer/school/Kentucky,University of Kentucky,University of Kentucky,Kentucky University of Kentucky College of Medicine University of Kentucky,MD,Lexington,KY,USA,Urban,Public Institution,788,86,
cycletrack_explorer,CycleTrack School Explorer,https://cycletrack.org/explorer,82,Kentucky COM,https://cycletrack.org/explorer/school/Kentucky COM,Kentucky College of Osteopathic Medicine,Kentucky College of Osteopathic Medicine,Kentucky COM Kentucky College of Osteopathic Medicine Kentucky College of Osteopathic Medicine,DO,Pikeville,KY,USA,Suburban,Private Institution,323,1,
cycletrack_explorer,CycleTrack School Explorer,https://cycletrack.org/explorer,83,LSU - New Orleans,https://cycletrack.org/explorer/school/LSU - New Orleans,Louisiana State University (New Orleans),Louisiana State University (New Orleans),LSU - New Orleans Louisiana State University School of Medicine in New Orleans Louisiana State University (New Orleans),MD,New Orleans,LA,USA,Urban,Public Institution,558,35,
cycletrack_explorer,CycleTrack School Explorer,https://cycletrack.org/explorer,84,LSU - Shreveport,https://cycletrack.org/explorer/school/LSU - Shreveport,Louisiana State University (Shreveport),Louisiana State University (Shreveport),LSU - Shreveport Louisiana State University School of Medicine in Shreveport Louisiana State University (Shreveport),MD,Shreveport,LA,USA,Urban,Public Institution,441,16,
cycletrack_explorer,CycleTrack School Explorer,https://cycletrack.org/explorer,85,Lake Erie,https://cycletrack.org/explorer/school/Lake Erie,Lake Erie College of Osteopathic Medicine (Erie),Lake Erie College of Osteopathic Medicine (Erie),Lake Erie Lake Erie College of Osteopathic Medicine Lake Erie College of Osteopathic Medicine (Erie),DO,Erie,PA,USA,Suburban,Private Institution,1320,4,
cycletrack_explorer,CycleTrack School Explorer,https://cycletrack.org/explorer,86,Lake Erie - Bradenton,https://cycletrack.org/explorer/school/Lake Erie - Bradenton,Lake Erie College of Osteopathic Medicine (Bradenton),Lake Erie College of Osteopathic Medicine (Bradenton),Lake Erie - Bradenton Lake Erie College of Osteopathic Medicine - Bradenton Campus Lake Erie College of Osteopathic Medicine (Bradenton),DO,Bradenton,FL,USA,Suburban,Private Institution,552,,
cycletrack_explorer,CycleTrack School Explorer,https://cycletrack.org/explorer,87,Laval,https://cycletrack.org/explorer/school/Laval,Laval University,Laval University,Laval Laval University Faculty of Medicine Laval University,MD,Québec City,QC,CAN,Urban,Public Institution,8,,
cycletrack_explorer,CycleTrack School Explorer,https://cycletrack.org/explorer,88,Liberty,https://cycletrack.org/explorer/school/Liberty,Liberty University,Liberty University,Liberty Liberty University College of Osteopathic Medicine Liberty University,DO,Lynchburg,VA,USA,Rural,Private Institution,222,2,
cycletrack_explorer,CycleTrack School Explorer,https://cycletrack.org/explorer,89,Lincoln Memorial,https://cycletrack.org/explorer/school/Lincoln Memorial,Lincoln Memorial University,Lincoln Memorial University,Lincoln Memorial Lincoln Memorial University-DeBusk College of Osteopathic Medicine Lincoln Memorial University,DO,Harrogate,TN,USA,Rural,Private Institution,616,1,
cycletrack_explorer,CycleTrack School Explorer,https://cycletrack.org/explorer,90,Loma Linda,https://cycletrack.org/explorer/school/Loma Linda,Loma Linda University,Loma Linda University,Loma Linda Loma Linda University School of Medicine Loma Linda University,MD,Loma Linda,CA,USA,Suburban,Private Institution,932,24,
cycletrack_explorer,CycleTrack School Explorer,https://cycletrack.org/explorer,91,Louisville,https://cycletrack.org/explorer/school/Louisville,University of Louisville,University of Louisville,Louisville University of Louisville School of Medicine University of Louisville,MD,Louisville,KY,USA,Urban,Public Institution,887,50,
cycletrack_explorer,CycleTrack School Explorer,https://cycletrack.org/explorer,92,Loyola,https://cycletrack.org/explorer/school/Loyola,Loyola University,Loyola University,Loyola Loyola University Chicago Stritch School of Medicine Loyola University,MD,Maywood,IL,USA,Urban,Private Institution,4066,92,
cycletrack_explorer,CycleTrack School Explorer,https://cycletrack.org/explorer,93,Manitoba,https://cycletrack.org/explorer/school/Manitoba,University of Manitoba,University of Manitoba,"Manitoba Max Rady College of Medicine, Rady Faculty of Health Sciences, University of Manitoba University of Manitoba",MD,Winnipeg,MB,CAN,Urban,Public Institution,35,6,
cycletrack_explorer,CycleTrack School Explorer,https://cycletrack.org/explorer,94,Marian,https://cycletrack.org/explorer/school/Marian,Marian University,Marian University,Marian Marian University College of Osteopathic Medicine Marian University,DO,Indianapolis,IN,USA,Urban,Private Institution,558,3,
cycletrack_explorer,CycleTrack School Explorer,https://cycletrack.org/explorer,95,Marshall,https://cycletrack.org/explorer/school/Marshall,Marshall University,Marshall University,Marshall Marshall University Joan C. Edwards School of Medicine Marshall University,MD,Huntington,WV,USA,Rural,Public Institution,472,12,
cycletrack_explorer,CycleTrack School Explorer,https://cycletrack.org/explorer,96,Maryland,https://cycletrack.org/explorer/school/Maryland,University of Maryland,University of Maryland,Maryland University of Maryland School of Medicine University of Maryland,MD,Baltimore,MD,USA,Urban,Public Institution,2483,307,
cycletrack_explorer,CycleTrack School Explorer,https://cycletrack.org/explorer,97,Massachussetts,https://cycletrack.org/explorer/school/Massachussetts,University of Massachusetts,University of Massachusetts,Massachussetts University of Massachusetts T.H. Chan School of Medicine University of Massachusetts,MD,Worcester,MA,USA,Urban,Public Institution,2633,240,
cycletrack_explorer,CycleTrack School Explorer,https://cycletrack.org/explorer,98,Mayo,https://cycletrack.org/explorer/school/Mayo,Mayo Clinic,Mayo Clinic,Mayo Mayo Clinic Alix School of Medicine Mayo Clinic,MD,Rochester,MN,USA,Urban,Private Institution,3675,432,
cycletrack_explorer,CycleTrack School Explorer,https://cycletrack.org/explorer,99,McGill,https://cycletrack.org/explorer/school/McGill,McGill University,McGill University,McGill McGill University Faculty of Medicine and Health Sciences McGill University,MD,Montréal,QC,CAN,Urban,Public Institution,40,10,
cycletrack_explorer,CycleTrack School Explorer,https://cycletrack.org/explorer,100,McMaster,https://cycletrack.org/explorer/school/McMaster,McMaster University,McMaster University,McMaster McMaster University Michael G. DeGroote School of Medicine McMaster University,MD,Hamilton,ON,CAN,Urban,Public Institution,82,11,
cycletrack_explorer,CycleTrack School Explorer,https://cycletrack.org/explorer,101,Medical College of Georgia,https://cycletrack.org/explorer/school/Medical College of Georgia,Medical College of Georgia,Medical College of Georgia,Medical College of Georgia Medical College of Georgia at Augusta University Medical College of Georgia,MD,Augusta,GA,USA,Urban,Public Institution,748,51,
cycletrack_explorer,CycleTrack School Explorer,https://cycletrack.org/explorer,102,Medical College of Wisconsin,https://cycletrack.org/explorer/school/Medical College of Wisconsin,Medical College of Wisconsin,Medical College of Wisconsin,Medical College of Wisconsin Medical College of Wisconsin Medical College of Wisconsin,MD,Milwaukee,WI,USA,Suburban,Private Institution,3724,208,
cycletrack_explorer,CycleTrack School Explorer,https://cycletrack.org/explorer,103,Medical University of South Carolina,https://cycletrack.org/explorer/school/Medical University of South Carolina,Medical University of South Carolina,Medical University of South Carolina,Medical University of South Carolina Medical University of South Carolina College of Medicine Medical University of South Carolina,MD,Charleston,SC,USA,Urban,Public Institution,619,139,
cycletrack_explorer,CycleTrack School Explorer,https://cycletrack.org/explorer,104,Meharry,https://cycletrack.org/explorer/school/Meharry,Meharry Medical College,Meharry Medical College,Meharry Meharry Medical College Meharry Medical College,MD,Nashville,TN,USA,Urban,Private Institution,928,15,
cycletrack_explorer,CycleTrack School Explorer,https://cycletrack.org/explorer,105,Memorial,https://cycletrack.org/explorer/school/Memorial,Memorial University,Memorial University,Memorial Memorial University of Newfoundland Faculty of Medicine Memorial University,MD,St Johns,NL,CAN,Urban,Public Institution,20,6,
cycletrack_explorer,CycleTrack School Explorer,https://cycletrack.org/explorer,106,Mercer,https://cycletrack.org/explorer/school/Mercer,Mercer University,Mercer University,Mercer Mercer University School of Medicine Mercer University,MD,Macon,GA,USA,Urban,Private Institution,349,1,
cycletrack_explorer,CycleTrack School Explorer,https://cycletrack.org/explorer,107,Meritus SOM,https://cycletrack.org/explorer/school/Meritus SOM,Meritus School of Osteopathic Medicine,Meritus School of Osteopathic Medicine,Meritus SOM Meritus School of Osteopathic Medicine Meritus School of Osteopathic Medicine,DO,Hagerstown,MD,USA,Rural,Private Institution,191,,
cycletrack_explorer,CycleTrack School Explorer,https://cycletrack.org/explorer,108,Methodist University,https://cycletrack.org/explorer/school/Methodist University,Methodist University,Methodist University,Methodist University Methodist University Cape Fear Valley Health School of Medicine Methodist University,MD,Fayetville,NC,USA,Urban,Private Institution,78,,
cycletrack_explorer,CycleTrack School Explorer,https://cycletrack.org/explorer,109,Miami,https://cycletrack.org/explorer/school/Miami,University of Miami,University of Miami,Miami University of Miami Leonard M. Miller School of Medicine University of Miami,MD,Miami,FL,USA,Urban,Private Institution,4071,205,
cycletrack_explorer,CycleTrack School Explorer,https://cycletrack.org/explorer,110,Michigan,https://cycletrack.org/explorer/school/Michigan,University of Michigan,University of Michigan,Michigan University of Michigan Medical School University of Michigan,MD,Ann Arbor,MI,USA,Urban,Public Institution,5568,598,
cycletrack_explorer,CycleTrack School Explorer,https://cycletrack.org/explorer,111,Michigan State,https://cycletrack.org/explorer/school/Michigan State,Michigan State University,Michigan State University,Michigan State Michigan State University College of Human Medicine Michigan State University,MD,East Lansing,MI,USA,Urban,Public Institution,1847,66,
cycletrack_explorer,CycleTrack School Explorer,https://cycletrack.org/explorer,112,Michigan State COM,https://cycletrack.org/explorer/school/Michigan State COM,Michigan State University,Michigan State University,Michigan State COM Michigan State University College of Osteopathic Medicine Michigan State University,DO,East Lansing,MI,USA,Urban,Public Institution,1432,24,
cycletrack_explorer,CycleTrack School Explorer,https://cycletrack.org/explorer,113,Midwestern - Arizona,https://cycletrack.org/explorer/school/Midwestern - Arizona,Arizona College of Osteopathic Medicine,Arizona College of Osteopathic Medicine,Midwestern - Arizona Arizona College of Osteopathic Medicine Arizona College of Osteopathic Medicine,DO,Glendale,AZ,USA,Suburban,Private Institution,602,2,
cycletrack_explorer,CycleTrack School Explorer,https://cycletrack.org/explorer,114,Midwestern - Chicago,https://cycletrack.org/explorer/school/Midwestern - Chicago,Midwestern University,Midwestern University,Midwestern - Chicago Chicago College of Osteopathic Medicine at Midwestern University Midwestern University,DO,Downers Grove,IL,USA,Suburban,Private Institution,1034,1,
cycletrack_explorer,CycleTrack School Explorer,https://cycletrack.org/explorer,115,Minnesota,https://cycletrack.org/explorer/school/Minnesota,University of Minnesota,University of Minnesota,Minnesota University of Minnesota Medical School University of Minnesota,MD,Minneapolis,MN,USA,Urban,Public Institution,1817,365,
cycletrack_explorer,CycleTrack School Explorer,https://cycletrack.org/explorer,116,Mississippi,https://cycletrack.org/explorer/school/Mississippi,University of Mississippi,University of Mississippi,Mississippi University of Mississippi School of Medicine University of Mississippi,MD,Jackson,MS,USA,Suburban,Public Institution,68,3,
cycletrack_explorer,CycleTrack School Explorer,https://cycletrack.org/explorer,117,Missouri - Columbia,https://cycletrack.org/explorer/school/Missouri - Columbia,University of Missouri (Columbia),University of Missouri (Columbia),Missouri - Columbia University of Missouri-Columbia School of Medicine University of Missouri (Columbia),MD,Columbia,MO,USA,Suburban,Public Institution,455,26,
cycletrack_explorer,CycleTrack School Explorer,https://cycletrack.org/explorer,118,Missouri - Kansas City,https://cycletrack.org/explorer/school/Missouri - Kansas City,University of Missouri (Kansas City),University of Missouri (Kansas City),Missouri - Kansas City University of Missouri-Kansas City School of Medicine University of Missouri (Kansas City),MD,Kansas City,MO,USA,Urban,Public Institution,276,3,
cycletrack_explorer,CycleTrack School Explorer,https://cycletrack.org/explorer,119,Montréal,https://cycletrack.org/explorer/school/Montréal,Universite de Montreal,Universite de Montreal,Montréal Universite de Montreal Faculty of Medicine Universite de Montreal,MD,Montréal,QC,CAN,Urban,Public Institution,13,,
cycletrack_explorer,CycleTrack School Explorer,https://cycletrack.org/explorer,120,Morehouse,https://cycletrack.org/explorer/school/Morehouse,Morehouse School of Medicine,Morehouse School of Medicine,Morehouse Morehouse School of Medicine Morehouse School of Medicine,MD,Atlanta,GA,USA,Urban,Private Institution,957,28,
cycletrack_explorer,CycleTrack School Explorer,https://cycletrack.org/explorer,121,Mount Sinai,https://cycletrack.org/explorer/school/Mount Sinai,Icahn School of Medicine,Icahn School of Medicine,Mount Sinai Icahn School of Medicine at Mount Sinai Icahn School of Medicine,MD,New York,NY,USA,Urban,Private Institution,5644,559,
cycletrack_explorer,CycleTrack School Explorer,https://cycletrack.org/explorer,122,Nebraska,https://cycletrack.org/explorer/school/Nebraska,University of Nebraska,University of Nebraska,Nebraska University of Nebraska College of Medicine University of Nebraska,MD,Omaha,NE,USA,Urban,Public Institution,454,83,
cycletrack_explorer,CycleTrack School Explorer,https://cycletrack.org/explorer,123,Nevada Reno,https://cycletrack.org/explorer/school/Nevada Reno,University of Nevada,University of Nevada,"Nevada Reno University of Nevada, Reno School of Medicine University of Nevada",MD,Reno,NV,USA,Urban,Public Institution,362,14,
cycletrack_explorer,CycleTrack School Explorer,https://cycletrack.org/explorer,124,New England,https://cycletrack.org/explorer/school/New England,University of New England,University of New England,New England University of New England College of Osteopathic Medicine University of New England,DO,Biddeford,ME,USA,Rural,Private Institution,943,4,
cycletrack_explorer,CycleTrack School Explorer,https://cycletrack.org/explorer,125,New Mexico,https://cycletrack.org/explorer/school/New Mexico,University of New Mexico,University of New Mexico,New Mexico University of New Mexico School of Medicine University of New Mexico,MD,Albuquerque,NM,USA,Urban,Public Institution,186,13,
cycletrack_explorer,CycleTrack School Explorer,https://cycletrack.org/explorer,126,New York Institute of Technology,https://cycletrack.org/explorer/school/New York Institute of Technology,New York Institute of Technology,New York Institute of Technology,New York Institute of Technology New York Institute of Technology College of Osteopathic Medicine New York Institute of Technology,DO,Old Westbury,NY,USA,Urban,Private Institution,1523,7,
cycletrack_explorer,CycleTrack School Explorer,https://cycletrack.org/explorer,127,New York Medical College,https://cycletrack.org/explorer/school/New York Medical College,New York Medical College,New York Medical College,New York Medical College New York Medical College New York Medical College,MD,Valhalla,NY,USA,Suburban,Private Institution,4251,33,
cycletrack_explorer,CycleTrack School Explorer,https://cycletrack.org/explorer,128,New York University - Grossman,https://cycletrack.org/explorer/school/New York University - Grossman,NYU Grossman,NYU Grossman,New York University - Grossman NYU Grossman School of Medicine NYU Grossman,MD,New York,NY,USA,Urban,Private Institution,4172,346,
cycletrack_explorer,CycleTrack School Explorer,https://cycletrack.org/explorer,129,New York University - Long Island,https://cycletrack.org/explorer/school/New York University - Long Island,NYU Grossman (Long Island),NYU Grossman (Long Island),New York University - Long Island NYU Grossman Long Island School of Medicine NYU Grossman (Long Island),MD,Mineola,NY,USA,Suburban,Private Institution,1381,10,
cycletrack_explorer,CycleTrack School Explorer,https://cycletrack.org/explorer,130,Noorda,https://cycletrack.org/explorer/school/Noorda,Noorda College of Osteopathic Medicine,Noorda College of Osteopathic Medicine,Noorda Noorda College of Osteopathic Medicine Noorda College of Osteopathic Medicine,DO,Provo,UT,USA,Suburban,Private Institution,313,4,
cycletrack_explorer,CycleTrack School Explorer,https://cycletrack.org/explorer,131,North Carolina,https://cycletrack.org/explorer/school/North Carolina,University of North Carolina Chapel Hill,University of North Carolina Chapel Hill,North Carolina University of North Carolina at Chapel Hill School of Medicine University of North Carolina Chapel Hill,MD,Chapel Hill,NC,USA,Suburban,Public Institution,2326,425,
cycletrack_explorer,CycleTrack School Explorer,https://cycletrack.org/explorer,132,North Dakota,https://cycletrack.org/explorer/school/North Dakota,University of North Dakota,University of North Dakota,North Dakota University of North Dakota School of Medicine and Health Sciences University of North Dakota,MD,Grand Forks,ND,USA,Urban,Public Institution,256,5,
cycletrack_explorer,CycleTrack School Explorer,https://cycletrack.org/explorer,133,North Texas,https://cycletrack.org/explorer/school/North Texas,Texas College of Osteopathic Medicine,Texas College of Osteopathic Medicine,North Texas University of North Texas Health Science Center-Texas College of Osteopathic Medicine Texas College of Osteopathic Medicine,DO,Fort Worth,TX,USA,Suburban,Public Institution,587,6,
cycletrack_explorer,CycleTrack School Explorer,https://cycletrack.org/explorer,134,Northeast Ohio,https://cycletrack.org/explorer/school/Northeast Ohio,Northeast Ohio Medical University,Northeast Ohio Medical University,Northeast Ohio Northeast Ohio Medical University Northeast Ohio Medical University,MD,Rootstown,OH,USA,Rural,Public Institution,934,5,
cycletrack_explorer,CycleTrack School Explorer,https://cycletrack.org/explorer,135,Northern Ontario School of Medicine,https://cycletrack.org/explorer/school/Northern Ontario School of Medicine,Northern Ontario School of Medicine,Northern Ontario School of Medicine,Northern Ontario School of Medicine Northern Ontario School of Medicine Northern Ontario School of Medicine,MD,Sudbury,ON,CAN,Rural,Public Institution,42,3,
cycletrack_explorer,CycleTrack School Explorer,https://cycletrack.org/explorer,136,Northwestern,https://cycletrack.org/explorer/school/Northwestern,Northwestern University,Northwestern University,Northwestern Northwestern University The Feinberg School of Medicine Northwestern University,MD,Chicago,IL,USA,Urban,Private Institution,5066,667,
cycletrack_explorer,CycleTrack School Explorer,https://cycletrack.org/explorer,137,Nova Southeastern,https://cycletrack.org/explorer/school/Nova Southeastern,Nova Southeastern University,Nova Southeastern University,Nova Southeastern Nova Southeastern University Dr. Kiran C. Patel College of Allopathic Medicine Nova Southeastern University,MD,Davie,FL,USA,Urban,Private Institution,1334,7,
cycletrack_explorer,CycleTrack School Explorer,https://cycletrack.org/explorer,138,Nova Southeastern COM,https://cycletrack.org/explorer/school/Nova Southeastern COM,Nova Southeastern University,Nova Southeastern University,Nova Southeastern COM Nova Southeastern University Dr. Kiran C. Patel College of Osteopathic Medicine Nova Southeastern University,DO,For Lauderdale,FL,USA,Suburban,Private Institution,869,5,
cycletrack_explorer,CycleTrack School Explorer,https://cycletrack.org/explorer,139,Oakland,https://cycletrack.org/explorer/school/Oakland,Oakland University,Oakland University,Oakland Oakland University William Beaumont School of Medicine Oakland University,MD,Rochester,MI,USA,Suburban,Public Institution,2304,15,
cycletrack_explorer,CycleTrack School Explorer,https://cycletrack.org/explorer,140,Ohio State,https://cycletrack.org/explorer/school/Ohio State,Ohio State University,Ohio State University,Ohio State Ohio State University College of Medicine Ohio State University,MD,Columbus,OH,USA,Urban,Public Institution,3980,320,
cycletrack_explorer,CycleTrack School Explorer,https://cycletrack.org/explorer,141,Ohio University,https://cycletrack.org/explorer/school/Ohio University,Ohio University,Ohio University,Ohio University Ohio University Heritage College of Osteopathic Medicine Ohio University,DO,Athens,OH,USA,Urban,Public Institution,539,7,
cycletrack_explorer,CycleTrack School Explorer,https://cycletrack.org/explorer,142,Oklahoma,https://cycletrack.org/explorer/school/Oklahoma,University of Oklahoma,University of Oklahoma,Oklahoma University of Oklahoma College of Medicine University of Oklahoma,MD,Oklahoma City,OK,USA,Urban,Public Institution,397,23,
cycletrack_explorer,CycleTrack School Explorer,https://cycletrack.org/explorer,143,Oklahoma State,https://cycletrack.org/explorer/school/Oklahoma State,Oklahoma State University,Oklahoma State University,Oklahoma State Oklahoma State University College of Osteopathic Medicine Oklahoma State University,DO,Tulsa,OK,USA,Urban,Public Institution,507,5,
cycletrack_explorer,CycleTrack School Explorer,https://cycletrack.org/explorer,144,Oregon Health and Science,https://cycletrack.org/explorer/school/Oregon Health and Science,Oregon Health & Science University,Oregon Health & Science University,Oregon Health and Science Oregon Health & Science University School of Medicine Oregon Health & Science University,MD,Portland,OR,USA,Urban,Public Institution,1723,285,
cycletrack_explorer,CycleTrack School Explorer,https://cycletrack.org/explorer,145,Orlando COM,https://cycletrack.org/explorer/school/Orlando COM,Orlando College of Osteopathic Medicine,Orlando College of Osteopathic Medicine,Orlando COM Orlando College of Osteopathic Medicine Orlando College of Osteopathic Medicine,DO,Winter Garden,FL,USA,Suburban,Private Institution,260,,
cycletrack_explorer,CycleTrack School Explorer,https://cycletrack.org/explorer,146,Ottawa,https://cycletrack.org/explorer/school/Ottawa,University of Ottawa,University of Ottawa,Ottawa University of Ottawa Faculty of Medicine University of Ottawa,MD,Ottawa,ON,CAN,Urban,Public Institution,45,6,
cycletrack_explorer,CycleTrack School Explorer,https://cycletrack.org/explorer,147,Pacific Northwest,https://cycletrack.org/explorer/school/Pacific Northwest,Pacific Northwest University,Pacific Northwest University,Pacific Northwest Pacific Northwest University of Health Sciences College of Osteopathic Medicine Pacific Northwest University,DO,Yakima,WA,USA,Suburban,Private Institution,427,,
cycletrack_explorer,CycleTrack School Explorer,https://cycletrack.org/explorer,148,Penn State,https://cycletrack.org/explorer/school/Penn State,Pennsylvania State University,Pennsylvania State University,Penn State Pennsylvania State University College of Medicine Pennsylvania State University,MD,Hershey,PA,USA,Suburban,Public Institution,5036,234,
cycletrack_explorer,CycleTrack School Explorer,https://cycletrack.org/explorer,149,Pennsylvania,https://cycletrack.org/explorer/school/Pennsylvania,University of Pennsylvania,University of Pennsylvania,Pennsylvania Perelman School of Medicine at the University of Pennsylvania University of Pennsylvania,MD,Philadelphia,PA,USA,Urban,Private Institution,4361,709,
cycletrack_explorer,CycleTrack School Explorer,https://cycletrack.org/explorer,150,Philadelphia COM,https://cycletrack.org/explorer/school/Philadelphia COM,Philadelphia College of Osteopathic Medicine,Philadelphia College of Osteopathic Medicine,Philadelphia COM Philadelphia College of Osteopathic Medicine Philadelphia College of Osteopathic Medicine,DO,Philadelphia,PA,USA,Urban,Private Institution,1621,5,
cycletrack_explorer,CycleTrack School Explorer,https://cycletrack.org/explorer,151,Philadelphia COM - Georgia,https://cycletrack.org/explorer/school/Philadelphia COM - Georgia,Philadelphia College of Osteopathic Medicine (Georgia),Philadelphia College of Osteopathic Medicine (Georgia),Philadelphia COM - Georgia PCOM Georgia Philadelphia College of Osteopathic Medicine (Georgia),DO,Suwanee,GA,USA,Suburban,Private Institution,585,1,
cycletrack_explorer,CycleTrack School Explorer,https://cycletrack.org/explorer,152,Philadelphia COM - South Georgia,https://cycletrack.org/explorer/school/Philadelphia COM - South Georgia,Philadelphia College of Osteopathic Medicine (South Georgia),Philadelphia College of Osteopathic Medicine (South Georgia),Philadelphia COM - South Georgia PCOM South Georgia Philadelphia College of Osteopathic Medicine (South Georgia),DO,Moultrie,GA,USA,Rural,Private Institution,311,3,
cycletrack_explorer,CycleTrack School Explorer,https://cycletrack.org/explorer,153,Pittsburgh,https://cycletrack.org/explorer/school/Pittsburgh,University of Pittsburgh,University of Pittsburgh,Pittsburgh University of Pittsburgh School of Medicine University of Pittsburgh,MD,Pittsburgh,PA,USA,Urban,Private Institution,5757,567,
cycletrack_explorer,CycleTrack School Explorer,https://cycletrack.org/explorer,154,Ponce Health Sciences,https://cycletrack.org/explorer/school/Ponce Health Sciences,Ponce Health Sciences University,Ponce Health Sciences University,Ponce Health Sciences Ponce Health Sciences University School of Medicine Ponce Health Sciences University,MD,Ponce,PR,USA,Urban,Private Institution,178,,
cycletrack_explorer,CycleTrack School Explorer,https://cycletrack.org/explorer,155,Queen's,https://cycletrack.org/explorer/school/Queen's,Queen's University,Queen's University,Queen's Queen's University Faculty of Health Sciences Queen's University,MD,Kingston,ON,CAN,Urban,Public Institution,78,6,
cycletrack_explorer,CycleTrack School Explorer,https://cycletrack.org/explorer,156,Quinnipiac,https://cycletrack.org/explorer/school/Quinnipiac,Quinnipiac University,Quinnipiac University,Quinnipiac Frank H. Netter MD School of Medicine at Quinnipiac University Quinnipiac University,MD,Hamden,CT,USA,Suburban,Private Institution,3740,14,
cycletrack_explorer,CycleTrack School Explorer,https://cycletrack.org/explorer,157,Rochester,https://cycletrack.org/explorer/school/Rochester,University of Rochester,University of Rochester,Rochester University of Rochester School of Medicine and Dentistry University of Rochester,MD,Rochester,NY,USA,Suburban,Private Institution,3259,297,
cycletrack_explorer,CycleTrack School Explorer,https://cycletrack.org/explorer,158,Rocky Vista,https://cycletrack.org/explorer/school/Rocky Vista,Rocky Vista University,Rocky Vista University,Rocky Vista Rocky Vista University College of Osteopathic Medicine Rocky Vista University,DO,Englewood,CO,USA,Suburban,Private Institution,881,4,
cycletrack_explorer,CycleTrack School Explorer,https://cycletrack.org/explorer,159,Rocky Vista - Montana,https://cycletrack.org/explorer/school/Rocky Vista - Montana,Rocky Vista University (Montana),Rocky Vista University (Montana),Rocky Vista - Montana Rocky Vista University - Montana College of Osteopathic Medicine Rocky Vista University (Montana),DO,Billings,MT,USA,Suburban,Private Institution,204,,
cycletrack_explorer,CycleTrack School Explorer,https://cycletrack.org/explorer,160,Rosalind Franklin,https://cycletrack.org/explorer/school/Rosalind Franklin,Rosalind Franklin University,Rosalind Franklin University,Rosalind Franklin Chicago Medical School at Rosalind Franklin University of Medicine & Scienc Rosalind Franklin University,MD,North Chicago,IL,USA,Suburban,Private Institution,4478,79,
cycletrack_explorer,CycleTrack School Explorer,https://cycletrack.org/explorer,161,Roseman,https://cycletrack.org/explorer/school/Roseman,Roseman University College of Medicine,Roseman University College of Medicine,Roseman Roseman University College of Medicine Roseman University College of Medicine,MD,Henderson,NV,USA,Suburban,Private Institution,182,,
cycletrack_explorer,CycleTrack School Explorer,https://cycletrack.org/explorer,162,Rowan,https://cycletrack.org/explorer/school/Rowan,Rowan-Virtua School of Osteopathic Medicine,Rowan-Virtua School of Osteopathic Medicine,Rowan Rowan-Virtua School of Osteopathic Medicine Rowan-Virtua School of Osteopathic Medicine,DO,Stratford,NJ,USA,Suburban,Private Institution,1152,8,
cycletrack_explorer,CycleTrack School Explorer,https://cycletrack.org/explorer,163,Rush,https://cycletrack.org/explorer/school/Rush,Rush University,Rush University,Rush Rush Medical College of Rush University Medical Center Rush University,MD,Chicago,IL,USA,Urban,Private Institution,4401,23,
cycletrack_explorer,CycleTrack School Explorer,https://cycletrack.org/explorer,164,Rutgers - New Jersey,https://cycletrack.org/explorer/school/Rutgers - New Jersey,Rutgers University (New Jersey),Rutgers University (New Jersey),Rutgers - New Jersey Rutgers New Jersey Medical School Rutgers University (New Jersey),MD,Newark,NJ,USA,Urban,Public Institution,2181,140,
cycletrack_explorer,CycleTrack School Explorer,https://cycletrack.org/explorer,165,Rutgers - Robert Wood Johnson,https://cycletrack.org/explorer/school/Rutgers - Robert Wood Johnson,Rutgers University (Robert Wood Johnson),Rutgers University (Robert Wood Johnson),"Rutgers - Robert Wood Johnson Rutgers, Robert Wood Johnson Medical School Rutgers University (Robert Wood Johnson)",MD,Piscataway,NJ,USA,Suburban,Public Institution,2019,190,
cycletrack_explorer,CycleTrack School Explorer,https://cycletrack.org/explorer,166,SUNY Downstate,https://cycletrack.org/explorer/school/SUNY Downstate,State University of New York Downstate Health Sciences University,State University of New York Downstate Health Sciences University,SUNY Downstate SUNY Downstate Health Sciences University College of Medicine State University of New York Downstate Health Sciences University,MD,Brooklyn,NY,USA,Urban,Public Institution,2352,43,
cycletrack_explorer,CycleTrack School Explorer,https://cycletrack.org/explorer,167,SUNY Upstate,https://cycletrack.org/explorer/school/SUNY Upstate,State University of New York Upstate Medical University,State University of New York Upstate Medical University,SUNY Upstate State University of New York Upstate Medical University Alan and Marlene Norton College of Medicine State University of New York Upstate Medical University,MD,Syracus,NY,USA,Urban,Public Institution,1897,92,
cycletrack_explorer,CycleTrack School Explorer,https://cycletrack.org/explorer,168,Saint Louis,https://cycletrack.org/explorer/school/Saint Louis,Saint Louis University,Saint Louis University,Saint Louis Saint Louis University School of Medicine Saint Louis University,MD,Saint Louis,MO,USA,Urban,Private Institution,2475,55,
cycletrack_explorer,CycleTrack School Explorer,https://cycletrack.org/explorer,169,Sam Houston,https://cycletrack.org/explorer/school/Sam Houston,Sam Houston State University,Sam Houston State University,Sam Houston Sam Houston State University College of Osteopathic Medicine Sam Houston State University,DO,Conroe,TX,USA,Suburban,Public Institution,475,3,
cycletrack_explorer,CycleTrack School Explorer,https://cycletrack.org/explorer,170,San Juan Bautista,https://cycletrack.org/explorer/school/San Juan Bautista,San Juan Bautista School of Medicine,San Juan Bautista School of Medicine,San Juan Bautista San Juan Bautista School of Medicine San Juan Bautista School of Medicine,MD,Caguas,PR,USA,Rural,Private Institution,78,,
cycletrack_explorer,CycleTrack School Explorer,https://cycletrack.org/explorer,171,Saskatchewan,https://cycletrack.org/explorer/school/Saskatchewan,University of Saskatchewan,University of Saskatchewan,Saskatchewan University of Saskatchewan College of Medicine University of Saskatchewan,MD,Saskatoon,SK,CAN,Urban,Public Institution,43,3,
cycletrack_explorer,CycleTrack School Explorer,https://cycletrack.org/explorer,172,Sherbrooke,https://cycletrack.org/explorer/school/Sherbrooke,Universite de Sherbrooke,Universite de Sherbrooke,Sherbrooke Universite de Sherbrooke Faculty of Medicine Universite de Sherbrooke,MD,Sherbrooke,QC,CAN,Urban,Public Institution,36,3,
cycletrack_explorer,CycleTrack School Explorer,https://cycletrack.org/explorer,173,South Alabama,https://cycletrack.org/explorer/school/South Alabama,University of South Alabama,University of South Alabama,South Alabama Frederick P. Whiddon College of Medicine at the University of South Alabama University of South Alabama,MD,Mobile,AL,USA,Suburban,Public Institution,248,1,
cycletrack_explorer,CycleTrack School Explorer,https://cycletrack.org/explorer,174,South Carolina - Columbia,https://cycletrack.org/explorer/school/South Carolina - Columbia,University of South Carolina,University of South Carolina,South Carolina - Columbia University of South Carolina School of Medicine Columbia University of South Carolina,MD,Columbia,SC,USA,Urban,Public Institution,504,20,
cycletrack_explorer,CycleTrack School Explorer,https://cycletrack.org/explorer,175,South Carolina - Greenville,https://cycletrack.org/explorer/school/South Carolina - Greenville,University of South Carolina,University of South Carolina,South Carolina - Greenville University of South Carolina School of Medicine Greenville University of South Carolina,MD,Greenville,SC,USA,Urban,Public Institution,860,6,
cycletrack_explorer,CycleTrack School Explorer,https://cycletrack.org/explorer,176,South Dakota,https://cycletrack.org/explorer/school/South Dakota,University of South Dakota,University of South Dakota,"South Dakota University of South Dakota, Sanford School of Medicine University of South Dakota",MD,Sioux Falls,SD,USA,Rural,Public Institution,123,16,
cycletrack_explorer,CycleTrack School Explorer,https://cycletrack.org/explorer,177,Southern Illinois,https://cycletrack.org/explorer/school/Southern Illinois,Southern Illinois University,Southern Illinois University,Southern Illinois Southern Illinois University School of Medicine Southern Illinois University,MD,Springfield,IL,USA,Urban,Public Institution,278,2,
cycletrack_explorer,CycleTrack School Explorer,https://cycletrack.org/explorer,178,Stanford,https://cycletrack.org/explorer/school/Stanford,Stanford University,Stanford University,Stanford Stanford University School of Medicine Stanford University,MD,Stanford,CA,USA,Suburban,Private Institution,5011,621,
cycletrack_explorer,CycleTrack School Explorer,https://cycletrack.org/explorer,179,Stony Brook,https://cycletrack.org/explorer/school/Stony Brook,Stony Brook University,Stony Brook University,Stony Brook Renaissance School of Medicine at Stony Brook University Stony Brook University,MD,Stony Brook,NY,USA,Suburban,Public Institution,2509,247,
cycletrack_explorer,CycleTrack School Explorer,https://cycletrack.org/explorer,180,Temple,https://cycletrack.org/explorer/school/Temple,Temple University,Temple University,Temple Lewis Katz School of Medicine at Temple University Temple University,MD,Philadelphia,PA,USA,Urban,Private Institution,5513,132,
cycletrack_explorer,CycleTrack School Explorer,https://cycletrack.org/explorer,181,Tennessee,https://cycletrack.org/explorer/school/Tennessee,University of Tennessee,University of Tennessee,Tennessee University of Tennessee Health Science Center College of Medicine University of Tennessee,MD,Memphis,TN,USA,Urban,Public Institution,560,22,
cycletrack_explorer,CycleTrack School Explorer,https://cycletrack.org/explorer,182,Texas A&M,https://cycletrack.org/explorer/school/Texas A&M,Texas A&M University,Texas A&M University,Texas A&M Texas A&M University School of Medicine Texas A&M University,MD,Bryan,TX,USA,Rural,Public Institution,1420,84,
cycletrack_explorer,CycleTrack School Explorer,https://cycletrack.org/explorer,183,Texas Christian University,https://cycletrack.org/explorer/school/Texas Christian University,Texas Christian University,Texas Christian University,Texas Christian University Anne Burnett Marion School of Medicine at TCU Texas Christian University,MD,Fort Worth,TX,USA,Urban,Private Institution,1587,7,
cycletrack_explorer,CycleTrack School Explorer,https://cycletrack.org/explorer,184,Texas Tech - Foster,https://cycletrack.org/explorer/school/Texas Tech - Foster,Texas Tech University (Foster),Texas Tech University (Foster),Texas Tech - Foster Texas Tech University Health Sciences Center Paul L. Foster School of Medicine Texas Tech University (Foster),MD,El Paso,TX,USA,Urban,Public Institution,949,5,
cycletrack_explorer,CycleTrack School Explorer,https://cycletrack.org/explorer,185,Texas Tech - Lubbock,https://cycletrack.org/explorer/school/Texas Tech - Lubbock,Texas Tech University (Lubbock),Texas Tech University (Lubbock),Texas Tech - Lubbock Texas Tech University Health Sciences Center School of Medicine Texas Tech University (Lubbock),MD,Lubbock,TX,USA,Urban,Public Institution,1179,23,
cycletrack_explorer,CycleTrack School Explorer,https://cycletrack.org/explorer,186,Toledo,https://cycletrack.org/explorer/school/Toledo,University of Toledo,University of Toledo,Toledo The University of Toledo College of Medicine and Life Sciences University of Toledo,MD,Toledo,OH,USA,Urban,Public Institution,1517,49,
cycletrack_explorer,CycleTrack School Explorer,https://cycletrack.org/explorer,187,Toronto,https://cycletrack.org/explorer/school/Toronto,University of Toronto,University of Toronto,Toronto University of Toronto Temerty Faculty of Medicine University of Toronto,MD,Toronto,ON,CAN,Urban,Public Institution,108,14,
cycletrack_explorer,CycleTrack School Explorer,https://cycletrack.org/explorer,188,Touro - California,https://cycletrack.org/explorer/school/Touro - California,Touro University (California),Touro University (California),Touro - California Touro University California College of Osteopathic Medicine Touro University (California),DO,Vallejo,CA,USA,Suburban,Private Institution,680,4,
cycletrack_explorer,CycleTrack School Explorer,https://cycletrack.org/explorer,189,Touro - Nevada,https://cycletrack.org/explorer/school/Touro - Nevada,Touro University (Nevada),Touro University (Nevada),Touro - Nevada Touro University Nevada College of Osteopathic Medicine Touro University (Nevada),DO,Henderson,NV,USA,Suburban,Private Institution,444,3,
cycletrack_explorer,CycleTrack School Explorer,https://cycletrack.org/explorer,190,Touro - New York,https://cycletrack.org/explorer/school/Touro - New York,Touro College of Osteopathic Medicine,Touro College of Osteopathic Medicine,Touro - New York Touro College of Osteopathic Medicine Touro College of Osteopathic Medicine,DO,New York,NY,USA,Urban,Private Institution,883,5,
cycletrack_explorer,CycleTrack School Explorer,https://cycletrack.org/explorer,191,Tufts,https://cycletrack.org/explorer/school/Tufts,Tufts University,Tufts University,Tufts Tufts University School of Medicine Tufts University,MD,Boston,MA,USA,Urban,Private Institution,7680,419,
cycletrack_explorer,CycleTrack School Explorer,https://cycletrack.org/explorer,192,Tulane,https://cycletrack.org/explorer/school/Tulane,Tulane University,Tulane University,Tulane Tulane University School of Medicine Tulane University,MD,New Orleans,LA,USA,Urban,Private Institution,4909,98,
cycletrack_explorer,CycleTrack School Explorer,https://cycletrack.org/explorer,193,Uniformed Services,https://cycletrack.org/explorer/school/Uniformed Services,Uniformed Services University,Uniformed Services University,Uniformed Services Uniformed Services University of the Health Sciences F. Edward Hebert School of Medicine Uniformed Services University,MD,Bethesda,MD,USA,Suburban,Public Institution,496,21,
cycletrack_explorer,CycleTrack School Explorer,https://cycletrack.org/explorer,194,University of British Columbia,https://cycletrack.org/explorer/school/University of British Columbia,University of British Columbia,University of British Columbia,University of British Columbia University of British Columbia Faculty of Medicine University of British Columbia,MD,Vancouver,BC,CAN,Urban,Public Institution,80,9,
cycletrack_explorer,CycleTrack School Explorer,https://cycletrack.org/explorer,195,University of California Davis,https://cycletrack.org/explorer/school/University of California Davis,University of California (Davis),University of California (Davis),"University of California Davis University of California, Davis, School of Medicine University of California (Davis)",MD,Sacramento,CA,USA,Urban,Public Institution,2863,261,
cycletrack_explorer,CycleTrack School Explorer,https://cycletrack.org/explorer,196,University of California Irvine,https://cycletrack.org/explorer/school/University of California Irvine,University of California (Irvine),University of California (Irvine),"University of California Irvine University of California, Irvine, School of Medicine University of California (Irvine)",MD,Irvine,CA,USA,Urban,Public Institution,3186,349,
cycletrack_explorer,CycleTrack School Explorer,https://cycletrack.org/explorer,197,University of California Los Angeles,https://cycletrack.org/explorer/school/University of California Los Angeles,University of California (Los Angeles),University of California (Los Angeles),"University of California Los Angeles University of California, Los Angeles David Geffen School of Medicine University of California (Los Angeles)",MD,Los Angeles,CA,USA,Urban,Public Institution,5822,609,
cycletrack_explorer,CycleTrack School Explorer,https://cycletrack.org/explorer,198,University of California Riverside,https://cycletrack.org/explorer/school/University of California Riverside,University of California (Riverside),University of California (Riverside),"University of California Riverside University of California, Riverside School of Medicine University of California (Riverside)",MD,Riverside,CA,USA,Suburban,Public Institution,1853,43,
cycletrack_explorer,CycleTrack School Explorer,https://cycletrack.org/explorer,199,University of California San Diego,https://cycletrack.org/explorer/school/University of California San Diego,University of California (San Diego),University of California (San Diego),"University of California San Diego University of California, San Diego School of Medicine University of California (San Diego)",MD,La Jolla,CA,USA,Suburban,Public Institution,4644,588,
cycletrack_explorer,CycleTrack School Explorer,https://cycletrack.org/explorer,200,University of California San Francisco,https://cycletrack.org/explorer/school/University of California San Francisco,University of California (San Francisco),University of California (San Francisco),"University of California San Francisco University of California, San Francisco, School of Medicine University of California (San Francisco)",MD,San Francisco,CA,USA,Urban,Public Institution,5510,659,
cycletrack_explorer,CycleTrack School Explorer,https://cycletrack.org/explorer,201,University of Central Florida,https://cycletrack.org/explorer/school/University of Central Florida,University of Central Florida,University of Central Florida,University of Central Florida University of Central Florida College of Medicine University of Central Florida,MD,Orlando,FL,USA,Suburban,Public Institution,1470,30,
cycletrack_explorer,CycleTrack School Explorer,https://cycletrack.org/explorer,202,University of Nevada Las Vegas,https://cycletrack.org/explorer/school/University of Nevada Las Vegas,University of Nevada Las Vegas,University of Nevada Las Vegas,University of Nevada Las Vegas Kirk Kerkorian School of Medicine at UNLV University of Nevada Las Vegas,MD,Las Vegas,NV,USA,Urban,Public Institution,439,7,
cycletrack_explorer,CycleTrack School Explorer,https://cycletrack.org/explorer,203,University of Puerto Rico,https://cycletrack.org/explorer/school/University of Puerto Rico,University of Puerto Rico,University of Puerto Rico,University of Puerto Rico University of Puerto Rico School of Medicine University of Puerto Rico,MD,San Juan,PR,USA,Urban,Public Institution,51,4,
cycletrack_explorer,CycleTrack School Explorer,https://cycletrack.org/explorer,204,University of South Florida,https://cycletrack.org/explorer/school/University of South Florida,University of South Florida,University of South Florida,University of South Florida USF Health Morsani College of Medicine University of South Florida,MD,Tampa,FL,USA,Urban,Public Institution,2016,50,
cycletrack_explorer,CycleTrack School Explorer,https://cycletrack.org/explorer,205,University of Southern California,https://cycletrack.org/explorer/school/University of Southern California,University of Southern California,University of Southern California,University of Southern California Keck School of Medicine of the University of Southern California University of Southern California,MD,Los Angeles,CA,USA,Urban,Private Institution,4118,317,
cycletrack_explorer,CycleTrack School Explorer,https://cycletrack.org/explorer,206,University of Texas - Austin,https://cycletrack.org/explorer/school/University of Texas - Austin,University of Texas (Austin),University of Texas (Austin),University of Texas - Austin University of Texas at Austin Dell Medical School University of Texas (Austin),MD,Austin,TX,USA,Urban,Public Institution,1292,6,
cycletrack_explorer,CycleTrack School Explorer,https://cycletrack.org/explorer,207,University of Texas - Houston,https://cycletrack.org/explorer/school/University of Texas - Houston,University of Texas (Houston),University of Texas (Houston),University of Texas - Houston McGovern Medical School at the University of Texas Health Science Center at Houston University of Texas (Houston),MD,Houston,TX,USA,Urban,Public Institution,1616,150,
cycletrack_explorer,CycleTrack School Explorer,https://cycletrack.org/explorer,208,University of Texas - Medical Branch,https://cycletrack.org/explorer/school/University of Texas - Medical Branch,University of Texas (Medical Branch),University of Texas (Medical Branch),University of Texas - Medical Branch University of Texas Medical Branch John Sealy School of Medicine University of Texas (Medical Branch),MD,Galveston,TX,USA,Suburban,Public Institution,1324,52,
cycletrack_explorer,CycleTrack School Explorer,https://cycletrack.org/explorer,209,University of Texas - Rio Grande,https://cycletrack.org/explorer/school/University of Texas - Rio Grande,University of Texas (Rio Grande),University of Texas (Rio Grande),University of Texas - Rio Grande University of Texas Rio Grande Valley School of Medicine University of Texas (Rio Grande),MD,Edinburg,TX,USA,Suburban,Public Institution,763,6,
cycletrack_explorer,CycleTrack School Explorer,https://cycletrack.org/explorer,210,University of Texas - San Antonio,https://cycletrack.org/explorer/school/University of Texas - San Antonio,University of Texas (San Antonio),University of Texas (San Antonio),University of Texas - San Antonio The University of Texas Health Science Center at San Antonio Joe R. and Teresa Lozano Long School of Medicine University of Texas (San Antonio),MD,San Antonio,TX,USA,Urban,Public Institution,1507,172,
cycletrack_explorer,CycleTrack School Explorer,https://cycletrack.org/explorer,211,University of Texas - Southwestern,https://cycletrack.org/explorer/school/University of Texas - Southwestern,University of Texas (Southwestern),University of Texas (Southwestern),University of Texas - Southwestern University of Texas Southwestern Medical School University of Texas (Southwestern),MD,Dallas,TX,USA,Urban,Public Institution,1726,282,
cycletrack_explorer,CycleTrack School Explorer,https://cycletrack.org/explorer,212,University of Texas - Tyler,https://cycletrack.org/explorer/school/University of Texas - Tyler,University of Texas (Tyler),University of Texas (Tyler),University of Texas - Tyler The University of Texas at Tyler School of Medicine University of Texas (Tyler),MD,Tyler,TX,USA,Rural,Public Institution,818,5,
cycletrack_explorer,CycleTrack School Explorer,https://cycletrack.org/explorer,213,Utah,https://cycletrack.org/explorer/school/Utah,University of Utah,University of Utah,Utah Spencer Fox Eccles School of Medicine at the University of Utah University of Utah,MD,Salt Lake City,UT,USA,Urban,Public Institution,1072,176,
cycletrack_explorer,CycleTrack School Explorer,https://cycletrack.org/explorer,214,Vanderbilt,https://cycletrack.org/explorer/school/Vanderbilt,Vanderbilt University,Vanderbilt University,Vanderbilt Vanderbilt University School of Medicine Vanderbilt University,MD,Nashville,TN,USA,Urban,Private Institution,4064,568,
cycletrack_explorer,CycleTrack School Explorer,https://cycletrack.org/explorer,215,Vermont,https://cycletrack.org/explorer/school/Vermont,University of Vermont,University of Vermont,"Vermont Robert Larner, M.D., College of Medicine at the University of Vermont University of Vermont",MD,Burlington,VT,USA,Suburban,Public Institution,4182,22,
cycletrack_explorer,CycleTrack School Explorer,https://cycletrack.org/explorer,216,Virginia,https://cycletrack.org/explorer/school/Virginia,University of Virginia,University of Virginia,Virginia University of Virginia School of Medicine University of Virginia,MD,Charlottesville,VA,USA,Suburban,Public Institution,3771,363,
cycletrack_explorer,CycleTrack School Explorer,https://cycletrack.org/explorer,217,Virginia Commonwealth,https://cycletrack.org/explorer/school/Virginia Commonwealth,Virginia Commonwealth University,Virginia Commonwealth University,Virginia Commonwealth Virginia Commonwealth University School of Medicine Virginia Commonwealth University,MD,Richmond,VA,USA,Urban,Public Institution,3624,208,
cycletrack_explorer,CycleTrack School Explorer,https://cycletrack.org/explorer,218,Virginia Tech,https://cycletrack.org/explorer/school/Virginia Tech,Virginia Tech,Virginia Tech,Virginia Tech Virginia Tech Carilion School of Medicine Virginia Tech,MD,Roanoke,VA,USA,Urban,Public Institution,2131,12,
cycletrack_explorer,CycleTrack School Explorer,https://cycletrack.org/explorer,219,Wake Forest,https://cycletrack.org/explorer/school/Wake Forest,Wake Forest University,Wake Forest University,Wake Forest Wake Forest University School of Medicine Wake Forest University,MD,Winstom Salem,NC,USA,Urban,Private Institution,5635,52,
cycletrack_explorer,CycleTrack School Explorer,https://cycletrack.org/explorer,220,Washington,https://cycletrack.org/explorer/school/Washington,University of Washington,University of Washington,Washington University of Washington School of Medicine University of Washington,MD,Seattle,WA,USA,Urban,Public Institution,1421,443,
cycletrack_explorer,CycleTrack School Explorer,https://cycletrack.org/explorer,221,Washington State,https://cycletrack.org/explorer/school/Washington State,Washington State University,Washington State University,Washington State Washington State University Elson S. Floyd College of Medicine Washington State University,MD,Spokane,WA,USA,Urban,Public Institution,390,8,
cycletrack_explorer,CycleTrack School Explorer,https://cycletrack.org/explorer,222,Washington University Saint Louis,https://cycletrack.org/explorer/school/Washington University Saint Louis,Washington University Saint Louis,Washington University Saint Louis,Washington University Saint Louis Washington University in St. Louis School of Medicine Washington University Saint Louis,MD,St. Louis,MO,USA,Urban,Private Institution,3843,592,
cycletrack_explorer,CycleTrack School Explorer,https://cycletrack.org/explorer,223,Wayne State,https://cycletrack.org/explorer/school/Wayne State,Wayne State University,Wayne State University,Wayne State Wayne State University School of Medicine Wayne State University,MD,Detroit,MI,USA,Urban,Public Institution,3444,115,
cycletrack_explorer,CycleTrack School Explorer,https://cycletrack.org/explorer,224,West Virginia,https://cycletrack.org/explorer/school/West Virginia,West Virginia University,West Virginia University,West Virginia West Virginia University School of Medicine West Virginia University,MD,Morgantown,WV,USA,Rural,Public Institution,1560,56,
cycletrack_explorer,CycleTrack School Explorer,https://cycletrack.org/explorer,225,West Virginia SOM,https://cycletrack.org/explorer/school/West Virginia SOM,West Virginia School of Osteopathic Medicine,West Virginia School of Osteopathic Medicine,West Virginia SOM West Virginia School of Osteopathic Medicine West Virginia School of Osteopathic Medicine,DO,Lewisburg,WV,USA,Rural,Public Institution,656,4,
cycletrack_explorer,CycleTrack School Explorer,https://cycletrack.org/explorer,226,Western Michigan,https://cycletrack.org/explorer/school/Western Michigan,Western Michigan University,Western Michigan University,Western Michigan Western Michigan University Homer Stryker M.D. School of Medicine Western Michigan University,MD,Kalamazoo,MI,USA,Suburban,Public Institution,1997,19,
cycletrack_explorer,CycleTrack School Explorer,https://cycletrack.org/explorer,227,Western University (CAN),https://cycletrack.org/explorer/school/Western University (CAN),University of Western Ontario,University of Western Ontario,Western University (CAN) The University of Western Ontario - Schulich School of Medicine & Dentistry University of Western Ontario,MD,London,ON,CAN,Urban,Public Institution,70,5,
cycletrack_explorer,CycleTrack School Explorer,https://cycletrack.org/explorer,228,Western University - California,https://cycletrack.org/explorer/school/Western University - California,Western University of Health Sciences,Western University of Health Sciences,"Western University - California Western University of Health Sciences, College of Osteopathic Medicine of the Pacific Western University of Health Sciences",DO,Pomona,CA,USA,Urban,Private Institution,897,6,
cycletrack_explorer,CycleTrack School Explorer,https://cycletrack.org/explorer,229,Western University - Oregon,https://cycletrack.org/explorer/school/Western University - Oregon,Western University of Health Sciences,Western University of Health Sciences,"Western University - Oregon Western University of Health Sciences, College of Osteopathic Medicine of the Pacific-Northwest Western University of Health Sciences",DO,Lebanon,OR,USA,Rural,Private Institution,511,2,
cycletrack_explorer,CycleTrack School Explorer,https://cycletrack.org/explorer,230,William Carey,https://cycletrack.org/explorer/school/William Carey,William Carey University,William Carey University,William Carey William Carey University College of Osteopathic Medicine William Carey University,DO,Hattiesburg,MS,USA,Rural,Private Institution,316,,
cycletrack_explorer,CycleTrack School Explorer,https://cycletrack.org/explorer,231,Wisconsin,https://cycletrack.org/explorer/school/Wisconsin,University of Wisconsin,University of Wisconsin,Wisconsin University of Wisconsin School of Medicine and Public Health University of Wisconsin,MD,Madison,WI,USA,Urban,Public Institution,2649,338,
cycletrack_explorer,CycleTrack School Explorer,https://cycletrack.org/explorer,232,Wright State,https://cycletrack.org/explorer/school/Wright State,Wright State University,Wright State University,Wright State Wright State University Boonshoft School of Medicine Wright State University,MD,Dayton,OH,USA,Suburban,Public Institution,1440,33,
cycletrack_explorer,CycleTrack School Explorer,https://cycletrack.org/explorer,233,Yale,https://cycletrack.org/explorer/school/Yale,Yale School of Medicine,Yale School of Medicine,Yale Yale School of Medicine Yale School of Medicine,MD,New Haven,CT,USA,Urban,Private Institution,4806,665,
