school_id,school_name,degree_type,state_abbrev,school_website,candidate_source_url,candidate_source_title,candidate_source_type,source_status,official_domain_status,official_domain_score,official_match_reason,discovery_method,search_query,discovered_at,last_checked,fetch_status,review_status,notes
do_atsu_kcom_a_t_still_university_kirksville_college_of_osteopathic_medicine_kirksv,A.T. Still University – Kirksville College of Osteopathic Medicine,DO,MO,https://www.atsu.edu/kcom/,https://www.atsu.edu/kcom/,School website from school_master,unknown,domain_seed,official_school_domain,1.00,Candidate host exactly matches school website host,school_master_website,"""ATSU-KCOM"" entering class profile MCAT GPA matriculants",2026-06-08,2026-06-08,fetch_skipped_needs_stats_path,official_domain_seed_needs_stats_path,
do_atsu_soma_a_t_still_university_school_of_osteopathic_medicine_in_arizona_mesa_ar,"A.T. Still University, School of Osteopathic Medicine in Arizona",DO,AZ,https://www.atsu.edu/school-of-osteopathic-medicine-arizona/,https://www.atsu.edu/school-of-osteopathic-medicine-arizona/,School website from school_master,unknown,domain_seed,official_school_domain,1.00,Candidate host exactly matches school website host,school_master_website,"""ATSU-SOMA"" entering class profile MCAT GPA matriculants",2026-06-08,2026-06-08,fetch_skipped_needs_stats_path,official_domain_seed_needs_stats_path,
do_acom_alabama_college_of_osteopathic_medicine_dothan_alabama,Alabama College of Osteopathic Medicine,DO,AL,https://www.acom.edu/,https://www.acom.edu/,School website from school_master,unknown,domain_seed,official_school_domain,1.00,Candidate host exactly matches school website host,school_master_website,"""ACOM"" entering class profile MCAT GPA matriculants",2026-06-08,2026-06-08,fetch_skipped_needs_stats_path,official_domain_seed_needs_stats_path,
do_arcom_arkansas_college_of_osteopathic_medicine_fort_smith_arkansas,Arkansas College of Osteopathic Medicine,DO,AR,http://arcomedu.org/,http://arcomedu.org/,School website from school_master,unknown,domain_seed,official_school_domain,1.00,Candidate host exactly matches school website host,school_master_website,"""ARCOM"" entering class profile MCAT GPA matriculants",2026-06-08,2026-06-08,fetch_skipped_needs_stats_path,official_domain_seed_needs_stats_path,
do_bucom_baptist_health_sciences_university_college_of_osteopathic_medicine_memphis,Baptist Health Sciences University College of Osteopathic Medicine,DO,TN,https://www.baptistu.edu/,https://www.baptistu.edu/,School website from school_master,unknown,domain_seed,official_school_domain,1.00,Candidate host exactly matches school website host,school_master_website,"""BUCOM"" entering class profile MCAT GPA matriculants",2026-06-08,2026-06-08,fetch_skipped_needs_stats_path,official_domain_seed_needs_stats_path,
do_bcsom_burrell_college_school_of_osteopathic_medicine_las_cruces_new_mexico,Burrell College School of Osteopathic Medicine,DO,NM,https://www.burrel.edu/,https://www.burrel.edu/,School website from school_master,unknown,domain_seed,official_school_domain,1.00,Candidate host exactly matches school website host,school_master_website,"""BCSOM"" entering class profile MCAT GPA matriculants",2026-06-08,2026-06-08,fetch_skipped_needs_stats_path,official_domain_seed_needs_stats_path,
do_bcsom_fl_burrell_college_school_of_osteopathic_medicine_florida_melbourne_florid,"Burrell College School of Osteopathic Medicine, Florida",DO,FL,https://www.burrel.edu/,https://www.burrel.edu/,School website from school_master,unknown,domain_seed,official_school_domain,1.00,Candidate host exactly matches school website host,school_master_website,"""BCSOM-FL"" entering class profile MCAT GPA matriculants",2026-06-08,2026-06-08,fetch_skipped_needs_stats_path,official_domain_seed_needs_stats_path,
do_chsu_com_california_health_sciences_university_college_of_osteopathic_medicine_c,California Health Sciences University College of Osteopathic Medicine,DO,CA,https://osteopathic.chsu.edu/,https://osteopathic.chsu.edu/,School website from school_master,unknown,domain_seed,official_school_domain,1.00,Candidate host exactly matches school website host,school_master_website,"""CHSU-COM"" entering class profile MCAT GPA matriculants",2026-06-08,2026-06-08,fetch_skipped_needs_stats_path,official_domain_seed_needs_stats_path,
do_cusom_campbell_university_jerry_m_wallace_school_of_osteopathic_medicine_buies_c,Campbell University Jerry M. Wallace School of Osteopathic Medicine,DO,NC,http://www.campbell.edu/cusom/,http://www.campbell.edu/cusom/,School website from school_master,unknown,domain_seed,official_school_domain,1.00,Candidate host exactly matches school website host,school_master_website,"""CUSOM"" entering class profile MCAT GPA matriculants",2026-06-08,2026-06-08,fetch_skipped_needs_stats_path,official_domain_seed_needs_stats_path,
do_dmu_com_des_moines_university_college_of_osteopathic_medicine_west_des_moines_io,Des Moines University College of Osteopathic Medicine,DO,IA,https://www.dmu.edu/com/,https://www.dmu.edu/com/,School website from school_master,unknown,domain_seed,official_school_domain,1.00,Candidate host exactly matches school website host,school_master_website,"""DMU-COM"" entering class profile MCAT GPA matriculants",2026-06-08,2026-06-08,fetch_skipped_needs_stats_path,official_domain_seed_needs_stats_path,
do_duqcom_duquesne_university_nasuti_college_of_osteopathic_medicine_pittsburgh_pen,Duquesne University Nasuti College of Osteopathic Medicine,DO,PA,https://www.dmu.edu/com/,https://www.dmu.edu/com/,School website from school_master,unknown,domain_seed,official_school_domain,1.00,Candidate host exactly matches school website host,school_master_website,"""DUQCOM"" entering class profile MCAT GPA matriculants",2026-06-08,2026-06-08,fetch_skipped_needs_stats_path,official_domain_seed_needs_stats_path,
do_dyu_com_d_youville_university_college_of_osteopathic_medicine_buffalo_new_york,D’Youville University College of Osteopathic Medicine,DO,NY,https://www.dyu.edu/medicine,https://www.dyu.edu/medicine,School website from school_master,unknown,domain_seed,official_school_domain,1.00,Candidate host exactly matches school website host,school_master_website,"""DYU-COM"" entering class profile MCAT GPA matriculants",2026-06-08,2026-06-08,fetch_skipped_needs_stats_path,official_domain_seed_needs_stats_path,
do_vcom_carolinas_edward_via_college_of_osteopathic_medicine_spartanburg_south_caro,Edward Via College of Osteopathic Medicine,DO,SC,http://www.vcom.edu/,http://www.vcom.edu/,School website from school_master,unknown,domain_seed,official_school_domain,1.00,Candidate host exactly matches school website host,school_master_website,"""VCOM-Carolinas"" entering class profile MCAT GPA matriculants",2026-06-08,2026-06-08,fetch_skipped_needs_stats_path,official_domain_seed_needs_stats_path,
do_vcom_virginia_edward_via_college_of_osteopathic_medicine_blacksburg_virginia,Edward Via College of Osteopathic Medicine,DO,VA,http://www.vcom.edu/,http://www.vcom.edu/,School website from school_master,unknown,domain_seed,official_school_domain,1.00,Candidate host exactly matches school website host,school_master_website,"""VCOM-Virginia"" entering class profile MCAT GPA matriculants",2026-06-08,2026-06-08,fetch_skipped_needs_stats_path,official_domain_seed_needs_stats_path,
do_vcom_auburn_campus_edward_via_college_of_osteopathic_medicine_auburn_alabama,Edward Via College of Osteopathic Medicine,DO,AL,http://www.vcom.edu/auburn,http://www.vcom.edu/auburn,School website from school_master,unknown,domain_seed,official_school_domain,1.00,Candidate host exactly matches school website host,school_master_website,"""VCOM-Auburn Campus"" entering class profile MCAT GPA matriculants",2026-06-08,2026-06-08,fetch_skipped_needs_stats_path,official_domain_seed_needs_stats_path,
do_vcom_louisiana_edward_via_college_of_osteopathic_medicine_louisiana_campus_monro,Edward Via College of Osteopathic Medicine-Louisiana Campus,DO,LA,http://www.vcom.edu/,http://www.vcom.edu/,School website from school_master,unknown,domain_seed,official_school_domain,1.00,Candidate host exactly matches school website host,school_master_website,"""VCOM-Louisiana"" entering class profile MCAT GPA matriculants",2026-06-08,2026-06-08,fetch_skipped_needs_stats_path,official_domain_seed_needs_stats_path,
do_icom_idaho_college_of_osteopathic_medicine_meridian_idaho,Idaho College of Osteopathic Medicine,DO,ID,http://www.idahocom.org/,http://www.idahocom.org/,School website from school_master,unknown,domain_seed,official_school_domain,1.00,Candidate host exactly matches school website host,school_master_website,"""ICOM"" entering class profile MCAT GPA matriculants",2026-06-08,2026-06-08,fetch_skipped_needs_stats_path,official_domain_seed_needs_stats_path,
do_illinoiscom_illinois_college_of_osteopathic_medicine_chicago_illinois,Illinois College of Osteopathic Medicine,DO,IL,https://www.thechicagoschool.edu/academics/colleges/illinoiscom/,https://www.thechicagoschool.edu/academics/colleges/illinoiscom/,School website from school_master,unknown,domain_seed,official_school_domain,1.00,Candidate host exactly matches school website host,school_master_website,"""IllinoisCOM"" entering class profile MCAT GPA matriculants",2026-06-08,2026-06-08,fetch_skipped_needs_stats_path,official_domain_seed_needs_stats_path,
do_iupcom_indiana_university_of_pennsylvania_college_of_osteopathic_medicine_indian,Indiana University of Pennsylvania College of Osteopathic Medicine,DO,PA,https://www.iup.edu/academics/find-your-degree/programs/com/doctor-of-osteopathic-medicine.html,https://www.iup.edu/academics/find-your-degree/programs/com/doctor-of-osteopathic-medicine.html,School website from school_master,unknown,domain_seed,official_school_domain,1.00,Candidate host exactly matches school website host,school_master_website,"""IUPCOM"" entering class profile MCAT GPA matriculants",2026-06-08,2026-06-08,fetch_skipped_needs_stats_path,official_domain_seed_needs_stats_path,
do_kcu_com_joplin_kansas_city_university_of_medicine_and_biosciences_college_of_ost,Kansas City University of Medicine and Biosciences College of Osteopathic Medicine,DO,MO,http://www.kcumb.edu/about-kcu/joplin,http://www.kcumb.edu/about-kcu/joplin,School website from school_master,unknown,domain_seed,official_school_domain,1.00,Candidate host exactly matches school website host,school_master_website,"""KCU-COM-Joplin"" entering class profile MCAT GPA matriculants",2026-06-08,2026-06-08,fetch_skipped_needs_stats_path,official_domain_seed_needs_stats_path,
do_kcu_com_kansas_city_university_of_medicine_and_biosciences_college_of_osteopathi,Kansas City University of Medicine and Biosciences College of Osteopathic Medicine,DO,MO,https://www.kcumb.edu/,https://www.kcumb.edu/,School website from school_master,unknown,domain_seed,official_school_domain,1.00,Candidate host exactly matches school website host,school_master_website,"""KCU-COM"" entering class profile MCAT GPA matriculants",2026-06-08,2026-06-08,fetch_skipped_needs_stats_path,official_domain_seed_needs_stats_path,
do_kansascom_kansas_health_sciences_center_kansas_college_of_osteopathic_medicine_w,Kansas Health Sciences Center Kansas College of Osteopathic Medicine,DO,KS,https://kansascom.kansashsc.org/,https://kansascom.kansashsc.org/,School website from school_master,unknown,domain_seed,official_school_domain,1.00,Candidate host exactly matches school website host,school_master_website,"""KansasCOM"" entering class profile MCAT GPA matriculants",2026-06-08,2026-06-08,fetch_skipped_needs_stats_path,official_domain_seed_needs_stats_path,
do_lecom_bradenton_lake_erie_college_of_osteopathic_medicine_bradenton_bradenton_fl,Lake Erie College of Osteopathic Medicine – Bradenton,DO,FL,https://lecom.edu/academics/the-college-of-medicine/,https://lecom.edu/academics/the-college-of-medicine/,School website from school_master,unknown,domain_seed,official_school_domain,1.00,Candidate host exactly matches school website host,school_master_website,"""LECOM-Bradenton"" entering class profile MCAT GPA matriculants",2026-06-08,2026-06-08,fetch_skipped_needs_stats_path,official_domain_seed_needs_stats_path,
do_lecom_elmira_lake_erie_college_of_osteopathic_medicine_elmira_elmira_new_york,Lake Erie College of Osteopathic Medicine – Elmira,DO,NY,https://lecom.edu/academics/the-college-of-medicine/,https://lecom.edu/academics/the-college-of-medicine/,School website from school_master,unknown,domain_seed,official_school_domain,1.00,Candidate host exactly matches school website host,school_master_website,"""LECOM-Elmira"" entering class profile MCAT GPA matriculants",2026-06-08,2026-06-08,fetch_skipped_needs_stats_path,official_domain_seed_needs_stats_path,
do_lecom_lake_erie_college_of_osteopathic_medicine_erie_erie_pennsylvania,Lake Erie College of Osteopathic Medicine – Erie,DO,PA,https://lecom.edu/academics/the-college-of-medicine/,https://lecom.edu/academics/the-college-of-medicine/,School website from school_master,unknown,domain_seed,official_school_domain,1.00,Candidate host exactly matches school website host,school_master_website,"""LECOM"" entering class profile MCAT GPA matriculants",2026-06-08,2026-06-08,fetch_skipped_needs_stats_path,official_domain_seed_needs_stats_path,
do_lecom_jacksonville_lake_erie_college_of_osteopathic_medicine_jacksonville_jackso,Lake Erie College of Osteopathic Medicine – Jacksonville,DO,FL,https://lecom.edu/college-of-osteopathic-medicine/jacksonville-fl/,https://lecom.edu/college-of-osteopathic-medicine/jacksonville-fl/,School website from school_master,unknown,domain_seed,official_school_domain,1.00,Candidate host exactly matches school website host,school_master_website,"""LECOM-Jacksonville"" entering class profile MCAT GPA matriculants",2026-06-08,2026-06-08,fetch_skipped_needs_stats_path,official_domain_seed_needs_stats_path,
do_lecom_seton_hill_lake_erie_college_of_osteopathic_medicine_seton_hill_greensburg,Lake Erie College of Osteopathic Medicine – Seton Hill,DO,PA,https://lecom.edu/academics/the-college-of-medicine/,https://lecom.edu/academics/the-college-of-medicine/,School website from school_master,unknown,domain_seed,official_school_domain,1.00,Candidate host exactly matches school website host,school_master_website,"""LECOM-Seton Hill"" entering class profile MCAT GPA matriculants",2026-06-08,2026-06-08,fetch_skipped_needs_stats_path,official_domain_seed_needs_stats_path,
do_lucom_liberty_university_college_of_osteopathic_medicine_lynchburg_virginia,Liberty University College of Osteopathic Medicine,DO,VA,http://www.liberty.edu/lucom/,http://www.liberty.edu/lucom/,School website from school_master,unknown,domain_seed,official_school_domain,1.00,Candidate host exactly matches school website host,school_master_website,"""LUCOM"" entering class profile MCAT GPA matriculants",2026-06-08,2026-06-08,fetch_skipped_needs_stats_path,official_domain_seed_needs_stats_path,
do_lmu_dcom_lincoln_memorial_university_debusk_college_of_osteopathic_medicine_harr,Lincoln Memorial University-DeBusk College of Osteopathic Medicine,DO,TN,https://www.lmunet.edu/academics/schools/debusk-college-of-osteopathic-medicine,https://www.lmunet.edu/academics/schools/debusk-college-of-osteopathic-medicine,School website from school_master,unknown,domain_seed,official_school_domain,1.00,Candidate host exactly matches school website host,school_master_website,"""LMU-DCOM"" entering class profile MCAT GPA matriculants",2026-06-08,2026-06-08,fetch_skipped_needs_stats_path,official_domain_seed_needs_stats_path,
do_lmu_dcom_knoxville_lincoln_memorial_university_debusk_college_of_osteopathic_med,Lincoln Memorial University-DeBusk College of Osteopathic Medicine – Knoxville,DO,TN,https://www.lmunet.edu/academics/schools/debusk-college-of-osteopathic-medicine,https://www.lmunet.edu/academics/schools/debusk-college-of-osteopathic-medicine,School website from school_master,unknown,domain_seed,official_school_domain,1.00,Candidate host exactly matches school website host,school_master_website,"""LMU-DCOM Knoxville"" entering class profile MCAT GPA matriculants",2026-06-08,2026-06-08,fetch_skipped_needs_stats_path,official_domain_seed_needs_stats_path,
do_lmu_dcom_orange_park_lincoln_memorial_university_debusk_college_of_osteopathic_m,Lincoln Memorial University-DeBusk College of Osteopathic Medicine – Orange Park,DO,FL,https://www.lmunet.edu/debusk-college-of-osteopathic-medicine/do/dcom-in-orange-park/,https://www.lmunet.edu/debusk-college-of-osteopathic-medicine/do/dcom-in-orange-park/,School website from school_master,unknown,domain_seed,official_school_domain,1.00,Candidate host exactly matches school website host,school_master_website,"""LMU-DCOM – Orange Park"" entering class profile MCAT GPA matriculants",2026-06-08,2026-06-08,fetch_skipped_needs_stats_path,official_domain_seed_needs_stats_path,
do_mu_wcom_marian_university_tom_and_julie_wood_college_of_osteopathic_medicine_ind,Marian University Tom and Julie Wood College of Osteopathic Medicine,DO,IN,http://www.marian.edu/osteopathic-medical-school,http://www.marian.edu/osteopathic-medical-school,School website from school_master,unknown,domain_seed,official_school_domain,1.00,Candidate host exactly matches school website host,school_master_website,"""MU-WCOM"" entering class profile MCAT GPA matriculants",2026-06-08,2026-06-08,fetch_skipped_needs_stats_path,official_domain_seed_needs_stats_path,
do_msom_meritus_school_of_osteopathic_medicine_hagerstown_maryland,Meritus School of Osteopathic Medicine,DO,MD,https://msom.org/,https://msom.org/,School website from school_master,unknown,domain_seed,official_school_domain,1.00,Candidate host exactly matches school website host,school_master_website,"""MSOM"" entering class profile MCAT GPA matriculants",2026-06-08,2026-06-08,fetch_skipped_needs_stats_path,official_domain_seed_needs_stats_path,
do_msucom_michigan_state_university_college_of_osteopathic_medicine_east_lansing_mi,Michigan State University College of Osteopathic Medicine,DO,MI,http://www.com.msu.edu/,http://www.com.msu.edu/,School website from school_master,unknown,domain_seed,official_school_domain,1.00,Candidate host exactly matches school website host,school_master_website,"""MSUCOM"" entering class profile MCAT GPA matriculants",2026-06-08,2026-06-08,fetch_skipped_needs_stats_path,official_domain_seed_needs_stats_path,
do_msucom_dmc_michigan_state_university_college_of_osteopathic_medicine_detroit_mic,Michigan State University College of Osteopathic Medicine,DO,MI,http://www.com.msu.edu/Students/Resources/DMC.htm,http://www.com.msu.edu/Students/Resources/DMC.htm,School website from school_master,unknown,domain_seed,official_school_domain,1.00,Candidate host exactly matches school website host,school_master_website,"""MSUCOM-DMC"" entering class profile MCAT GPA matriculants",2026-06-08,2026-06-08,fetch_skipped_needs_stats_path,official_domain_seed_needs_stats_path,
do_msucom_muc_michigan_state_university_college_of_osteopathic_medicine_macomb_mich,Michigan State University College of Osteopathic Medicine,DO,MI,http://www.com.msu.edu/Students/Resources/Macomb.htm,http://www.com.msu.edu/Students/Resources/Macomb.htm,School website from school_master,unknown,domain_seed,official_school_domain,1.00,Candidate host exactly matches school website host,school_master_website,"""MSUCOM-MUC"" entering class profile MCAT GPA matriculants",2026-06-08,2026-06-08,fetch_skipped_needs_stats_path,official_domain_seed_needs_stats_path,
do_mwu_azcom_midwestern_university_arizona_college_of_osteopathic_medicine_glendale,Midwestern University Arizona College of Osteopathic Medicine,DO,AZ,https://www.midwestern.edu/#,https://www.midwestern.edu/#,School website from school_master,unknown,domain_seed,official_school_domain,1.00,Candidate host exactly matches school website host,school_master_website,"""MWU/AZCOM"" entering class profile MCAT GPA matriculants",2026-06-08,2026-06-08,fetch_skipped_needs_stats_path,official_domain_seed_needs_stats_path,
do_mwu_ccom_midwestern_university_chicago_college_of_osteopathic_medicine_downers_g,Midwestern University Chicago College of Osteopathic Medicine,DO,IL,https://www.midwestern.edu/programs_and_admission/il_osteopathic_medicine.html,https://www.midwestern.edu/programs_and_admission/il_osteopathic_medicine.html,School website from school_master,unknown,domain_seed,official_school_domain,1.00,Candidate host exactly matches school website host,school_master_website,"""MWU/CCOM"" entering class profile MCAT GPA matriculants",2026-06-08,2026-06-08,fetch_skipped_needs_stats_path,official_domain_seed_needs_stats_path,
do_nyitcom_new_york_institute_of_technology_college_of_osteopathic_medicine_old_wes,New York Institute of Technology College of Osteopathic Medicine,DO,NY,https://www.nyit.edu/medicine,https://www.nyit.edu/medicine,School website from school_master,unknown,domain_seed,official_school_domain,1.00,Candidate host exactly matches school website host,school_master_website,"""NYITCOM"" entering class profile MCAT GPA matriculants",2026-06-08,2026-06-08,fetch_skipped_needs_stats_path,official_domain_seed_needs_stats_path,
do_nyitcom_jonesboro_new_york_institute_of_technology_college_of_osteopathic_medici,New York Institute of Technology College of Osteopathic Medicine at Arkansas State,DO,AR,https://www.nyit.edu/arkansas,https://www.nyit.edu/arkansas,School website from school_master,unknown,domain_seed,official_school_domain,1.00,Candidate host exactly matches school website host,school_master_website,"""NYITCOM-Jonesboro"" entering class profile MCAT GPA matriculants",2026-06-08,2026-06-08,fetch_skipped_needs_stats_path,official_domain_seed_needs_stats_path,
do_noordacom_noorda_college_of_osteopathic_medicine_provo_utah,Noorda College of Osteopathic Medicine,DO,UT,https://noordacom.org/,https://noordacom.org/,School website from school_master,unknown,domain_seed,official_school_domain,1.00,Candidate host exactly matches school website host,school_master_website,"""NoordaCOM"" entering class profile MCAT GPA matriculants",2026-06-08,2026-06-08,fetch_skipped_needs_stats_path,official_domain_seed_needs_stats_path,
do_nsu_kpcom_clearwater_nova_southeastern_university_dr_kiran_c_patel_college_of_os,Nova Southeastern University – Dr. Kiran C. Patel College of Osteopathic Medicine,DO,FL,https://osteopathic.nova.edu/,https://osteopathic.nova.edu/,School website from school_master,unknown,domain_seed,official_school_domain,1.00,Candidate host exactly matches school website host,school_master_website,"""NSU-KPCOM-Clearwater"" entering class profile MCAT GPA matriculants",2026-06-08,2026-06-08,fetch_skipped_needs_stats_path,official_domain_seed_needs_stats_path,
do_nsu_kpcom_nova_southeastern_university_dr_kiran_c_patel_college_of_osteopathic_m,Nova Southeastern University – Dr. Kiran C. Patel College of Osteopathic Medicine,DO,FL,https://osteopathic.nova.edu/,https://osteopathic.nova.edu/,School website from school_master,unknown,domain_seed,official_school_domain,1.00,Candidate host exactly matches school website host,school_master_website,"""NSU-KPCOM"" entering class profile MCAT GPA matriculants",2026-06-08,2026-06-08,fetch_skipped_needs_stats_path,official_domain_seed_needs_stats_path,
do_ou_hcom_ohio_university_heritage_college_of_osteopathic_medicine_athens_ohio,Ohio University Heritage College of Osteopathic Medicine,DO,OH,https://www.ohio.edu/medicine/,https://www.ohio.edu/medicine/,School website from school_master,unknown,domain_seed,official_school_domain,1.00,Candidate host exactly matches school website host,school_master_website,"""OU-HCOM"" entering class profile MCAT GPA matriculants",2026-06-08,2026-06-08,fetch_skipped_needs_stats_path,official_domain_seed_needs_stats_path,
do_ou_hcom_cleveland_ohio_university_heritage_college_of_osteopathic_medicine_cleve,Ohio University Heritage College of Osteopathic Medicine,DO,OH,https://www.ohio.edu/medicine/about/campuses/cleveland/index.cfm,https://www.ohio.edu/medicine/about/campuses/cleveland/index.cfm,School website from school_master,unknown,domain_seed,official_school_domain,1.00,Candidate host exactly matches school website host,school_master_website,"""OU-HCOM-Cleveland"" entering class profile MCAT GPA matriculants",2026-06-08,2026-06-08,fetch_skipped_needs_stats_path,official_domain_seed_needs_stats_path,
do_ou_hcom_dublin_ohio_university_heritage_college_of_osteopathic_medicine_dublin_d,Ohio University Heritage College of Osteopathic Medicine – Dublin,DO,OH,https://www.ohio.edu/medicine/about/campuses/dublin/index.cfm,https://www.ohio.edu/medicine/about/campuses/dublin/index.cfm,School website from school_master,unknown,domain_seed,official_school_domain,1.00,Candidate host exactly matches school website host,school_master_website,"""OU-HCOM-Dublin"" entering class profile MCAT GPA matriculants",2026-06-08,2026-06-08,fetch_skipped_needs_stats_path,official_domain_seed_needs_stats_path,
do_osu_com_oklahoma_state_university_center_for_health_sciences_college_of_osteopat,Oklahoma State University Center for Health Sciences College of Osteopathic Medicine,DO,OK,https://health.okstate.edu/,https://health.okstate.edu/,School website from school_master,unknown,domain_seed,official_school_domain,1.00,Candidate host exactly matches school website host,school_master_website,"""OSU-COM"" entering class profile MCAT GPA matriculants",2026-06-08,2026-06-08,fetch_skipped_needs_stats_path,official_domain_seed_needs_stats_path,
do_ocom_orlando_college_of_osteopathic_medicine_celebration_florida,Orlando College of Osteopathic Medicine,DO,FL,https://ocom.org/,https://ocom.org/,School website from school_master,unknown,domain_seed,official_school_domain,1.00,Candidate host exactly matches school website host,school_master_website,"""OCOM"" entering class profile MCAT GPA matriculants",2026-06-08,2026-06-08,fetch_skipped_needs_stats_path,official_domain_seed_needs_stats_path,
do_pnwu_com_pacific_northwest_university_of_health_sciences_college_of_osteopathic_,Pacific Northwest University of Health Sciences College of Osteopathic Medicine,DO,WA,http://www.pnwu.edu/,http://www.pnwu.edu/,School website from school_master,unknown,domain_seed,official_school_domain,1.00,Candidate host exactly matches school website host,school_master_website,"""PNWU-COM"" entering class profile MCAT GPA matriculants",2026-06-08,2026-06-08,fetch_skipped_needs_stats_path,official_domain_seed_needs_stats_path,
do_pcom_philadelphia_college_of_osteopathic_medicine_philadelphia_pennsylvania,Philadelphia College of Osteopathic Medicine,DO,PA,https://www.pcom.edu/,https://www.pcom.edu/,School website from school_master,unknown,domain_seed,official_school_domain,1.00,Candidate host exactly matches school website host,school_master_website,"""PCOM"" entering class profile MCAT GPA matriculants",2026-06-08,2026-06-08,fetch_skipped_needs_stats_path,official_domain_seed_needs_stats_path,
do_pcom_georgia_philadelphia_college_of_osteopathic_medicine_georgia_suwanee_georgi,Philadelphia College of Osteopathic Medicine Georgia,DO,GA,https://www.pcom.edu/campuses/georgia-campus/,https://www.pcom.edu/campuses/georgia-campus/,School website from school_master,unknown,domain_seed,official_school_domain,1.00,Candidate host exactly matches school website host,school_master_website,"""PCOM Georgia"" entering class profile MCAT GPA matriculants",2026-06-08,2026-06-08,fetch_skipped_needs_stats_path,official_domain_seed_needs_stats_path,
do_pcom_south_georgia_philadelphia_college_of_osteopathic_medicine_south_georgia_mo,Philadelphia College of Osteopathic Medicine South Georgia,DO,GA,https://www.pcom.edu/south-georgia/,https://www.pcom.edu/south-georgia/,School website from school_master,unknown,domain_seed,official_school_domain,1.00,Candidate host exactly matches school website host,school_master_website,"""PCOM South Georgia"" entering class profile MCAT GPA matriculants",2026-06-08,2026-06-08,fetch_skipped_needs_stats_path,official_domain_seed_needs_stats_path,
do_rvucom_rocky_vista_university_college_of_osteopathic_medicine_parker_colorado,Rocky Vista University College of Osteopathic Medicine,DO,CO,http://www.rvu.edu/,http://www.rvu.edu/,School website from school_master,unknown,domain_seed,official_school_domain,1.00,Candidate host exactly matches school website host,school_master_website,"""RVUCOM"" entering class profile MCAT GPA matriculants",2026-06-08,2026-06-08,fetch_skipped_needs_stats_path,official_domain_seed_needs_stats_path,
do_rvucom_su_campus_rocky_vista_university_college_of_osteopathic_medicine_ivins_ut,Rocky Vista University College of Osteopathic Medicine,DO,UT,http://www.rvu.edu/,http://www.rvu.edu/,School website from school_master,unknown,domain_seed,official_school_domain,1.00,Candidate host exactly matches school website host,school_master_website,"""RVUCOM-SU Campus"" entering class profile MCAT GPA matriculants",2026-06-08,2026-06-08,fetch_skipped_needs_stats_path,official_domain_seed_needs_stats_path,
do_rvu_mcom_rocky_vista_university_montana_college_of_osteopathic_medicine_billings,Rocky Vista University – Montana College of Osteopathic Medicine,DO,MT,https://www.rvu.edu/mcom/,https://www.rvu.edu/mcom/,School website from school_master,unknown,domain_seed,official_school_domain,1.00,Candidate host exactly matches school website host,school_master_website,"""RVU-MCOM"" entering class profile MCAT GPA matriculants",2026-06-08,2026-06-08,fetch_skipped_needs_stats_path,official_domain_seed_needs_stats_path,
do_rowan_virtuasom_sewell_rowan_virtua_school_of_osteopathic_medicine_sewell_new_je,Rowan-Virtua School of Osteopathic Medicine,DO,NJ,https://som.rowan.edu/oursom/campus/sewell/,https://som.rowan.edu/oursom/campus/sewell/,School website from school_master,unknown,domain_seed,official_school_domain,1.00,Candidate host exactly matches school website host,school_master_website,"""Rowan-VirtuaSOM-Sewell"" entering class profile MCAT GPA matriculants",2026-06-08,2026-06-08,fetch_skipped_needs_stats_path,official_domain_seed_needs_stats_path,
do_rowan_virtuasom_rowan_virtua_school_of_osteopathic_medicine_stratford_new_jersey,Rowan-Virtua School of Osteopathic Medicine,DO,NJ,https://www.rowan.edu/som/,https://www.rowan.edu/som/,School website from school_master,unknown,domain_seed,official_school_domain,1.00,Candidate host exactly matches school website host,school_master_website,"""Rowan-VirtuaSOM"" entering class profile MCAT GPA matriculants",2026-06-08,2026-06-08,fetch_skipped_needs_stats_path,official_domain_seed_needs_stats_path,
do_tvcom_the_valley_college_of_osteopathic_medicine_phoenix_arizona,The Valley College of Osteopathic Medicine,DO,AZ,https://thevalleycom.org/,https://thevalleycom.org/,School website from school_master,unknown,domain_seed,official_school_domain,1.00,Candidate host exactly matches school website host,school_master_website,"""TVCOM"" entering class profile MCAT GPA matriculants",2026-06-08,2026-06-08,fetch_skipped_needs_stats_path,official_domain_seed_needs_stats_path,
do_tourocom_harlem_touro_college_of_osteopathic_medicine_new_york_new_york,Touro College of Osteopathic Medicine,DO,NY,http://tourocom.touro.edu/,http://tourocom.touro.edu/,School website from school_master,unknown,domain_seed,official_school_domain,1.00,Candidate host exactly matches school website host,school_master_website,"""TouroCOM-Harlem"" entering class profile MCAT GPA matriculants",2026-06-08,2026-06-08,fetch_skipped_needs_stats_path,official_domain_seed_needs_stats_path,
do_tourocom_middletown_touro_college_of_osteopathic_medicine_middletown_new_york,Touro College of Osteopathic Medicine,DO,NY,http://tourocom.touro.edu/about-us/our-facilities/middletown-campus/,http://tourocom.touro.edu/about-us/our-facilities/middletown-campus/,School website from school_master,unknown,domain_seed,official_school_domain,1.00,Candidate host exactly matches school website host,school_master_website,"""TouroCOM-Middletown"" entering class profile MCAT GPA matriculants",2026-06-08,2026-06-08,fetch_skipped_needs_stats_path,official_domain_seed_needs_stats_path,
do_tourocom_great_falls_touro_college_of_osteopathic_medicine_great_falls_great_fal,Touro College of Osteopathic Medicine – Great Falls,DO,MT,https://tourocom.touro.edu/,https://tourocom.touro.edu/,School website from school_master,unknown,domain_seed,official_school_domain,1.00,Candidate host exactly matches school website host,school_master_website,"""TouroCOM-Great Falls"" entering class profile MCAT GPA matriculants",2026-06-08,2026-06-08,fetch_skipped_needs_stats_path,official_domain_seed_needs_stats_path,
do_tucom_touro_university_college_of_osteopathic_medicine_california_vallejo_califo,Touro University College of Osteopathic Medicine-California,DO,CA,http://www.tu.edu/,http://www.tu.edu/,School website from school_master,unknown,domain_seed,official_school_domain,1.00,Candidate host exactly matches school website host,school_master_website,"""TUCOM"" entering class profile MCAT GPA matriculants",2026-06-08,2026-06-08,fetch_skipped_needs_stats_path,official_domain_seed_needs_stats_path,
do_tuncom_touro_university_nevada_college_of_osteopathic_medicine_henderson_nevada,Touro University Nevada College of Osteopathic Medicine,DO,NV,https://tun.touro.edu/,https://tun.touro.edu/,School website from school_master,unknown,domain_seed,official_school_domain,1.00,Candidate host exactly matches school website host,school_master_website,"""TUNCOM"" entering class profile MCAT GPA matriculants",2026-06-08,2026-06-08,fetch_skipped_needs_stats_path,official_domain_seed_needs_stats_path,
do_unecom_university_of_new_england_college_of_osteopathic_medicine_biddeford_maine,University of New England College of Osteopathic Medicine,DO,ME,http://www.une.edu/com,http://www.une.edu/com,School website from school_master,unknown,domain_seed,official_school_domain,1.00,Candidate host exactly matches school website host,school_master_website,"""UNECOM"" entering class profile MCAT GPA matriculants",2026-06-08,2026-06-08,fetch_skipped_needs_stats_path,official_domain_seed_needs_stats_path,
do_unthsc_tcom_university_of_north_texas_health_science_center_texas_college_of_ost,University of North Texas Health Science Center Texas College of Osteopathic Medicine,DO,TX,https://www.unthsc.edu/texas-college-of-osteopathic-medicine/,https://www.unthsc.edu/texas-college-of-osteopathic-medicine/,School website from school_master,unknown,domain_seed,official_school_domain,1.00,Candidate host exactly matches school website host,school_master_website,"""UNTHSC/TCOM"" entering class profile MCAT GPA matriculants",2026-06-08,2026-06-08,fetch_skipped_needs_stats_path,official_domain_seed_needs_stats_path,
do_unc_com_university_of_northern_colorado_college_of_osteopathic_medicine_greely_c,University of Northern Colorado College of Osteopathic Medicine,DO,CO,https://www.unco.edu/osteopathic-medicine/,https://www.unco.edu/osteopathic-medicine/,School website from school_master,unknown,domain_seed,official_school_domain,1.00,Candidate host exactly matches school website host,school_master_website,"""UNC-COM"" entering class profile MCAT GPA matriculants",2026-06-08,2026-06-08,fetch_skipped_needs_stats_path,official_domain_seed_needs_stats_path,
do_up_kycom_university_of_pikeville_kentucky_college_of_osteopathic_medicine_pikevi,University of Pikeville Kentucky College of Osteopathic Medicine,DO,KY,http://www.upike.edu/KYCOM,http://www.upike.edu/KYCOM,School website from school_master,unknown,domain_seed,official_school_domain,1.00,Candidate host exactly matches school website host,school_master_website,"""UP-KYCOM"" entering class profile MCAT GPA matriculants",2026-06-08,2026-06-08,fetch_skipped_needs_stats_path,official_domain_seed_needs_stats_path,
do_uiwsom_university_of_the_incarnate_word_school_of_osteopathic_medicine_san_anton,University of the Incarnate Word School of Osteopathic Medicine,DO,TX,http://www.uiw.edu/som/,http://www.uiw.edu/som/,School website from school_master,unknown,domain_seed,official_school_domain,1.00,Candidate host exactly matches school website host,school_master_website,"""UIWSOM"" entering class profile MCAT GPA matriculants",2026-06-08,2026-06-08,fetch_skipped_needs_stats_path,official_domain_seed_needs_stats_path,
do_wvsom_west_virginia_school_of_osteopathic_medicine_lewisburg_west_virginia,West Virginia School of Osteopathic Medicine,DO,WV,https://www.wvsom.edu/home,https://www.wvsom.edu/home,School website from school_master,school_homepage,domain_seed,official_school_domain,1.00,Candidate host exactly matches school website host,school_master_website,"""WVSOM"" entering class profile MCAT GPA matriculants",2026-06-08,2026-06-08,fetch_skipped_needs_stats_path,official_domain_seed_needs_stats_path,
do_westernu_comp_western_university_of_health_sciences_college_of_osteopathic_medic,Western University of Health Sciences College of Osteopathic Medicine of the Pacific,DO,CA,http://www.westernu.edu/osteopathic/,http://www.westernu.edu/osteopathic/,School website from school_master,unknown,domain_seed,official_school_domain,1.00,Candidate host exactly matches school website host,school_master_website,"""WesternU/COMP"" entering class profile MCAT GPA matriculants",2026-06-08,2026-06-08,fetch_skipped_needs_stats_path,official_domain_seed_needs_stats_path,
do_westernu_comp_northwest_western_university_of_health_sciences_college_of_osteopa,Western University of Health Sciences College of Osteopathic Medicine of the Pacific-Northwest,DO,OR,http://www.westernu.edu/northwest/,http://www.westernu.edu/northwest/,School website from school_master,unknown,domain_seed,official_school_domain,1.00,Candidate host exactly matches school website host,school_master_website,"""WesternU/COMP-Northwest"" entering class profile MCAT GPA matriculants",2026-06-08,2026-06-08,fetch_skipped_needs_stats_path,official_domain_seed_needs_stats_path,
do_wcucom_william_carey_university_college_of_osteopathic_medicine_hattiesburg_miss,William Carey University College of Osteopathic Medicine,DO,MS,https://www.wmcarey.edu/College/Osteopathic-Medicine,https://www.wmcarey.edu/College/Osteopathic-Medicine,School website from school_master,unknown,domain_seed,official_school_domain,1.00,Candidate host exactly matches school website host,school_master_website,"""WCUCOM"" entering class profile MCAT GPA matriculants",2026-06-08,2026-06-08,fetch_skipped_needs_stats_path,official_domain_seed_needs_stats_path,
