school_id,school_name,degree_type,candidate_count,matched_candidate_count,fetched_candidate_count,accepted_extraction_count,current_canonical_has_mcat,current_canonical_has_gpa,coverage_status,next_action
do_vcom_auburn_campus_edward_via_college_of_osteopathic_medicine_auburn_alabama,Edward Via College of Osteopathic Medicine,DO,0,0,0,0,yes,yes,missing_aacom_profile_candidate,Run AACOM discovery with --fetch or provide a URL list.
do_acom_alabama_college_of_osteopathic_medicine_dothan_alabama,Alabama College of Osteopathic Medicine,DO,0,0,0,0,yes,yes,missing_aacom_profile_candidate,Run AACOM discovery with --fetch or provide a URL list.
do_mwu_azcom_midwestern_university_arizona_college_of_osteopathic_medicine_glendale,Midwestern University Arizona College of Osteopathic Medicine,DO,0,0,0,0,yes,yes,missing_aacom_profile_candidate,Run AACOM discovery with --fetch or provide a URL list.
do_atsu_soma_a_t_still_university_school_of_osteopathic_medicine_in_arizona_mesa_ar,"A.T. Still University, School of Osteopathic Medicine in Arizona",DO,0,0,0,0,yes,yes,missing_aacom_profile_candidate,Run AACOM discovery with --fetch or provide a URL list.
do_tvcom_the_valley_college_of_osteopathic_medicine_phoenix_arizona,The Valley College of Osteopathic Medicine,DO,0,0,0,0,no,no,missing_aacom_profile_candidate,Run AACOM discovery with --fetch or provide a URL list.
do_arcom_arkansas_college_of_osteopathic_medicine_fort_smith_arkansas,Arkansas College of Osteopathic Medicine,DO,0,0,0,0,yes,yes,missing_aacom_profile_candidate,Run AACOM discovery with --fetch or provide a URL list.
do_nyitcom_jonesboro_new_york_institute_of_technology_college_of_osteopathic_medici,New York Institute of Technology College of Osteopathic Medicine at Arkansas State,DO,0,0,0,0,no,no,missing_aacom_profile_candidate,Run AACOM discovery with --fetch or provide a URL list.
do_chsu_com_california_health_sciences_university_college_of_osteopathic_medicine_c,California Health Sciences University College of Osteopathic Medicine,DO,0,0,0,0,yes,yes,missing_aacom_profile_candidate,Run AACOM discovery with --fetch or provide a URL list.
do_westernu_comp_western_university_of_health_sciences_college_of_osteopathic_medic,Western University of Health Sciences College of Osteopathic Medicine of the Pacific,DO,0,0,0,0,yes,yes,missing_aacom_profile_candidate,Run AACOM discovery with --fetch or provide a URL list.
do_tucom_touro_university_college_of_osteopathic_medicine_california_vallejo_califo,Touro University College of Osteopathic Medicine-California,DO,0,0,0,0,yes,yes,missing_aacom_profile_candidate,Run AACOM discovery with --fetch or provide a URL list.
do_unc_com_university_of_northern_colorado_college_of_osteopathic_medicine_greely_c,University of Northern Colorado College of Osteopathic Medicine,DO,0,0,0,0,no,no,missing_aacom_profile_candidate,Run AACOM discovery with --fetch or provide a URL list.
do_rvucom_rocky_vista_university_college_of_osteopathic_medicine_parker_colorado,Rocky Vista University College of Osteopathic Medicine,DO,0,0,0,0,yes,yes,missing_aacom_profile_candidate,Run AACOM discovery with --fetch or provide a URL list.
do_lecom_bradenton_lake_erie_college_of_osteopathic_medicine_bradenton_bradenton_fl,Lake Erie College of Osteopathic Medicine – Bradenton,DO,0,0,0,0,yes,yes,missing_aacom_profile_candidate,Run AACOM discovery with --fetch or provide a URL list.
do_ocom_orlando_college_of_osteopathic_medicine_celebration_florida,Orlando College of Osteopathic Medicine,DO,0,0,0,0,yes,yes,missing_aacom_profile_candidate,Run AACOM discovery with --fetch or provide a URL list.
do_nsu_kpcom_clearwater_nova_southeastern_university_dr_kiran_c_patel_college_of_os,Nova Southeastern University – Dr. Kiran C. Patel College of Osteopathic Medicine,DO,0,0,0,0,yes,yes,missing_aacom_profile_candidate,Run AACOM discovery with --fetch or provide a URL list.
do_nsu_kpcom_nova_southeastern_university_dr_kiran_c_patel_college_of_osteopathic_m,Nova Southeastern University – Dr. Kiran C. Patel College of Osteopathic Medicine,DO,0,0,0,0,no,no,missing_aacom_profile_candidate,Run AACOM discovery with --fetch or provide a URL list.
do_lecom_jacksonville_lake_erie_college_of_osteopathic_medicine_jacksonville_jackso,Lake Erie College of Osteopathic Medicine – Jacksonville,DO,0,0,0,0,no,no,missing_aacom_profile_candidate,Run AACOM discovery with --fetch or provide a URL list.
do_bcsom_fl_burrell_college_school_of_osteopathic_medicine_florida_melbourne_florid,"Burrell College School of Osteopathic Medicine, Florida",DO,0,0,0,0,no,no,missing_aacom_profile_candidate,Run AACOM discovery with --fetch or provide a URL list.
do_lmu_dcom_orange_park_lincoln_memorial_university_debusk_college_of_osteopathic_m,Lincoln Memorial University-DeBusk College of Osteopathic Medicine – Orange Park,DO,0,0,0,0,no,no,missing_aacom_profile_candidate,Run AACOM discovery with --fetch or provide a URL list.
do_pcom_south_georgia_philadelphia_college_of_osteopathic_medicine_south_georgia_mo,Philadelphia College of Osteopathic Medicine South Georgia,DO,0,0,0,0,yes,yes,missing_aacom_profile_candidate,Run AACOM discovery with --fetch or provide a URL list.
do_pcom_georgia_philadelphia_college_of_osteopathic_medicine_georgia_suwanee_georgi,Philadelphia College of Osteopathic Medicine Georgia,DO,0,0,0,0,yes,yes,missing_aacom_profile_candidate,Run AACOM discovery with --fetch or provide a URL list.
do_icom_idaho_college_of_osteopathic_medicine_meridian_idaho,Idaho College of Osteopathic Medicine,DO,0,0,0,0,yes,yes,missing_aacom_profile_candidate,Run AACOM discovery with --fetch or provide a URL list.
do_illinoiscom_illinois_college_of_osteopathic_medicine_chicago_illinois,Illinois College of Osteopathic Medicine,DO,0,0,0,0,yes,yes,missing_aacom_profile_candidate,Run AACOM discovery with --fetch or provide a URL list.
do_mwu_ccom_midwestern_university_chicago_college_of_osteopathic_medicine_downers_g,Midwestern University Chicago College of Osteopathic Medicine,DO,0,0,0,0,yes,yes,missing_aacom_profile_candidate,Run AACOM discovery with --fetch or provide a URL list.
do_mu_wcom_marian_university_tom_and_julie_wood_college_of_osteopathic_medicine_ind,Marian University Tom and Julie Wood College of Osteopathic Medicine,DO,0,0,0,0,no,no,missing_aacom_profile_candidate,Run AACOM discovery with --fetch or provide a URL list.
do_dmu_com_des_moines_university_college_of_osteopathic_medicine_west_des_moines_io,Des Moines University College of Osteopathic Medicine,DO,0,0,0,0,yes,yes,missing_aacom_profile_candidate,Run AACOM discovery with --fetch or provide a URL list.
do_kansascom_kansas_health_sciences_center_kansas_college_of_osteopathic_medicine_w,Kansas Health Sciences Center Kansas College of Osteopathic Medicine,DO,0,0,0,0,no,no,missing_aacom_profile_candidate,Run AACOM discovery with --fetch or provide a URL list.
do_up_kycom_university_of_pikeville_kentucky_college_of_osteopathic_medicine_pikevi,University of Pikeville Kentucky College of Osteopathic Medicine,DO,0,0,0,0,yes,yes,missing_aacom_profile_candidate,Run AACOM discovery with --fetch or provide a URL list.
do_vcom_louisiana_edward_via_college_of_osteopathic_medicine_louisiana_campus_monro,Edward Via College of Osteopathic Medicine-Louisiana Campus,DO,0,0,0,0,yes,yes,missing_aacom_profile_candidate,Run AACOM discovery with --fetch or provide a URL list.
do_unecom_university_of_new_england_college_of_osteopathic_medicine_biddeford_maine,University of New England College of Osteopathic Medicine,DO,0,0,0,0,yes,yes,missing_aacom_profile_candidate,Run AACOM discovery with --fetch or provide a URL list.
do_msom_meritus_school_of_osteopathic_medicine_hagerstown_maryland,Meritus School of Osteopathic Medicine,DO,0,0,0,0,yes,yes,missing_aacom_profile_candidate,Run AACOM discovery with --fetch or provide a URL list.
do_msucom_dmc_michigan_state_university_college_of_osteopathic_medicine_detroit_mic,Michigan State University College of Osteopathic Medicine,DO,0,0,0,0,yes,yes,missing_aacom_profile_candidate,Run AACOM discovery with --fetch or provide a URL list.
do_msucom_michigan_state_university_college_of_osteopathic_medicine_east_lansing_mi,Michigan State University College of Osteopathic Medicine,DO,0,0,0,0,no,no,missing_aacom_profile_candidate,Run AACOM discovery with --fetch or provide a URL list.
do_msucom_muc_michigan_state_university_college_of_osteopathic_medicine_macomb_mich,Michigan State University College of Osteopathic Medicine,DO,0,0,0,0,no,no,missing_aacom_profile_candidate,Run AACOM discovery with --fetch or provide a URL list.
do_wcucom_william_carey_university_college_of_osteopathic_medicine_hattiesburg_miss,William Carey University College of Osteopathic Medicine,DO,0,0,0,0,yes,yes,missing_aacom_profile_candidate,Run AACOM discovery with --fetch or provide a URL list.
do_kcu_com_joplin_kansas_city_university_of_medicine_and_biosciences_college_of_ost,Kansas City University of Medicine and Biosciences College of Osteopathic Medicine,DO,0,0,0,0,yes,yes,missing_aacom_profile_candidate,Run AACOM discovery with --fetch or provide a URL list.
do_kcu_com_kansas_city_university_of_medicine_and_biosciences_college_of_osteopathi,Kansas City University of Medicine and Biosciences College of Osteopathic Medicine,DO,0,0,0,0,no,no,missing_aacom_profile_candidate,Run AACOM discovery with --fetch or provide a URL list.
do_atsu_kcom_a_t_still_university_kirksville_college_of_osteopathic_medicine_kirksv,A.T. Still University – Kirksville College of Osteopathic Medicine,DO,0,0,0,0,yes,yes,missing_aacom_profile_candidate,Run AACOM discovery with --fetch or provide a URL list.
do_rvu_mcom_rocky_vista_university_montana_college_of_osteopathic_medicine_billings,Rocky Vista University – Montana College of Osteopathic Medicine,DO,0,0,0,0,yes,yes,missing_aacom_profile_candidate,Run AACOM discovery with --fetch or provide a URL list.
do_tourocom_great_falls_touro_college_of_osteopathic_medicine_great_falls_great_fal,Touro College of Osteopathic Medicine – Great Falls,DO,0,0,0,0,no,no,missing_aacom_profile_candidate,Run AACOM discovery with --fetch or provide a URL list.
do_tuncom_touro_university_nevada_college_of_osteopathic_medicine_henderson_nevada,Touro University Nevada College of Osteopathic Medicine,DO,0,0,0,0,yes,yes,missing_aacom_profile_candidate,Run AACOM discovery with --fetch or provide a URL list.
do_rowan_virtuasom_sewell_rowan_virtua_school_of_osteopathic_medicine_sewell_new_je,Rowan-Virtua School of Osteopathic Medicine,DO,0,0,0,0,no,no,missing_aacom_profile_candidate,Run AACOM discovery with --fetch or provide a URL list.
do_rowan_virtuasom_rowan_virtua_school_of_osteopathic_medicine_stratford_new_jersey,Rowan-Virtua School of Osteopathic Medicine,DO,0,0,0,0,yes,yes,missing_aacom_profile_candidate,Run AACOM discovery with --fetch or provide a URL list.
do_bcsom_burrell_college_school_of_osteopathic_medicine_las_cruces_new_mexico,Burrell College School of Osteopathic Medicine,DO,0,0,0,0,yes,yes,missing_aacom_profile_candidate,Run AACOM discovery with --fetch or provide a URL list.
do_dyu_com_d_youville_university_college_of_osteopathic_medicine_buffalo_new_york,D’Youville University College of Osteopathic Medicine,DO,0,0,0,0,no,no,missing_aacom_profile_candidate,Run AACOM discovery with --fetch or provide a URL list.
do_lecom_elmira_lake_erie_college_of_osteopathic_medicine_elmira_elmira_new_york,Lake Erie College of Osteopathic Medicine – Elmira,DO,0,0,0,0,no,no,missing_aacom_profile_candidate,Run AACOM discovery with --fetch or provide a URL list.
do_tourocom_middletown_touro_college_of_osteopathic_medicine_middletown_new_york,Touro College of Osteopathic Medicine,DO,0,0,0,0,no,no,missing_aacom_profile_candidate,Run AACOM discovery with --fetch or provide a URL list.
do_tourocom_harlem_touro_college_of_osteopathic_medicine_new_york_new_york,Touro College of Osteopathic Medicine,DO,0,0,0,0,yes,yes,missing_aacom_profile_candidate,Run AACOM discovery with --fetch or provide a URL list.
do_nyitcom_new_york_institute_of_technology_college_of_osteopathic_medicine_old_wes,New York Institute of Technology College of Osteopathic Medicine,DO,0,0,0,0,yes,yes,missing_aacom_profile_candidate,Run AACOM discovery with --fetch or provide a URL list.
do_cusom_campbell_university_jerry_m_wallace_school_of_osteopathic_medicine_buies_c,Campbell University Jerry M. Wallace School of Osteopathic Medicine,DO,0,0,0,0,yes,yes,missing_aacom_profile_candidate,Run AACOM discovery with --fetch or provide a URL list.
do_ou_hcom_ohio_university_heritage_college_of_osteopathic_medicine_athens_ohio,Ohio University Heritage College of Osteopathic Medicine,DO,0,0,0,0,no,no,missing_aacom_profile_candidate,Run AACOM discovery with --fetch or provide a URL list.
do_ou_hcom_cleveland_ohio_university_heritage_college_of_osteopathic_medicine_cleve,Ohio University Heritage College of Osteopathic Medicine,DO,0,0,0,0,yes,yes,missing_aacom_profile_candidate,Run AACOM discovery with --fetch or provide a URL list.
do_ou_hcom_dublin_ohio_university_heritage_college_of_osteopathic_medicine_dublin_d,Ohio University Heritage College of Osteopathic Medicine – Dublin,DO,0,0,0,0,no,no,missing_aacom_profile_candidate,Run AACOM discovery with --fetch or provide a URL list.
do_osu_com_tahlequah_oklahoma_state_university_center_for_health_sciences_college_o,Oklahoma State University Center for Health Sciences College of Osteopathic Medicine Tahlequah,DO,0,0,0,0,no,no,missing_aacom_profile_candidate,Run AACOM discovery with --fetch or provide a URL list.
do_osu_com_oklahoma_state_university_center_for_health_sciences_college_of_osteopat,Oklahoma State University Center for Health Sciences College of Osteopathic Medicine,DO,0,0,0,0,yes,yes,missing_aacom_profile_candidate,Run AACOM discovery with --fetch or provide a URL list.
do_westernu_comp_northwest_western_university_of_health_sciences_college_of_osteopa,Western University of Health Sciences College of Osteopathic Medicine of the Pacific-Northwest,DO,0,0,0,0,yes,yes,missing_aacom_profile_candidate,Run AACOM discovery with --fetch or provide a URL list.
do_lecom_lake_erie_college_of_osteopathic_medicine_erie_erie_pennsylvania,Lake Erie College of Osteopathic Medicine – Erie,DO,0,0,0,0,yes,yes,missing_aacom_profile_candidate,Run AACOM discovery with --fetch or provide a URL list.
do_lecom_seton_hill_lake_erie_college_of_osteopathic_medicine_seton_hill_greensburg,Lake Erie College of Osteopathic Medicine – Seton Hill,DO,0,0,0,0,no,no,missing_aacom_profile_candidate,Run AACOM discovery with --fetch or provide a URL list.
do_iupcom_indiana_university_of_pennsylvania_college_of_osteopathic_medicine_indian,Indiana University of Pennsylvania College of Osteopathic Medicine,DO,0,0,0,0,no,no,missing_aacom_profile_candidate,Run AACOM discovery with --fetch or provide a URL list.
do_pcom_philadelphia_college_of_osteopathic_medicine_philadelphia_pennsylvania,Philadelphia College of Osteopathic Medicine,DO,0,0,0,0,yes,yes,missing_aacom_profile_candidate,Run AACOM discovery with --fetch or provide a URL list.
do_duqcom_duquesne_university_nasuti_college_of_osteopathic_medicine_pittsburgh_pen,Duquesne University Nasuti College of Osteopathic Medicine,DO,0,0,0,0,no,no,missing_aacom_profile_candidate,Run AACOM discovery with --fetch or provide a URL list.
do_vcom_carolinas_edward_via_college_of_osteopathic_medicine_spartanburg_south_caro,Edward Via College of Osteopathic Medicine,DO,0,0,0,0,no,no,missing_aacom_profile_candidate,Run AACOM discovery with --fetch or provide a URL list.
do_lmu_dcom_lincoln_memorial_university_debusk_college_of_osteopathic_medicine_harr,Lincoln Memorial University-DeBusk College of Osteopathic Medicine,DO,0,0,0,0,yes,yes,missing_aacom_profile_candidate,Run AACOM discovery with --fetch or provide a URL list.
do_lmu_dcom_knoxville_lincoln_memorial_university_debusk_college_of_osteopathic_med,Lincoln Memorial University-DeBusk College of Osteopathic Medicine – Knoxville,DO,0,0,0,0,no,no,missing_aacom_profile_candidate,Run AACOM discovery with --fetch or provide a URL list.
do_bucom_baptist_health_sciences_university_college_of_osteopathic_medicine_memphis,Baptist Health Sciences University College of Osteopathic Medicine,DO,0,0,0,0,yes,yes,missing_aacom_profile_candidate,Run AACOM discovery with --fetch or provide a URL list.
do_unthsc_tcom_university_of_north_texas_health_science_center_texas_college_of_ost,University of North Texas Health Science Center Texas College of Osteopathic Medicine,DO,0,0,0,0,yes,yes,missing_aacom_profile_candidate,Run AACOM discovery with --fetch or provide a URL list.
do_shsu_com_sam_houston_state_university_college_of_osteopathic_medicine_huntsville,Sam Houston State University College of Osteopathic Medicine,DO,0,0,0,0,yes,yes,missing_aacom_profile_candidate,Run AACOM discovery with --fetch or provide a URL list.
do_uiwsom_university_of_the_incarnate_word_school_of_osteopathic_medicine_san_anton,University of the Incarnate Word School of Osteopathic Medicine,DO,0,0,0,0,yes,yes,missing_aacom_profile_candidate,Run AACOM discovery with --fetch or provide a URL list.
do_rvucom_su_campus_rocky_vista_university_college_of_osteopathic_medicine_ivins_ut,Rocky Vista University College of Osteopathic Medicine,DO,0,0,0,0,no,no,missing_aacom_profile_candidate,Run AACOM discovery with --fetch or provide a URL list.
do_noordacom_noorda_college_of_osteopathic_medicine_provo_utah,Noorda College of Osteopathic Medicine,DO,0,0,0,0,yes,yes,missing_aacom_profile_candidate,Run AACOM discovery with --fetch or provide a URL list.
do_vcom_virginia_edward_via_college_of_osteopathic_medicine_blacksburg_virginia,Edward Via College of Osteopathic Medicine,DO,0,0,0,0,no,no,missing_aacom_profile_candidate,Run AACOM discovery with --fetch or provide a URL list.
do_lucom_liberty_university_college_of_osteopathic_medicine_lynchburg_virginia,Liberty University College of Osteopathic Medicine,DO,0,0,0,0,yes,yes,missing_aacom_profile_candidate,Run AACOM discovery with --fetch or provide a URL list.
do_pnwu_com_pacific_northwest_university_of_health_sciences_college_of_osteopathic_,Pacific Northwest University of Health Sciences College of Osteopathic Medicine,DO,0,0,0,0,yes,yes,missing_aacom_profile_candidate,Run AACOM discovery with --fetch or provide a URL list.
do_wvsom_west_virginia_school_of_osteopathic_medicine_lewisburg_west_virginia,West Virginia School of Osteopathic Medicine,DO,0,0,0,0,yes,yes,missing_aacom_profile_candidate,Run AACOM discovery with --fetch or provide a URL list.
