cluster_id,canonical_school_name,school_id,sources_present,source_count,agreement_label,gpa_values,gpa_range,gpa_spread,mcat_values,mcat_range,mcat_spread,metric_definition_note,recommended_action
4,Alabama College of Osteopathic Medicine,do_acom_alabama_college_of_osteopathic_medicine_dothan_alabama,cycletrack_acceptance_median;shemmassian,2,major_conflict,3.6;3.5;3;3.7;3.75;3.58,3 - 3.75,0.75,503;500;505;503;504,500 - 505,5,Published source rows are school averages; CycleTrack rows are crowdsourced acceptance medians.,manual review before promoting to canonical admissions_stats
5,Albany Medical College,md_albany_medical_college_albany_new_york,cycletrack_acceptance_median;matchguy;prospectivedoctor;shemmassian,4,major_conflict,3.74;3.8;3.77;3.86,3.74 - 3.86,0.12,511;512;512;512.5,511 - 512.5,1.5,Published source rows are school averages; CycleTrack rows are crowdsourced acceptance medians.,manual review before promoting to canonical admissions_stats
6,Albert Einstein College of Medicine,md_albert_einstein_college_of_medicine_new_york_new_york,cycletrack_acceptance_median;shemmassian,2,major_conflict,3.82;3.93,3.82 - 3.93,0.11,516;519,516 - 519,3,Published source rows are school averages; CycleTrack rows are crowdsourced acceptance medians.,manual review before promoting to canonical admissions_stats
15,Boston University Sch of Med,,cycletrack_acceptance_median;matchguy,2,major_conflict,3.76;3.91,3.76 - 3.91,0.15,517;520,517 - 520,3,Published source rows are school averages; CycleTrack rows are crowdsourced acceptance medians.,manual review before promoting to canonical admissions_stats
17,Brown University The Warren Alpert Medical School,md_the_warren_alpert_medical_school_of_brown_university_providence_rhode_island,matchguy;prospectivedoctor;shemmassian,3,minor_conflict,3.79;3.83;3.76,3.76 - 3.83,0.07,515;516;516,515 - 516,1,Published source rows are school averages; CycleTrack rows are crowdsourced acceptance medians.,manual review before promoting to canonical admissions_stats
22,California Northstate University College of Medicine,md_california_northstate_university_college_of_medicine_elk_grove_california,matchguy;prospectivedoctor;shemmassian,3,major_conflict,3.72;3.76;3.83;3.83,3.72 - 3.83,0.11,513;508;513.3;513.4,508 - 513.4,5.4,Published source rows are school averages; CycleTrack rows are crowdsourced acceptance medians.,manual review before promoting to canonical admissions_stats
23,California University of Science and Medicine,,cycletrack_acceptance_median;matchguy;shemmassian,3,major_conflict,3.61;3.79,3.61 - 3.79,0.18,511;510;515,510 - 515,5,Published source rows are school averages; CycleTrack rows are crowdsourced acceptance medians.,manual review before promoting to canonical admissions_stats
29,Case Western Reserve University School of Medicine,md_case_western_reserve_university_school_of_medicine_cleveland_ohio,matchguy;prospectivedoctor;shemmassian,3,minor_conflict,3.86;3.9;3.9,3.86 - 3.9,0.04,519;517;517,517 - 519,2,Published source rows are school averages; CycleTrack rows are crowdsourced acceptance medians.,manual review before promoting to canonical admissions_stats
31,Central Michigan University College of Medicine,,prospectivedoctor;shemmassian,2,major_conflict,3.69;3.8,3.69 - 3.8,0.11,508;506,506 - 508,2,Published source rows are school averages; CycleTrack rows are crowdsourced acceptance medians.,manual review before promoting to canonical admissions_stats
33,Chicago Medical School at Rosalind Franklin University of Medicine and Science,md_chicago_medical_school_at_rosalind_franklin_university_of_medicine_and_science_n,matchguy;prospectivedoctor;shemmassian,3,major_conflict,3.69;3.69,3.69 - 3.69,0,513;508;508,508 - 513,5,Published source rows are school averages; CycleTrack rows are crowdsourced acceptance medians.,manual review before promoting to canonical admissions_stats
36,Columbia University College of Physicians and Surgeons,md_columbia_university_vagelos_college_of_physicians_and_surgeons_new_york_new_york,prospectivedoctor;shemmassian,2,minor_conflict,3.92;3.85,3.85 - 3.92,0.07,522;521,521 - 522,1,Published source rows are school averages; CycleTrack rows are crowdsourced acceptance medians.,manual review before promoting to canonical admissions_stats
45,Drew/UCLA Joint Medical Program Drew University of Medicine and Science,,prospectivedoctor;shemmassian,2,major_conflict,3;3.42,3 - 3.42,0.42,498,498,,Published source rows are school averages; CycleTrack rows are crowdsourced acceptance medians.,manual review before promoting to canonical admissions_stats
50,East Carolina University Brody School of Medicine,md_brody_school_of_medicine_at_east_carolina_university_greenville_north_carolina,matchguy;prospectivedoctor;shemmassian,3,major_conflict,3.71;3.88;3.77;3.8;3.8,3.71 - 3.88,0.17,509;509;510;511;511,509 - 511,2,Published source rows are school averages; CycleTrack rows are crowdsourced acceptance medians.,manual review before promoting to canonical admissions_stats
52,East Tennessee State University Quillen College of Medicine,md_east_tennessee_state_university_james_h_quillen_college_of_medicine_johnson_city,matchguy;prospectivedoctor;shemmassian,3,major_conflict,3.81;3.85;3.85,3.81 - 3.85,0.04,508;513;512.82,508 - 513,5,Published source rows are school averages; CycleTrack rows are crowdsourced acceptance medians.,manual review before promoting to canonical admissions_stats
53,Eastern Virginia Medical School,,cycletrack_acceptance_median;matchguy;prospectivedoctor;shemmassian,4,minor_conflict,3.71;3.7;3.7;3.79,3.7 - 3.79,0.09,513;513;513;514.5,513 - 514.5,1.5,Published source rows are school averages; CycleTrack rows are crowdsourced acceptance medians.,manual review before promoting to canonical admissions_stats
55,Edward Via College of Osteopathic Medicine - Auburn Campus,,cycletrack_acceptance_median;shemmassian,2,major_conflict,3.76;3.7;3.7;3.6;3.75,3.6 - 3.76,0.16,502;502;500;502;506.5,500 - 506.5,6.5,Published source rows are school averages; CycleTrack rows are crowdsourced acceptance medians.,manual review before promoting to canonical admissions_stats
61,Florida State University College of Medicine,md_florida_state_university_college_of_medicine_tallahassee_florida,matchguy;prospectivedoctor;shemmassian,3,major_conflict,3.92;3.68;3.83;3.83,3.68 - 3.92,0.24,517;507;514;514,507 - 517,10,Published source rows are school averages; CycleTrack rows are crowdsourced acceptance medians.,manual review before promoting to canonical admissions_stats
63,Geisinger Commonwealth School of Medicine,md_geisinger_commonwealth_school_of_medicine_scranton_pennsylvania,cycletrack_acceptance_median;matchguy;prospectivedoctor;shemmassian,4,major_conflict,3.76;3.81;3.81;3.88,3.76 - 3.88,0.12,512;513.06;513.06;517,512 - 517,5,Published source rows are school averages; CycleTrack rows are crowdsourced acceptance medians.,manual review before promoting to canonical admissions_stats
65,George Washington University School of Medicine and Health Sciences,md_george_washington_university_school_of_medicine_and_health_sciences_washington_d,matchguy;prospectivedoctor;shemmassian,3,major_conflict,3.78;3.94;3.74;3.88;3.88;3.7;3.8,3.7 - 3.94,0.24,513;521;512;515;519.5;511;515,511 - 521,10,Published source rows are school averages; CycleTrack rows are crowdsourced acceptance medians.,manual review before promoting to canonical admissions_stats
67,Georgetown University School of Medicine,md_georgetown_university_school_of_medicine_washington_district_of_columbia,matchguy;prospectivedoctor;shemmassian,3,major_conflict,3.79;3.8;3.73;3.86;3.78;3.84;3.9;3.86;3.76;3.7;3.69;3.76;3.82;3.86;3.89;3.86;3.81;3.76;3.69;3.82,3.69 - 3.9,0.21,513;517;504;518;515;513;520;516;513;514;503;517;514;513;514;513;514.9;513;503;514,503 - 520,17,Published source rows are school averages; CycleTrack rows are crowdsourced acceptance medians.,manual review before promoting to canonical admissions_stats
69,Hackensack Meridian School of Medicine,md_hackensack_meridian_school_of_medicine_nutley_new_jersey,cycletrack_acceptance_median;shemmassian,2,minor_conflict,3.8;3.89,3.8 - 3.89,0.09,514;516,514 - 516,2,Published source rows are school averages; CycleTrack rows are crowdsourced acceptance medians.,manual review before promoting to canonical admissions_stats
70,Harvard Medical School,md_harvard_medical_school_boston_massachusetts,cycletrack_acceptance_median;matchguy;prospectivedoctor;shemmassian,4,minor_conflict,3.94;3.9;3.9;3.98,3.9 - 3.98,0.08,520;520.48;520.48;521,520 - 521,1,Published source rows are school averages; CycleTrack rows are crowdsourced acceptance medians.,manual review before promoting to canonical admissions_stats
71,Hofstra Northwell School of Medicine,,prospectivedoctor;shemmassian,2,minor_conflict,3.84;3.92,3.84 - 3.92,0.08,518;518,518 - 518,0,Published source rows are school averages; CycleTrack rows are crowdsourced acceptance medians.,manual review before promoting to canonical admissions_stats
74,Howard University College of Medicine,md_howard_university_college_of_medicine_washington_district_of_columbia,matchguy;prospectivedoctor;shemmassian,3,major_conflict,3.42;3.75;3.61;3.76;3.76,3.42 - 3.76,0.34,505;512;507;512;512,505 - 512,7,Published source rows are school averages; CycleTrack rows are crowdsourced acceptance medians.,manual review before promoting to canonical admissions_stats
75,Icahn School of Medicine at Mount Sinai,md_icahn_school_of_medicine_at_mount_sinai_new_york_new_york,prospectivedoctor;shemmassian,2,minor_conflict,3.87;3.81,3.81 - 3.87,0.06,519;519,519 - 519,0,Published source rows are school averages; CycleTrack rows are crowdsourced acceptance medians.,manual review before promoting to canonical admissions_stats
76,Idaho College of Osteopathic Medicine,do_icom_idaho_college_of_osteopathic_medicine_meridian_idaho,cycletrack_acceptance_median;shemmassian,2,major_conflict,3.56;3.5;3.73;3.73;3.77;3.65;3.9;3.71,3.5 - 3.9,0.4,503.65;504;509;511;511;503.5;512;506,503.5 - 512,8.5,Published source rows are school averages; CycleTrack rows are crowdsourced acceptance medians.,manual review before promoting to canonical admissions_stats
86,Lake Erie College of Osteopathic Medicine,do_lecom_lake_erie_college_of_osteopathic_medicine_erie_erie_pennsylvania,cycletrack_acceptance_median;shemmassian,2,major_conflict,3.41;3.79,3.41 - 3.79,0.38,503;509,503 - 509,6,Published source rows are school averages; CycleTrack rows are crowdsourced acceptance medians.,manual review before promoting to canonical admissions_stats
87,Lake Erie College of Osteopathic Medicine Bradenton Campus,do_lecom_bradenton_lake_erie_college_of_osteopathic_medicine_bradenton_bradenton_fl,cycletrack_acceptance_median;shemmassian,2,major_conflict,3.71;3.87,3.71 - 3.87,0.16,502;509,502 - 509,7,Published source rows are school averages; CycleTrack rows are crowdsourced acceptance medians.,manual review before promoting to canonical admissions_stats
92,Loma Linda University School of Medicine,md_loma_linda_university_school_of_medicine_loma_linda_california,matchguy;prospectivedoctor;shemmassian,3,major_conflict,3.86;3.89;3.76;3.63;3.95;3.86;3.91;3.89;3.94;3.85;3.94;3.85;3.7;3.92;3.78;3.9;3.9;3.5;3.85;3.94;3.8;3.9;3.7;3.78,3.5 - 3.95,0.45,510;519;513;511;521;513;514;519;521;509;518;512;510;521;511;514;519;508;512;520;509;514;510,508 - 521,13,Published source rows are school averages; CycleTrack rows are crowdsourced acceptance medians.,manual review before promoting to canonical admissions_stats
95,Louisiana State University - New Orleans School of Medicine,,prospectivedoctor;shemmassian,2,major_conflict,3.82;3.77;3.76;3.8,3.76 - 3.82,0.06,509;506;509;508,506 - 509,3,Published source rows are school averages; CycleTrack rows are crowdsourced acceptance medians.,manual review before promoting to canonical admissions_stats
98,Loyola University of Chicago Stritch School of Medicine,md_loyola_university_chicago_stritch_school_of_medicine_maywood_illinois,matchguy;prospectivedoctor;shemmassian,3,major_conflict,3.76;3.93;3.8;3.91;3.8,3.76 - 3.93,0.17,512;521;512;521;512,512 - 521,9,Published source rows are school averages; CycleTrack rows are crowdsourced acceptance medians.,manual review before promoting to canonical admissions_stats
101,Marshall University Joan C. Edwards School of Medicine,md_marshall_university_joan_c_edwards_school_of_medicine_huntington_west_virginia,matchguy;prospectivedoctor;shemmassian,3,major_conflict,3.7;3.81;3.81,3.7 - 3.81,0.11,502;506;506,502 - 506,4,Published source rows are school averages; CycleTrack rows are crowdsourced acceptance medians.,manual review before promoting to canonical admissions_stats
108,Medical College of Wisconsin,md_medical_college_of_wisconsin_milwaukee_wisconsin,cycletrack_acceptance_median;prospectivedoctor;shemmassian,3,major_conflict,3.73;3.7;3.86,3.7 - 3.86,0.16,511;508;514,508 - 514,6,Published source rows are school averages; CycleTrack rows are crowdsourced acceptance medians.,manual review before promoting to canonical admissions_stats
109,Medical University of South Carolina College of Medicine,md_medical_university_of_south_carolina_college_of_medicine_charleston_south_caroli,cycletrack_acceptance_median;matchguy;prospectivedoctor;shemmassian,4,major_conflict,3.83;3.85;3.7;3.85,3.7 - 3.85,0.15,517;511.2;511;517,511 - 517,6,Published source rows are school averages; CycleTrack rows are crowdsourced acceptance medians.,manual review before promoting to canonical admissions_stats
111,Meharry Medical College School of Medicine,md_meharry_medical_college_school_of_medicine_nashville_tennessee,prospectivedoctor;shemmassian,2,minor_conflict,3.52;3.46,3.46 - 3.52,0.06,503;503,503 - 503,0,Published source rows are school averages; CycleTrack rows are crowdsourced acceptance medians.,manual review before promoting to canonical admissions_stats
116,Michigan State University College of Human Medicine,md_michigan_state_university_college_of_human_medicine_east_lansing_michigan,matchguy;prospectivedoctor;shemmassian,3,major_conflict,3.76;3.7;3,3 - 3.76,0.76,509;507,507 - 509,2,Published source rows are school averages; CycleTrack rows are crowdsourced acceptance medians.,manual review before promoting to canonical admissions_stats
119,Morehouse School of Medicine,md_morehouse_school_of_medicine_atlanta_georgia,cycletrack_acceptance_median;matchguy;prospectivedoctor;shemmassian,4,major_conflict,3.63;3.64;3.64;3.78,3.63 - 3.78,0.15,504;504.1;505.6;511.5,504 - 511.5,7.5,Published source rows are school averages; CycleTrack rows are crowdsourced acceptance medians.,manual review before promoting to canonical admissions_stats
123,New York Medical College,md_new_york_medical_college_valhalla_new_york,cycletrack_acceptance_median;matchguy;prospectivedoctor;shemmassian,4,major_conflict,3.72;3.6;3.73;3.9,3.6 - 3.9,0.3,513;516;515;518,513 - 518,5,Published source rows are school averages; CycleTrack rows are crowdsourced acceptance medians.,manual review before promoting to canonical admissions_stats
124,New York University Grossman School of Medicine,,matchguy;shemmassian,2,major_conflict,3.98;3.94;3.95,3.94 - 3.98,0.04,523;516;522.39,516 - 523,7,Published source rows are school averages; CycleTrack rows are crowdsourced acceptance medians.,manual review before promoting to canonical admissions_stats
125,Northeast Ohio Medical University,,cycletrack_acceptance_median;matchguy;prospectivedoctor;shemmassian,4,major_conflict,3.76;3.75;3.75;3.84,3.75 - 3.84,0.09,507;511;511;515,507 - 515,8,Published source rows are school averages; CycleTrack rows are crowdsourced acceptance medians.,manual review before promoting to canonical admissions_stats
130,Nova Southeastern University Dr. Kiran C. Patel College of Allopathic Medicine,md_nova_southeastern_university_dr_kiran_c_patel_college_of_allopathic_medicine_for,matchguy;shemmassian,2,major_conflict,3.75;3.6;3.75,3.6 - 3.75,0.15,512;506;512,506 - 512,6,Published source rows are school averages; CycleTrack rows are crowdsourced acceptance medians.,manual review before promoting to canonical admissions_stats
138,Oregon Health & Science University School of Medicine,md_oregon_health_and_science_university_school_of_medicine_portland_oregon,matchguy;prospectivedoctor;shemmassian,3,major_conflict,3.77;3.66;3.66,3.66 - 3.77,0.11,512;509;509,509 - 512,3,Published source rows are school averages; CycleTrack rows are crowdsourced acceptance medians.,manual review before promoting to canonical admissions_stats
142,Pennsylvania State University College of Medicine,,prospectivedoctor;shemmassian,2,minor_conflict,3.81;3.75,3.75 - 3.81,0.06,512;511,511 - 512,1,Published source rows are school averages; CycleTrack rows are crowdsourced acceptance medians.,manual review before promoting to canonical admissions_stats
144,Philadelphia College of Osteopathic Medicine,do_pcom_philadelphia_college_of_osteopathic_medicine_philadelphia_pennsylvania,cycletrack_acceptance_median;shemmassian,2,major_conflict,3.5;3.77;3.75,3.5 - 3.77,0.27,504;510.5;506.5,504 - 510.5,6.5,Published source rows are school averages; CycleTrack rows are crowdsourced acceptance medians.,manual review before promoting to canonical admissions_stats
147,Ponce School of Medicine and Health Sciences,,prospectivedoctor;shemmassian,2,major_conflict,3.64;3.5,3.5 - 3.64,0.14,499;499,499 - 499,0,Published source rows are school averages; CycleTrack rows are crowdsourced acceptance medians.,manual review before promoting to canonical admissions_stats
156,Rush Medical College of Rush University,,prospectivedoctor;shemmassian,2,minor_conflict,3.67;3.72,3.67 - 3.72,0.05,511;510,510 - 511,1,Published source rows are school averages; CycleTrack rows are crowdsourced acceptance medians.,manual review before promoting to canonical admissions_stats
159,Rutgers New Jersey Medical School,md_rutgers_new_jersey_medical_school_newark_new_jersey,prospectivedoctor;shemmassian,2,major_conflict,3.82;3.7,3.7 - 3.82,0.12,515;515,515 - 515,0,Published source rows are school averages; CycleTrack rows are crowdsourced acceptance medians.,manual review before promoting to canonical admissions_stats
167,San Juan Bautista School of Medicine,,cycletrack_acceptance_median;prospectivedoctor;shemmassian,3,major_conflict,3.71;3.57;3.72,3.57 - 3.72,0.15,498;499;506,498 - 506,8,Published source rows are school averages; CycleTrack rows are crowdsourced acceptance medians.,manual review before promoting to canonical admissions_stats
170,Southern Illinois University School of Medicine,md_southern_illinois_university_school_of_medicine_springfield_illinois,matchguy;prospectivedoctor;shemmassian,3,major_conflict,3.81;3.79;3.7;3.81;2.8,2.8 - 3.81,1.01,506;516;508;512,506 - 516,10,Published source rows are school averages; CycleTrack rows are crowdsourced acceptance medians.,manual review before promoting to canonical admissions_stats
173,State University of New York Upstate Medical University,,cycletrack_acceptance_median;matchguy,2,major_conflict,3.74;3.84,3.74 - 3.84,0.1,512;515,512 - 515,3,Published source rows are school averages; CycleTrack rows are crowdsourced acceptance medians.,manual review before promoting to canonical admissions_stats
177,Temple University Lewis Katz School of Medicine,md_lewis_katz_school_of_medicine_at_temple_university_philadelphia_pennsylvania,prospectivedoctor;shemmassian,2,major_conflict,3.77;3.7,3.7 - 3.77,0.07,513;510,510 - 513,3,Published source rows are school averages; CycleTrack rows are crowdsourced acceptance medians.,manual review before promoting to canonical admissions_stats
178,Texas A&M Health Science Center College of Medicine,,prospectivedoctor;shemmassian,2,minor_conflict,3.84;3.89,3.84 - 3.89,0.05,513;513,513 - 513,0,Published source rows are school averages; CycleTrack rows are crowdsourced acceptance medians.,manual review before promoting to canonical admissions_stats
183,Texas Tech University Health Sciences Center Paul L. Foster School of Medicine,md_paul_l_foster_school_of_medicine_texas_tech_university_health_sciences_center_at,matchguy;prospectivedoctor;shemmassian,3,major_conflict,3.89;3.71;3.84;3.85;3.84,3.71 - 3.89,0.18,512;510;509;509;509,509 - 512,3,Published source rows are school averages; CycleTrack rows are crowdsourced acceptance medians.,manual review before promoting to canonical admissions_stats
197,Uniformed Services University of the Health Sciences F. Edward Hebert School of Medicine,md_uniformed_services_university_of_the_health_sciences_f_edward_h_bert_school_of_m,matchguy;prospectivedoctor;shemmassian,3,minor_conflict,3.76;3.7;3.7,3.7 - 3.76,0.06,510;510;510,510 - 510,0,Published source rows are school averages; CycleTrack rows are crowdsourced acceptance medians.,manual review before promoting to canonical admissions_stats
198,Universidad Central Del Caribe School of Medicine,,prospectivedoctor;shemmassian,2,minor_conflict,3.73;3.8,3.73 - 3.8,0.07,499;501,499 - 501,2,Published source rows are school averages; CycleTrack rows are crowdsourced acceptance medians.,manual review before promoting to canonical admissions_stats
201,University at Buffalo Jacobs School of Medicine and Biomedical Sciences,md_jacobs_school_of_medicine_and_biomedical_sciences_at_the_university_at_buffalo_b,matchguy;prospectivedoctor;shemmassian,3,minor_conflict,3.75;3.7;3.7,3.7 - 3.75,0.05,512;510;510,510 - 512,2,Published source rows are school averages; CycleTrack rows are crowdsourced acceptance medians.,manual review before promoting to canonical admissions_stats
202,University of Alabama School of Medicine,,matchguy;prospectivedoctor;shemmassian,3,major_conflict,3.86;3.69;3.83;3.78;3.88;3.83;3.76;3.86;3.82;3.87;3.7;3.84;3.84;3.76;3.6;3.91;3.87;3.87;3.84;3.83;3.91,3.6 - 3.91,0.31,510;512;514;514;512;514;512;518;513;509.4;517;509;512;509;510;516;514;509.4;500;509;516,500 - 518,18,Published source rows are school averages; CycleTrack rows are crowdsourced acceptance medians.,manual review before promoting to canonical admissions_stats
206,University of Arizona College of Medicine - Tucson,md_university_of_arizona_college_of_medicine_tucson_tucson_arizona,matchguy;prospectivedoctor;shemmassian,3,major_conflict,3.79;3.81;3.74;3.8,3.74 - 3.81,0.07,510;515;508;516,508 - 516,8,Published source rows are school averages; CycleTrack rows are crowdsourced acceptance medians.,manual review before promoting to canonical admissions_stats
209,University of Arkansas for Medical Sciences College of Medicine,md_university_of_arkansas_for_medical_sciences_college_of_medicine_little_rock_arka,matchguy;prospectivedoctor;shemmassian,3,minor_conflict,3.85;3.85;3.83,3.83 - 3.85,0.02,508;507;509,507 - 509,2,Published source rows are school averages; CycleTrack rows are crowdsourced acceptance medians.,manual review before promoting to canonical admissions_stats
213,University of California - Davis School of Medicine,md_university_of_california_davis_school_of_medicine_davis_california,matchguy;prospectivedoctor;shemmassian,3,major_conflict,3.85;3.59;3.83;3.86;3.76;3.77;3.72;3.83;3.6;3.83;3.87;3.85;3.72;3.86;3.66;3.83,3.59 - 3.87,0.28,516;508;517;518;517;509;509;516;508;514.4;517;517;509;516;509;514.4,508 - 518,10,Published source rows are school averages; CycleTrack rows are crowdsourced acceptance medians.,manual review before promoting to canonical admissions_stats
215,University of Central Florida College of Medicine,md_university_of_central_florida_college_of_medicine_orlando_florida,matchguy;prospectivedoctor;shemmassian,3,major_conflict,3.88;3.9;3.89;3.86,3.86 - 3.9,0.04,514;515;514;515;500,500 - 515,15,Published source rows are school averages; CycleTrack rows are crowdsourced acceptance medians.,manual review before promoting to canonical admissions_stats
220,University of Connecticut School of Medicine,md_university_of_connecticut_school_of_medicine_farmington_connecticut,matchguy;prospectivedoctor;shemmassian,3,major_conflict,3.82;3.8;3.82;3.76;3.75;3.8;3.75;3.8,3.75 - 3.82,0.07,513;505;505;513;507;506;507;506,505 - 513,8,Published source rows are school averages; CycleTrack rows are crowdsourced acceptance medians.,manual review before promoting to canonical admissions_stats
227,University of Illinois College of Medicine,md_university_of_illinois_college_of_medicine_chicago_illinois,matchguy;prospectivedoctor;shemmassian,3,major_conflict,3.76;3.84;3.82;3.86;3.83;3.84;3.82,3.76 - 3.86,0.1,513;517;511;514;513;512;511,511 - 517,6,Published source rows are school averages; CycleTrack rows are crowdsourced acceptance medians.,manual review before promoting to canonical admissions_stats
229,University of Iowa Carver College of Medicine,,prospectivedoctor;shemmassian,2,minor_conflict,3.85;3.81,3.81 - 3.85,0.04,512;514,512 - 514,2,Published source rows are school averages; CycleTrack rows are crowdsourced acceptance medians.,manual review before promoting to canonical admissions_stats
232,University of Kentucky College of Medicine,md_university_of_kentucky_college_of_medicine_lexington_kentucky,matchguy;prospectivedoctor;shemmassian,3,minor_conflict,3.81;3.84;3.83,3.81 - 3.84,0.03,508;508;506,506 - 508,2,Published source rows are school averages; CycleTrack rows are crowdsourced acceptance medians.,manual review before promoting to canonical admissions_stats
236,University of Massachusetts Medical School,,matchguy;prospectivedoctor;shemmassian,3,major_conflict,3.82;3.76;3.87,3.76 - 3.87,0.11,516;511;512,511 - 516,5,Published source rows are school averages; CycleTrack rows are crowdsourced acceptance medians.,manual review before promoting to canonical admissions_stats
238,University of Miami Miller School of Medicine,,matchguy;prospectivedoctor;shemmassian,3,major_conflict,3.86;3.86;3.89;3.86;3.78;3.8;3.73;3.85;3.8,3.73 - 3.89,0.16,505;509;509;516;507;506;508;516;506,505 - 516,11,Published source rows are school averages; CycleTrack rows are crowdsourced acceptance medians.,manual review before promoting to canonical admissions_stats
240,University of Michigan Medical School,md_university_of_michigan_medical_school_ann_arbor_michigan,matchguy;prospectivedoctor;shemmassian,3,minor_conflict,3.87;3.85;3.85,3.85 - 3.87,0.02,518;516,516 - 518,2,Published source rows are school averages; CycleTrack rows are crowdsourced acceptance medians.,manual review before promoting to canonical admissions_stats
242,University of Minnesota Medical School - Twin Cities,,prospectivedoctor;shemmassian,2,major_conflict,3.81;3.65;3.84;3.77,3.65 - 3.84,0.19,513;503;511;511.1,503 - 513,10,Published source rows are school averages; CycleTrack rows are crowdsourced acceptance medians.,manual review before promoting to canonical admissions_stats
246,University of Missouri - Columbia School of Medicine,md_university_of_missouri_columbia_school_of_medicine_columbia_missouri,matchguy;shemmassian,2,major_conflict,3.83;3.78;3.84,3.78 - 3.84,0.06,509;506;511,506 - 511,5,Published source rows are school averages; CycleTrack rows are crowdsourced acceptance medians.,manual review before promoting to canonical admissions_stats
248,University of Nebraska College of Medicine,md_university_of_nebraska_college_of_medicine_omaha_nebraska,matchguy;prospectivedoctor,2,major_conflict,3.9,3.9,,513;507,507 - 513,6,Published source rows are school averages; CycleTrack rows are crowdsourced acceptance medians.,manual review before promoting to canonical admissions_stats
256,University of North Carolina at Chapel Hill School of Medicine,,matchguy;prospectivedoctor;shemmassian,3,major_conflict,3.78;3.79;3.79,3.78 - 3.79,0.01,515;512;514,512 - 515,3,Published source rows are school averages; CycleTrack rows are crowdsourced acceptance medians.,manual review before promoting to canonical admissions_stats
266,University of Rochester School of Medicine and Dentistry,md_university_of_rochester_school_of_medicine_and_dentistry_rochester_new_york,matchguy;prospectivedoctor;shemmassian,3,major_conflict,3.84;3.6;3.43,3.43 - 3.84,0.41,518;517;517,517 - 518,1,Published source rows are school averages; CycleTrack rows are crowdsourced acceptance medians.,manual review before promoting to canonical admissions_stats
268,University of South Alabama College of Medicine,,matchguy;prospectivedoctor;shemmassian,3,major_conflict,3.91;3.85;3.85;3.79;3,3 - 3.91,0.91,511;511;508;511,508 - 511,3,Published source rows are school averages; CycleTrack rows are crowdsourced acceptance medians.,manual review before promoting to canonical admissions_stats
269,University of South Carolina School of Medicine - Columbia,,matchguy;prospectivedoctor;shemmassian,3,minor_conflict,3.83;3.81;3.77;3.75;3.77,3.75 - 3.83,0.08,510;509;508;509;508;509,508 - 510,2,Published source rows are school averages; CycleTrack rows are crowdsourced acceptance medians.,manual review before promoting to canonical admissions_stats
270,University of South Dakota Sanford School of Medicine,md_university_of_south_dakota_sanford_school_of_medicine_vermillion_south_dakota,prospectivedoctor;shemmassian,2,minor_conflict,3.87;3.79,3.79 - 3.87,0.08,509;508.3,508.3 - 509,0.7,Published source rows are school averages; CycleTrack rows are crowdsourced acceptance medians.,manual review before promoting to canonical admissions_stats
271,University of South Florida Health Morsani College of Medicine,,prospectivedoctor;shemmassian,2,major_conflict,3.78;3.96,3.78 - 3.96,0.18,517;520,517 - 520,3,Published source rows are school averages; CycleTrack rows are crowdsourced acceptance medians.,manual review before promoting to canonical admissions_stats
281,University of Texas Medical Branch School of Medicine,,matchguy;prospectivedoctor;shemmassian,3,major_conflict,3.88;3.78;3.8,3.78 - 3.88,0.1,511;512;511,511 - 512,1,Published source rows are school averages; CycleTrack rows are crowdsourced acceptance medians.,manual review before promoting to canonical admissions_stats
282,University of Texas Rio Grande Valley School of Medicine,md_university_of_texas_rio_grande_valley_school_of_medicine_edinburg_texas,prospectivedoctor;shemmassian,2,major_conflict,3.72;3.85,3.72 - 3.85,0.13,510;509,509 - 510,1,Published source rows are school averages; CycleTrack rows are crowdsourced acceptance medians.,manual review before promoting to canonical admissions_stats
283,University of Texas School of Medicine at San Antonio,,prospectivedoctor;shemmassian,2,minor_conflict,3.88;3.9,3.88 - 3.9,0.02,517;518.6,517 - 518.6,1.6,Published source rows are school averages; CycleTrack rows are crowdsourced acceptance medians.,manual review before promoting to canonical admissions_stats
284,University of Texas Southwestern Medical School,md_university_of_texas_southwestern_medical_school_dallas_texas,matchguy;prospectivedoctor;shemmassian,3,minor_conflict,3.9;3.96;3.89,3.89 - 3.96,0.07,518;517;516,516 - 518,2,Published source rows are school averages; CycleTrack rows are crowdsourced acceptance medians.,manual review before promoting to canonical admissions_stats
285,University of Texas at Austin Dell Medical School,md_dell_medical_school_university_of_texas_at_austin_austin_texas,prospectivedoctor;shemmassian,2,minor_conflict,3.92;3.93,3.92 - 3.93,0.01,515;517,515 - 517,2,Published source rows are school averages; CycleTrack rows are crowdsourced acceptance medians.,manual review before promoting to canonical admissions_stats
292,University of Wisconsin School of Medicine and Public Health,md_university_of_wisconsin_school_of_medicine_and_public_health_madison_wisconsin,matchguy;prospectivedoctor;shemmassian,3,minor_conflict,3.8;3.78;3.78,3.78 - 3.8,0.02,513;511;511,511 - 513,2,Published source rows are school averages; CycleTrack rows are crowdsourced acceptance medians.,manual review before promoting to canonical admissions_stats
297,Virginia Commonwealth University School of Medicine,md_virginia_commonwealth_university_school_of_medicine_richmond_virginia,matchguy;prospectivedoctor;shemmassian,3,major_conflict,3.82;3.93;3.7;3.85;3.85;3.79,3.7 - 3.93,0.23,513;520;512;518;518;512,512 - 520,8,Published source rows are school averages; CycleTrack rows are crowdsourced acceptance medians.,manual review before promoting to canonical admissions_stats
301,Wake Forest School of Medicine,,prospectivedoctor;shemmassian,2,minor_conflict,3.76;3.83,3.76 - 3.83,0.07,513;511,511 - 513,2,Published source rows are school averages; CycleTrack rows are crowdsourced acceptance medians.,manual review before promoting to canonical admissions_stats
309,West Virginia School of Osteopathic Medicine,do_wvsom_west_virginia_school_of_osteopathic_medicine_lewisburg_west_virginia,cycletrack_acceptance_median;shemmassian,2,major_conflict,3.53;3.73,3.53 - 3.73,0.2,502;507,502 - 507,5,Published source rows are school averages; CycleTrack rows are crowdsourced acceptance medians.,manual review before promoting to canonical admissions_stats
316,Yale School of Medicine,md_yale_school_of_medicine_new_haven_connecticut,cycletrack_acceptance_median;matchguy;prospectivedoctor;shemmassian,4,minor_conflict,3.93;3.94;3.94;3.93;3.95,3.93 - 3.95,0.02,521;521;521;521;523,521 - 523,2,Published source rows are school averages; CycleTrack rows are crowdsourced acceptance medians.,manual review before promoting to canonical admissions_stats
