source_table,source_row_number,source_school_name,source_state,school_id,school_name,match_score,second_match_score,review_reason,recommended_action,notes
aamc_msar_tuition_school_master_patch_candidates.csv,80,Methodist University Cape Fear Valley Health School of Medicine,NC,md_methodist_university_cape_fear_valley_health_school_of_medicine_fayetteville_nor,Methodist University Cape Fear Valley Health School of Medicine,1,0.229,all_zero_cost_row,review source row and add source_match_override if safe,all reported cost fields are zero; all reported cost fields are zero
aamc_msar_tuition_school_master_patch_candidates.csv,63,Uniformed Services University of the Health Sciences F. Edward Hebert School of Medicine,MD,md_uniformed_services_university_of_the_health_sciences_f_edward_h_bert_school_of_m,"Uniformed Services University of the Health Sciences, F. Edward Hébert School of Medicine",1,0.197,all_zero_cost_row,review source row and add source_match_override if safe,all reported cost fields are zero; all reported cost fields are zero
aamc_msar_tuition_school_master_patch_candidates.csv,40,University of Georgia School of Medicine,GA,md_university_of_georgia_school_of_medicine_athens_georgia,University of Georgia School of Medicine,1,0.727,all_zero_cost_row,review source row and add source_match_override if safe,all reported cost fields are zero; all reported cost fields are zero
aamc_msar_tuition_school_master_patch_candidates.csv,143,Texas Tech University Health Sciences Center Paul L. Foster School of Medicine,TX,md_paul_l_foster_school_of_medicine_texas_tech_university_health_sciences_center_at,Paul L. Foster School of Medicine Texas Tech University Health Sciences Center at El Paso,0.91,0.9,ambiguous_high_confidence_cost_match,review source row and add source_match_override if safe,ambiguous high-confidence match
aamc_msar_tuition_school_master_patch_candidates.csv,6,University of Arizona College of Medicine,AZ,md_university_of_arizona_college_of_medicine_tucson_tucson_arizona,University of Arizona College of Medicine - Tucson,0.94,0.94,ambiguous_high_confidence_cost_match,review source row and add source_match_override if safe,ambiguous high-confidence match
school_master.csv,,,MO,do_atsu_kcom_a_t_still_university_kirksville_college_of_osteopathic_medicine_kirksv,A.T. Still University – Kirksville College of Osteopathic Medicine,,,do_missing_safe_cost_row,find or confirm cost source,No canonical AAMC cost row is currently safe for this active school.
school_master.csv,,,AZ,do_atsu_soma_a_t_still_university_school_of_osteopathic_medicine_in_arizona_mesa_ar,"A.T. Still University, School of Osteopathic Medicine in Arizona",,,do_missing_safe_cost_row,find or confirm cost source,No canonical AAMC cost row is currently safe for this active school.
school_master.csv,,,AL,do_acom_alabama_college_of_osteopathic_medicine_dothan_alabama,Alabama College of Osteopathic Medicine,,,do_missing_safe_cost_row,find or confirm cost source,No canonical AAMC cost row is currently safe for this active school.
school_master.csv,,,AR,do_arcom_arkansas_college_of_osteopathic_medicine_fort_smith_arkansas,Arkansas College of Osteopathic Medicine,,,do_missing_safe_cost_row,find or confirm cost source,No canonical AAMC cost row is currently safe for this active school.
school_master.csv,,,TN,do_bucom_baptist_health_sciences_university_college_of_osteopathic_medicine_memphis,Baptist Health Sciences University College of Osteopathic Medicine,,,do_missing_safe_cost_row,find or confirm cost source,No canonical AAMC cost row is currently safe for this active school.
school_master.csv,,,NM,do_bcsom_burrell_college_school_of_osteopathic_medicine_las_cruces_new_mexico,Burrell College School of Osteopathic Medicine,,,do_missing_safe_cost_row,find or confirm cost source,No canonical AAMC cost row is currently safe for this active school.
school_master.csv,,,FL,do_bcsom_fl_burrell_college_school_of_osteopathic_medicine_florida_melbourne_florid,"Burrell College School of Osteopathic Medicine, Florida",,,do_missing_safe_cost_row,find or confirm cost source,No canonical AAMC cost row is currently safe for this active school.
school_master.csv,,,CA,do_chsu_com_california_health_sciences_university_college_of_osteopathic_medicine_c,California Health Sciences University College of Osteopathic Medicine,,,do_missing_safe_cost_row,find or confirm cost source,No canonical AAMC cost row is currently safe for this active school.
school_master.csv,,,NC,do_cusom_campbell_university_jerry_m_wallace_school_of_osteopathic_medicine_buies_c,Campbell University Jerry M. Wallace School of Osteopathic Medicine,,,do_missing_safe_cost_row,find or confirm cost source,No canonical AAMC cost row is currently safe for this active school.
school_master.csv,,,IA,do_dmu_com_des_moines_university_college_of_osteopathic_medicine_west_des_moines_io,Des Moines University College of Osteopathic Medicine,,,do_missing_safe_cost_row,find or confirm cost source,No canonical AAMC cost row is currently safe for this active school.
school_master.csv,,,PA,do_duqcom_duquesne_university_nasuti_college_of_osteopathic_medicine_pittsburgh_pen,Duquesne University Nasuti College of Osteopathic Medicine,,,do_missing_safe_cost_row,find or confirm cost source,No canonical AAMC cost row is currently safe for this active school.
school_master.csv,,,NY,do_dyu_com_d_youville_university_college_of_osteopathic_medicine_buffalo_new_york,D’Youville University College of Osteopathic Medicine,,,do_missing_safe_cost_row,find or confirm cost source,No canonical AAMC cost row is currently safe for this active school.
school_master.csv,,,AL,do_vcom_auburn_campus_edward_via_college_of_osteopathic_medicine_auburn_alabama,Edward Via College of Osteopathic Medicine,,,do_missing_safe_cost_row,find or confirm cost source,No canonical AAMC cost row is currently safe for this active school.
school_master.csv,,,SC,do_vcom_carolinas_edward_via_college_of_osteopathic_medicine_spartanburg_south_caro,Edward Via College of Osteopathic Medicine,,,do_missing_safe_cost_row,find or confirm cost source,No canonical AAMC cost row is currently safe for this active school.
school_master.csv,,,VA,do_vcom_virginia_edward_via_college_of_osteopathic_medicine_blacksburg_virginia,Edward Via College of Osteopathic Medicine,,,do_missing_safe_cost_row,find or confirm cost source,No canonical AAMC cost row is currently safe for this active school.
school_master.csv,,,LA,do_vcom_louisiana_edward_via_college_of_osteopathic_medicine_louisiana_campus_monro,Edward Via College of Osteopathic Medicine-Louisiana Campus,,,do_missing_safe_cost_row,find or confirm cost source,No canonical AAMC cost row is currently safe for this active school.
school_master.csv,,,ID,do_icom_idaho_college_of_osteopathic_medicine_meridian_idaho,Idaho College of Osteopathic Medicine,,,do_missing_safe_cost_row,find or confirm cost source,No canonical AAMC cost row is currently safe for this active school.
school_master.csv,,,IL,do_illinoiscom_illinois_college_of_osteopathic_medicine_chicago_illinois,Illinois College of Osteopathic Medicine,,,do_missing_safe_cost_row,find or confirm cost source,No canonical AAMC cost row is currently safe for this active school.
school_master.csv,,,PA,do_iupcom_indiana_university_of_pennsylvania_college_of_osteopathic_medicine_indian,Indiana University of Pennsylvania College of Osteopathic Medicine,,,do_missing_safe_cost_row,find or confirm cost source,No canonical AAMC cost row is currently safe for this active school.
school_master.csv,,,MO,do_kcu_com_joplin_kansas_city_university_of_medicine_and_biosciences_college_of_ost,Kansas City University of Medicine and Biosciences College of Osteopathic Medicine,,,do_missing_safe_cost_row,find or confirm cost source,No canonical AAMC cost row is currently safe for this active school.
school_master.csv,,,MO,do_kcu_com_kansas_city_university_of_medicine_and_biosciences_college_of_osteopathi,Kansas City University of Medicine and Biosciences College of Osteopathic Medicine,,,do_missing_safe_cost_row,find or confirm cost source,No canonical AAMC cost row is currently safe for this active school.
school_master.csv,,,KS,do_kansascom_kansas_health_sciences_center_kansas_college_of_osteopathic_medicine_w,Kansas Health Sciences Center Kansas College of Osteopathic Medicine,,,do_missing_safe_cost_row,find or confirm cost source,No canonical AAMC cost row is currently safe for this active school.
school_master.csv,,,FL,do_lecom_bradenton_lake_erie_college_of_osteopathic_medicine_bradenton_bradenton_fl,Lake Erie College of Osteopathic Medicine – Bradenton,,,do_missing_safe_cost_row,find or confirm cost source,No canonical AAMC cost row is currently safe for this active school.
school_master.csv,,,NY,do_lecom_elmira_lake_erie_college_of_osteopathic_medicine_elmira_elmira_new_york,Lake Erie College of Osteopathic Medicine – Elmira,,,do_missing_safe_cost_row,find or confirm cost source,No canonical AAMC cost row is currently safe for this active school.
school_master.csv,,,PA,do_lecom_lake_erie_college_of_osteopathic_medicine_erie_erie_pennsylvania,Lake Erie College of Osteopathic Medicine – Erie,,,do_missing_safe_cost_row,find or confirm cost source,No canonical AAMC cost row is currently safe for this active school.
school_master.csv,,,FL,do_lecom_jacksonville_lake_erie_college_of_osteopathic_medicine_jacksonville_jackso,Lake Erie College of Osteopathic Medicine – Jacksonville,,,do_missing_safe_cost_row,find or confirm cost source,No canonical AAMC cost row is currently safe for this active school.
school_master.csv,,,PA,do_lecom_seton_hill_lake_erie_college_of_osteopathic_medicine_seton_hill_greensburg,Lake Erie College of Osteopathic Medicine – Seton Hill,,,do_missing_safe_cost_row,find or confirm cost source,No canonical AAMC cost row is currently safe for this active school.
school_master.csv,,,VA,do_lucom_liberty_university_college_of_osteopathic_medicine_lynchburg_virginia,Liberty University College of Osteopathic Medicine,,,do_missing_safe_cost_row,find or confirm cost source,No canonical AAMC cost row is currently safe for this active school.
school_master.csv,,,TN,do_lmu_dcom_lincoln_memorial_university_debusk_college_of_osteopathic_medicine_harr,Lincoln Memorial University-DeBusk College of Osteopathic Medicine,,,do_missing_safe_cost_row,find or confirm cost source,No canonical AAMC cost row is currently safe for this active school.
school_master.csv,,,TN,do_lmu_dcom_knoxville_lincoln_memorial_university_debusk_college_of_osteopathic_med,Lincoln Memorial University-DeBusk College of Osteopathic Medicine – Knoxville,,,do_missing_safe_cost_row,find or confirm cost source,No canonical AAMC cost row is currently safe for this active school.
school_master.csv,,,FL,do_lmu_dcom_orange_park_lincoln_memorial_university_debusk_college_of_osteopathic_m,Lincoln Memorial University-DeBusk College of Osteopathic Medicine – Orange Park,,,do_missing_safe_cost_row,find or confirm cost source,No canonical AAMC cost row is currently safe for this active school.
school_master.csv,,,IN,do_mu_wcom_marian_university_tom_and_julie_wood_college_of_osteopathic_medicine_ind,Marian University Tom and Julie Wood College of Osteopathic Medicine,,,do_missing_safe_cost_row,find or confirm cost source,No canonical AAMC cost row is currently safe for this active school.
school_master.csv,,,MD,do_msom_meritus_school_of_osteopathic_medicine_hagerstown_maryland,Meritus School of Osteopathic Medicine,,,do_missing_safe_cost_row,find or confirm cost source,No canonical AAMC cost row is currently safe for this active school.
school_master.csv,,,MI,do_msucom_dmc_michigan_state_university_college_of_osteopathic_medicine_detroit_mic,Michigan State University College of Osteopathic Medicine,,,do_missing_safe_cost_row,find or confirm cost source,No canonical AAMC cost row is currently safe for this active school.
school_master.csv,,,MI,do_msucom_michigan_state_university_college_of_osteopathic_medicine_east_lansing_mi,Michigan State University College of Osteopathic Medicine,,,do_missing_safe_cost_row,find or confirm cost source,No canonical AAMC cost row is currently safe for this active school.
school_master.csv,,,MI,do_msucom_muc_michigan_state_university_college_of_osteopathic_medicine_macomb_mich,Michigan State University College of Osteopathic Medicine,,,do_missing_safe_cost_row,find or confirm cost source,No canonical AAMC cost row is currently safe for this active school.
school_master.csv,,,AZ,do_mwu_azcom_midwestern_university_arizona_college_of_osteopathic_medicine_glendale,Midwestern University Arizona College of Osteopathic Medicine,,,do_missing_safe_cost_row,find or confirm cost source,No canonical AAMC cost row is currently safe for this active school.
school_master.csv,,,IL,do_mwu_ccom_midwestern_university_chicago_college_of_osteopathic_medicine_downers_g,Midwestern University Chicago College of Osteopathic Medicine,,,do_missing_safe_cost_row,find or confirm cost source,No canonical AAMC cost row is currently safe for this active school.
school_master.csv,,,NY,do_nyitcom_new_york_institute_of_technology_college_of_osteopathic_medicine_old_wes,New York Institute of Technology College of Osteopathic Medicine,,,do_missing_safe_cost_row,find or confirm cost source,No canonical AAMC cost row is currently safe for this active school.
school_master.csv,,,AR,do_nyitcom_jonesboro_new_york_institute_of_technology_college_of_osteopathic_medici,New York Institute of Technology College of Osteopathic Medicine at Arkansas State,,,do_missing_safe_cost_row,find or confirm cost source,No canonical AAMC cost row is currently safe for this active school.
school_master.csv,,,UT,do_noordacom_noorda_college_of_osteopathic_medicine_provo_utah,Noorda College of Osteopathic Medicine,,,do_missing_safe_cost_row,find or confirm cost source,No canonical AAMC cost row is currently safe for this active school.
school_master.csv,,,FL,do_nsu_kpcom_clearwater_nova_southeastern_university_dr_kiran_c_patel_college_of_os,Nova Southeastern University – Dr. Kiran C. Patel College of Osteopathic Medicine,,,do_missing_safe_cost_row,find or confirm cost source,No canonical AAMC cost row is currently safe for this active school.
school_master.csv,,,FL,do_nsu_kpcom_nova_southeastern_university_dr_kiran_c_patel_college_of_osteopathic_m,Nova Southeastern University – Dr. Kiran C. Patel College of Osteopathic Medicine,,,do_missing_safe_cost_row,find or confirm cost source,No canonical AAMC cost row is currently safe for this active school.
school_master.csv,,,OH,do_ou_hcom_ohio_university_heritage_college_of_osteopathic_medicine_athens_ohio,Ohio University Heritage College of Osteopathic Medicine,,,do_missing_safe_cost_row,find or confirm cost source,No canonical AAMC cost row is currently safe for this active school.
school_master.csv,,,OH,do_ou_hcom_cleveland_ohio_university_heritage_college_of_osteopathic_medicine_cleve,Ohio University Heritage College of Osteopathic Medicine,,,do_missing_safe_cost_row,find or confirm cost source,No canonical AAMC cost row is currently safe for this active school.
school_master.csv,,,OH,do_ou_hcom_dublin_ohio_university_heritage_college_of_osteopathic_medicine_dublin_d,Ohio University Heritage College of Osteopathic Medicine – Dublin,,,do_missing_safe_cost_row,find or confirm cost source,No canonical AAMC cost row is currently safe for this active school.
school_master.csv,,,OK,do_osu_com_oklahoma_state_university_center_for_health_sciences_college_of_osteopat,Oklahoma State University Center for Health Sciences College of Osteopathic Medicine,,,do_missing_safe_cost_row,find or confirm cost source,No canonical AAMC cost row is currently safe for this active school.
school_master.csv,,,OK,do_osu_com_tahlequah_oklahoma_state_university_center_for_health_sciences_college_o,Oklahoma State University Center for Health Sciences College of Osteopathic Medicine Tahlequah,,,do_missing_safe_cost_row,find or confirm cost source,No canonical AAMC cost row is currently safe for this active school.
school_master.csv,,,FL,do_ocom_orlando_college_of_osteopathic_medicine_celebration_florida,Orlando College of Osteopathic Medicine,,,do_missing_safe_cost_row,find or confirm cost source,No canonical AAMC cost row is currently safe for this active school.
school_master.csv,,,WA,do_pnwu_com_pacific_northwest_university_of_health_sciences_college_of_osteopathic_,Pacific Northwest University of Health Sciences College of Osteopathic Medicine,,,do_missing_safe_cost_row,find or confirm cost source,No canonical AAMC cost row is currently safe for this active school.
school_master.csv,,,PA,do_pcom_philadelphia_college_of_osteopathic_medicine_philadelphia_pennsylvania,Philadelphia College of Osteopathic Medicine,,,do_missing_safe_cost_row,find or confirm cost source,No canonical AAMC cost row is currently safe for this active school.
school_master.csv,,,GA,do_pcom_georgia_philadelphia_college_of_osteopathic_medicine_georgia_suwanee_georgi,Philadelphia College of Osteopathic Medicine Georgia,,,do_missing_safe_cost_row,find or confirm cost source,No canonical AAMC cost row is currently safe for this active school.
school_master.csv,,,GA,do_pcom_south_georgia_philadelphia_college_of_osteopathic_medicine_south_georgia_mo,Philadelphia College of Osteopathic Medicine South Georgia,,,do_missing_safe_cost_row,find or confirm cost source,No canonical AAMC cost row is currently safe for this active school.
school_master.csv,,,CO,do_rvucom_rocky_vista_university_college_of_osteopathic_medicine_parker_colorado,Rocky Vista University College of Osteopathic Medicine,,,do_missing_safe_cost_row,find or confirm cost source,No canonical AAMC cost row is currently safe for this active school.
school_master.csv,,,UT,do_rvucom_su_campus_rocky_vista_university_college_of_osteopathic_medicine_ivins_ut,Rocky Vista University College of Osteopathic Medicine,,,do_missing_safe_cost_row,find or confirm cost source,No canonical AAMC cost row is currently safe for this active school.
school_master.csv,,,MT,do_rvu_mcom_rocky_vista_university_montana_college_of_osteopathic_medicine_billings,Rocky Vista University – Montana College of Osteopathic Medicine,,,do_missing_safe_cost_row,find or confirm cost source,No canonical AAMC cost row is currently safe for this active school.
school_master.csv,,,NJ,do_rowan_virtuasom_sewell_rowan_virtua_school_of_osteopathic_medicine_sewell_new_je,Rowan-Virtua School of Osteopathic Medicine,,,do_missing_safe_cost_row,find or confirm cost source,No canonical AAMC cost row is currently safe for this active school.
school_master.csv,,,NJ,do_rowan_virtuasom_rowan_virtua_school_of_osteopathic_medicine_stratford_new_jersey,Rowan-Virtua School of Osteopathic Medicine,,,do_missing_safe_cost_row,find or confirm cost source,No canonical AAMC cost row is currently safe for this active school.
school_master.csv,,,TX,do_shsu_com_sam_houston_state_university_college_of_osteopathic_medicine_huntsville,Sam Houston State University College of Osteopathic Medicine,,,do_missing_safe_cost_row,find or confirm cost source,No canonical AAMC cost row is currently safe for this active school.
school_master.csv,,,AZ,do_tvcom_the_valley_college_of_osteopathic_medicine_phoenix_arizona,The Valley College of Osteopathic Medicine,,,do_missing_safe_cost_row,find or confirm cost source,No canonical AAMC cost row is currently safe for this active school.
school_master.csv,,,NY,do_tourocom_middletown_touro_college_of_osteopathic_medicine_middletown_new_york,Touro College of Osteopathic Medicine,,,do_missing_safe_cost_row,find or confirm cost source,No canonical AAMC cost row is currently safe for this active school.
school_master.csv,,,NY,do_tourocom_harlem_touro_college_of_osteopathic_medicine_new_york_new_york,Touro College of Osteopathic Medicine,,,do_missing_safe_cost_row,find or confirm cost source,No canonical AAMC cost row is currently safe for this active school.
school_master.csv,,,MT,do_tourocom_great_falls_touro_college_of_osteopathic_medicine_great_falls_great_fal,Touro College of Osteopathic Medicine – Great Falls,,,do_missing_safe_cost_row,find or confirm cost source,No canonical AAMC cost row is currently safe for this active school.
school_master.csv,,,CA,do_tucom_touro_university_college_of_osteopathic_medicine_california_vallejo_califo,Touro University College of Osteopathic Medicine-California,,,do_missing_safe_cost_row,find or confirm cost source,No canonical AAMC cost row is currently safe for this active school.
school_master.csv,,,NV,do_tuncom_touro_university_nevada_college_of_osteopathic_medicine_henderson_nevada,Touro University Nevada College of Osteopathic Medicine,,,do_missing_safe_cost_row,find or confirm cost source,No canonical AAMC cost row is currently safe for this active school.
school_master.csv,,,ME,do_unecom_university_of_new_england_college_of_osteopathic_medicine_biddeford_maine,University of New England College of Osteopathic Medicine,,,do_missing_safe_cost_row,find or confirm cost source,No canonical AAMC cost row is currently safe for this active school.
school_master.csv,,,TX,do_unthsc_tcom_university_of_north_texas_health_science_center_texas_college_of_ost,University of North Texas Health Science Center Texas College of Osteopathic Medicine,,,do_missing_safe_cost_row,find or confirm cost source,No canonical AAMC cost row is currently safe for this active school.
school_master.csv,,,CO,do_unc_com_university_of_northern_colorado_college_of_osteopathic_medicine_greely_c,University of Northern Colorado College of Osteopathic Medicine,,,do_missing_safe_cost_row,find or confirm cost source,No canonical AAMC cost row is currently safe for this active school.
school_master.csv,,,KY,do_up_kycom_university_of_pikeville_kentucky_college_of_osteopathic_medicine_pikevi,University of Pikeville Kentucky College of Osteopathic Medicine,,,do_missing_safe_cost_row,find or confirm cost source,No canonical AAMC cost row is currently safe for this active school.
school_master.csv,,,TX,do_uiwsom_university_of_the_incarnate_word_school_of_osteopathic_medicine_san_anton,University of the Incarnate Word School of Osteopathic Medicine,,,do_missing_safe_cost_row,find or confirm cost source,No canonical AAMC cost row is currently safe for this active school.
school_master.csv,,,WV,do_wvsom_west_virginia_school_of_osteopathic_medicine_lewisburg_west_virginia,West Virginia School of Osteopathic Medicine,,,do_missing_safe_cost_row,find or confirm cost source,No canonical AAMC cost row is currently safe for this active school.
school_master.csv,,,CA,do_westernu_comp_western_university_of_health_sciences_college_of_osteopathic_medic,Western University of Health Sciences College of Osteopathic Medicine of the Pacific,,,do_missing_safe_cost_row,find or confirm cost source,No canonical AAMC cost row is currently safe for this active school.
school_master.csv,,,OR,do_westernu_comp_northwest_western_university_of_health_sciences_college_of_osteopa,Western University of Health Sciences College of Osteopathic Medicine of the Pacific-Northwest,,,do_missing_safe_cost_row,find or confirm cost source,No canonical AAMC cost row is currently safe for this active school.
school_master.csv,,,MS,do_wcucom_william_carey_university_college_of_osteopathic_medicine_hattiesburg_miss,William Carey University College of Osteopathic Medicine,,,do_missing_safe_cost_row,find or confirm cost source,No canonical AAMC cost row is currently safe for this active school.
aamc_msar_tuition_school_master_join_candidates.csv,125,Ponce Health Sciences University School of Medicine,PR,,,0,,join_row_not_safe_for_patch,review if school should enter canonical cost table,no master row with matching state_abbrev
aamc_msar_tuition_school_master_join_candidates.csv,126,San Juan Bautista School of Medicine,PR,,,0,,join_row_not_safe_for_patch,review if school should enter canonical cost table,no master row with matching state_abbrev
aamc_msar_tuition_school_master_join_candidates.csv,127,Universidad Central del Caribe School of Medicine,PR,,,0,,join_row_not_safe_for_patch,review if school should enter canonical cost table,no master row with matching state_abbrev
aamc_msar_tuition_school_master_join_candidates.csv,128,University of Puerto Rico School of Medicine,PR,,,0,,join_row_not_safe_for_patch,review if school should enter canonical cost table,no master row with matching state_abbrev
aamc_msar_tuition_school_master_join_candidates.csv,164,University of British Columbia Faculty of Medicine,BC,,,0,,join_row_not_safe_for_patch,review if school should enter canonical cost table,in-state total cost of attendance is zero but tuition and fees is populated; out-of-state total cost of attendance is zero but tuition and fees is populated; Canadian/province row; no U.S. master row expected
aamc_msar_tuition_school_master_join_candidates.csv,165,"Max Rady College of Medicine, Rady Faculty of Health Sciences, University of Manitoba",MB,,,0,,join_row_not_safe_for_patch,review if school should enter canonical cost table,out-of-state reported cost fields are zero; in-state total cost of attendance is zero but tuition and fees is populated; Canadian/province row; no U.S. master row expected
aamc_msar_tuition_school_master_join_candidates.csv,166,Memorial University of Newfoundland Faculty of Medicine,NL,,,0,,join_row_not_safe_for_patch,review if school should enter canonical cost table,in-state total cost of attendance is zero but tuition and fees is populated; out-of-state total cost of attendance is zero but tuition and fees is populated; Canadian/province row; no U.S. master row expected
aamc_msar_tuition_school_master_join_candidates.csv,167,Dalhousie University Faculty of Medicine,NS,,,0,,join_row_not_safe_for_patch,review if school should enter canonical cost table,out-of-state reported cost fields are zero; in-state total cost of attendance is zero but tuition and fees is populated; Canadian/province row; no U.S. master row expected
aamc_msar_tuition_school_master_join_candidates.csv,168,McMaster University Michael G. DeGroote School of Medicine,ON,,,0,,join_row_not_safe_for_patch,review if school should enter canonical cost table,out-of-state reported cost fields are zero; in-state total cost of attendance is zero but tuition and fees is populated; Canadian/province row; no U.S. master row expected
aamc_msar_tuition_school_master_join_candidates.csv,169,Northern Ontario School of Medicine,ON,,,0,,join_row_not_safe_for_patch,review if school should enter canonical cost table,in-state total cost of attendance is zero but tuition and fees is populated; out-of-state total cost of attendance is zero but tuition and fees is populated; Canadian/province row; no U.S. master row expected
aamc_msar_tuition_school_master_join_candidates.csv,170,Queen's University Faculty of Health Sciences,ON,,,0,,join_row_not_safe_for_patch,review if school should enter canonical cost table,in-state total cost of attendance is zero but tuition and fees is populated; out-of-state total cost of attendance is zero but tuition and fees is populated; Canadian/province row; no U.S. master row expected
aamc_msar_tuition_school_master_join_candidates.csv,171,The University of Western Ontario - Schulich School of Medicine & Dentistry,ON,,,0,,join_row_not_safe_for_patch,review if school should enter canonical cost table,out-of-state reported cost fields are zero; in-state total cost of attendance is zero but tuition and fees is populated; Canadian/province row; no U.S. master row expected
aamc_msar_tuition_school_master_join_candidates.csv,172,Toronto Metropolitan University School of Medicine,ON,,,0,,join_row_not_safe_for_patch,review if school should enter canonical cost table,in-state total cost of attendance is zero but tuition and fees is populated; out-of-state total cost of attendance is zero but tuition and fees is populated; Canadian/province row; no U.S. master row expected
aamc_msar_tuition_school_master_join_candidates.csv,173,University of Ottawa Faculty of Medicine,ON,,,0,,join_row_not_safe_for_patch,review if school should enter canonical cost table,in-state total cost of attendance is zero but tuition and fees is populated; out-of-state total cost of attendance is zero but tuition and fees is populated; Canadian/province row; no U.S. master row expected
aamc_msar_tuition_school_master_join_candidates.csv,174,University of Toronto Temerty Faculty of Medicine,ON,,,0,,join_row_not_safe_for_patch,review if school should enter canonical cost table,in-state total cost of attendance is zero but tuition and fees is populated; out-of-state total cost of attendance is zero but tuition and fees is populated; Canadian/province row; no U.S. master row expected
aamc_msar_tuition_school_master_join_candidates.csv,175,Universite de Montreal Faculty of Medicine,QC,,,0,,join_row_not_safe_for_patch,review if school should enter canonical cost table,in-state total cost of attendance is zero but tuition and fees is populated; out-of-state total cost of attendance is zero but tuition and fees is populated; Canadian/province row; no U.S. master row expected
aamc_msar_tuition_school_master_join_candidates.csv,176,University of Saskatchewan College of Medicine,SK,,,0,,join_row_not_safe_for_patch,review if school should enter canonical cost table,out-of-state reported cost fields are zero; in-state total cost of attendance is zero but tuition and fees is populated; Canadian/province row; no U.S. master row expected
aamc_msar_tuition_school_master_join_candidates.csv,5,Arizona State University School of Medicine and Advanced Medical Engineering (SOMME),AZ,md_arizona_state_university_john_shufeldt_school_of_medicine_and_medical_engineerin,Arizona State University John Shufeldt School of Medicine and Medical Engineering,0.678,0.347,join_row_not_safe_for_patch,review if school should enter canonical cost table,all reported cost fields are zero; no reliable master match
aamc_msar_tuition_school_master_join_candidates.csv,81,University of North Carolina at Chapel Hill School of Medicine,NC,md_university_of_north_carolina_school_of_medicine_chapel_hill_north_carolina,University of North Carolina School of Medicine,0.87,0.315,join_row_not_safe_for_patch,review if school should enter canonical cost table,review before updating master
aamc_msar_tuition_school_master_join_candidates.csv,131,University of South Carolina School of Medicine Columbia,SC,md_university_of_south_carolina_kay_and_c_edward_floyd_m_d_school_of_medicine_colum,"University of South Carolina Kay and C. Edward Floyd, M.D. School of Medicine",0.87,0.86,join_row_not_safe_for_patch,review if school should enter canonical cost table,review before updating master
school_master.csv,,,AZ,md_arizona_state_university_john_shufeldt_school_of_medicine_and_medical_engineerin,Arizona State University John Shufeldt School of Medicine and Medical Engineering,,,md_missing_safe_cost_row,find or confirm cost source,No canonical AAMC cost row is currently safe for this active school.
school_master.csv,,,NC,md_methodist_university_cape_fear_valley_health_school_of_medicine_fayetteville_nor,Methodist University Cape Fear Valley Health School of Medicine,,,md_missing_safe_cost_row,find or confirm cost source,No canonical AAMC cost row is currently safe for this active school.
school_master.csv,,,TX,md_paul_l_foster_school_of_medicine_texas_tech_university_health_sciences_center_at,Paul L. Foster School of Medicine Texas Tech University Health Sciences Center at El Paso,,,md_missing_safe_cost_row,find or confirm cost source,No canonical AAMC cost row is currently safe for this active school.
school_master.csv,,,MD,md_uniformed_services_university_of_the_health_sciences_f_edward_h_bert_school_of_m,"Uniformed Services University of the Health Sciences, F. Edward Hébert School of Medicine",,,md_missing_safe_cost_row,find or confirm cost source,No canonical AAMC cost row is currently safe for this active school.
school_master.csv,,,AZ,md_university_of_arizona_college_of_medicine_tucson_tucson_arizona,University of Arizona College of Medicine - Tucson,,,md_missing_safe_cost_row,find or confirm cost source,No canonical AAMC cost row is currently safe for this active school.
school_master.csv,,,GA,md_university_of_georgia_school_of_medicine_athens_georgia,University of Georgia School of Medicine,,,md_missing_safe_cost_row,find or confirm cost source,No canonical AAMC cost row is currently safe for this active school.
school_master.csv,,,NC,md_university_of_north_carolina_school_of_medicine_chapel_hill_north_carolina,University of North Carolina School of Medicine,,,md_missing_safe_cost_row,find or confirm cost source,No canonical AAMC cost row is currently safe for this active school.
school_master.csv,,,SC,md_university_of_south_carolina_kay_and_c_edward_floyd_m_d_school_of_medicine_colum,"University of South Carolina Kay and C. Edward Floyd, M.D. School of Medicine",,,md_missing_safe_cost_row,find or confirm cost source,No canonical AAMC cost row is currently safe for this active school.
